avg_q_to_ctx_similarity,max_q_to_ctx_similarity,avg_gt_to_ctx_similarity,max_gt_to_ctx_similarity,retrieval_diversity,avg_bm25_score,max_bm25_score,ndcg@k,context_relevance,context_coverage,semantic_similarity,answer_question_relevance,rouge1_f,rouge2_f,rougeL_f,bert_score_precision,bert_score_recall,bert_score_f1,answer_length,length_ratio,key_term_coverage,faithfulness_score,min_sentence_support,unsupported_sentences,is_relevant,should_answer,correct_abstention,incorrect_abstention,hallucination,question,category,generated_answer
0.7331095933914185,0.7412716150283813,0.6946678360303243,0.7751432061195374,0.26020963986714685,0.21584774272954554,0.5453466913399649,0.9927746603835023,1.0,0.7751432061195374,0.7911868095397949,0.8511805534362793,0.1305057096247961,0.02618657937806874,0.06851549755301795,0.8634264469146729,0.7354611158370972,0.7943229675292969,50,0.08665511265164645,0.28,0.6408215363820394,0.5277060270309448,0,1,1,0,0,0,What causes Hypothyroidism ?,Endocrine/Metabolic,"Hypothyroidism occurs when the thyroid gland does not produce enough hormones. It can occur as a result of autoimmune disease such as Hashimoto's disease, or as a side effect of certain medications or conditions like cancer treatment. Other possible causes include infections and other medical conditions affecting the thyroid gland."
0.5722708503405253,0.5810369253158569,0.6110392610232035,0.6219738125801086,0.24409711360931396,0.6891230987408065,1.3148784397132152,0.9976389120456649,1.0,0.6219738125801086,0.7592131495475769,0.774810791015625,0.3171521035598705,0.06514657980456025,0.16181229773462785,0.8376466035842896,0.8437970876693726,0.8407105803489685,152,0.9620253164556962,0.4166666666666667,0.2731517155965169,-0.0897107943892479,9,1,1,0,0,0,what research (or clinical trials) is being done for Osteoporosis ?,Musculoskeletal,"There are several ongoing research projects focused on developing treatments for osteoporosis. Some examples include:

1. **Bone-Monitoring Devices**: Researchers are working on developing devices that can continuously monitor bone density and provide personalized feedback about bone health. For example, devices like the Bone-Scan Pro can be worn for days or weeks to measure bone mineral density.

2. **Gene Therapy**: Studies are exploring how gene therapy might be used to reverse bone loss caused by age-related osteoporosis. This could involve repairing damage to bone cells or stimulating the production of growth factors that encourage bone formation.

3. **Nutritional Supplements**: Clinical trials are testing various supplements, including vitamin D, estrogen, and bisphosphonates, which are commonly prescribed to manage osteoporosis. These studies aim to evaluate their efficacy in reducing fracture risk and improving bone density.

4. **Medication Trials**: Many clinical trials are evaluating novel medications designed specifically to slow bone loss, such as bisphosphonates and"
0.674395223458608,0.6874492764472961,0.6214632987976074,0.7139025926589966,0.31124611695607507,0.1751065171618418,0.21590066732299795,1.0,1.0,0.7139025926589966,0.7227303981781006,0.7018642425537109,0.19699042407660738,0.06858710562414266,0.12585499316005472,0.8227012157440186,0.7362504601478577,0.7770788073539734,142,0.2452504317789292,0.2127659574468085,0.3633722634986043,-0.012648641131818295,9,1,1,0,0,0,Who is at risk for Lung Cancer? ?,Respiratory,"Lung cancer can affect anyone regardless of their age, gender, race, or lifestyle choices. However, certain risk factors can increase one's likelihood of developing lung cancer. These risk factors include:

1. **Age**: The risk of lung cancer increases with age.
2. **Smoking**: Regular smoking is the leading cause of lung cancer worldwide. Quitting smoking early greatly reduces the risk of developing lung cancer.
3. **Cigarette Smoking**: Cigarettes contain several toxic chemicals that can cause lung damage and contribute to lung cancer.
4. **Exposure to secondhand smoke**: Exposure to secondhand smoke is another significant risk factor.
5. **Air pollution**: Air pollution, particularly fine particulate matter (PM2.5), can increase the risk of lung cancer.
6. **Workplace exposures**: Workers who come into contact with carcinogenic substances at their jobs, like asbestos, have a higher risk of lung cancer.
7. **Occupational hazards**: Certain occupations carry a"
0.6517297029495239,0.6596571207046509,0.522498776515325,0.5883201360702515,0.23387283086776733,0.3171687812459945,0.695276586057382,1.0,0.6666666666666666,0.5883201360702515,0.497391939163208,0.7953022122383118,0.2544529262086514,0.046035805626598474,0.1475826972010178,0.8243265151977539,0.8193134069442749,0.8218123316764832,146,0.6008230452674898,0.23529411764705882,0.4421609524637461,-0.05848304554820061,5,1,1,0,0,0,What is (are) Urinary Tract Infections in Children ?,Kidney/Renal,"Urinary tract infections in children, also known as uropathies, refer to infections that occur in the urinary system of infants or young children. These infections can vary in severity, ranging from mild to severe, depending on the age group and the specific organ affected. Commonly, these infections are caused by bacteria like Escherichia coli (E. coli), which is more common in younger children due to factors such as colonization and immune systems not yet fully developed.

The term ""uro"" refers to the urinary system, while ""pathy"" means inflammation or infection. Thus, urinary tract infections in children can be divided into two types:

1. **Bladder Uropathy**: This type of infection typically occurs in the bladder. It's most prevalent in infants and young children but can happen in adults too. Symptoms include pain during urination, increased frequency, and possibly blood in the urine.
   
2. **Urethritis** or **Urethral Inflammation**:"
0.6407216787338257,0.6527897119522095,0.571992039680481,0.6318053007125854,0.3052943150202433,0.39304871620824405,0.794438848882697,0.9740041879895779,1.0,0.6318053007125854,0.8225752115249634,0.7640066742897034,0.1877022653721683,0.05405405405405406,0.11218985976267531,0.8416305780410767,0.8146750926971436,0.8279334902763367,145,0.19003931847968544,0.38,0.1890670731663704,-0.17125141620635986,9,1,1,0,0,0,How to diagnose Pulmonary Embolism ?,Cardiovascular,"To diagnose Pulmonary Embolism (PE), healthcare providers typically conduct several tests including:

1. Medical history: The patient's previous health conditions, smoking habits, exposure to toxins or medications, as well as any recent travel, trauma, surgery, or other events that might have increased their risk of developing PE.

2. Physical examination: An assessment of vital signs such as heart rate, respiratory rate, blood pressure, and temperature, looking for signs of systemic infection, bleeding, or organ failure.

3. Imaging studies:
   - Chest X-ray: Useful for detecting chest wall thickening, consolidation, and pneumothorax.
   - CT scan of the chest: Provides detailed images of the lungs, heart, and vessels.
   - MRI of the chest: Can show the location of the embolus within the pulmonary artery or its branches.

4. Blood tests:
   - D-dimer test: Helps assess the extent of clotting in the bloodstream, indicating the presence of a clot"
0.7162305315335592,0.7377468943595886,0.5859917799631754,0.6219048500061035,0.1861055692036947,0.20286735289982363,0.2568213722776922,0.9972318698631423,1.0,0.6219048500061035,0.6210439205169678,0.7895047068595886,0.2543352601156069,0.04678362573099414,0.161849710982659,0.8439286947250366,0.8561767935752869,0.8500086665153503,104,1.5072463768115942,0.25,0.5227164228757223,0.24107787013053894,3,1,1,0,0,0,What is (are) Lung Cancer ?,Respiratory,"Lung cancer is a type of cancer that originates from lung tissue and can affect any part of the lung or its surrounding structures. It is characterized by abnormal cell proliferation and growth of uncontrolled cells within the lungs. These cells often divide rapidly without regulation, which leads to the formation of tumors and can invade nearby tissues. The disease is primarily caused by tobacco use, particularly smoking. Other factors contributing to lung cancer include exposure to certain chemicals, such as asbestos, and genetic mutations. Early detection through imaging studies and biopsy are crucial for successful treatment options, including surgery, radiation therapy, and chemotherapy."
0.7022306124369303,0.7125958204269409,0.4908953805764516,0.5416877269744873,0.25939273834228516,0.3814206314533079,0.8904488524696129,0.9841958038399513,0.6666666666666666,0.5416877269744873,0.4626173973083496,0.7370430827140808,0.2230769230769231,0.061696658097686374,0.12307692307692308,0.8288733959197998,0.8116430044174194,0.8201677203178406,148,0.23492063492063492,0.3673469387755102,0.3935567337003621,-0.04861443489789963,5,1,1,0,0,0,What is (are) Kidney Disease ?,Kidney/Renal,"Kidney disease refers to various conditions that affect the functioning of the kidneys, including both acute and chronic disorders. It encompasses various types of kidney damage, ranging from mild to severe, depending on the severity and duration of symptoms. Commonly identified categories under kidney disease include:

1. **Chronic Kidney Disease (CKD)** - A stage in kidney failure where the body no longer efficiently filters waste products out of the bloodstream. It progresses gradually over time without treatment.
2. **Diabetic Nephropathy** - A complication of diabetes that damages the kidney's glomerulus and leads to proteinuria, high blood pressure, and ultimately renal failure.
3. **Polycystic Kidney Disease** - An inherited disorder characterized by the presence of multiple cysts within the kidney's tissue, often leading to progressive kidney damage.
4. **Gross Nephropathy** - A term used to describe non-diagnostic kidney damage caused by substances outside the normal range of blood tests,"
0.43116021156311035,0.46056243777275085,0.47130414843559265,0.5162665843963623,0.4215328196684519,0.059871032798263585,0.07463941601059376,0.9964518805648267,0.3333333333333333,0.5162665843963623,0.7961816787719727,0.7898434996604919,0.4452054794520548,0.13103448275862067,0.22602739726027396,0.8726581335067749,0.8611747026443481,0.8668783903121948,130,0.8125,0.2647058823529412,0.44336897631486255,0.372121661901474,5,0,1,0,0,1,Is Breast Cancer inherited ?,Unrelated,"Yes, breast cancer is often hereditary. There are several genes associated with an increased risk of developing breast cancer, including BRCA1 and BRCA2, which are located on chromosomes 17p13 and 13q14 respectively. Additionally, some inherited syndromes, such as Lynch syndrome, are also known to increase the risk of breast cancer. If someone has a family history of breast cancer, they may be at a higher risk for developing it themselves. It's important to note that not all individuals with a family history of breast cancer will develop the disease. However, if you have a family member who has been diagnosed with breast cancer or if you have a family history of breast cancer, it's recommended to speak with a healthcare provider about the potential risks and how to manage them."
0.6704675356547037,0.6830704212188721,0.5897393524646759,0.7171934247016907,0.3251790006955465,0.39289892772922475,0.547409248573166,0.9300092957211252,0.6666666666666666,0.7171934247016907,0.7340648174285889,0.6544212698936462,0.30769230769230765,0.06666666666666667,0.17582417582417584,0.8505837917327881,0.7675771713256836,0.8069515228271484,78,0.7358490566037735,0.3611111111111111,0.6165182769298554,0.4627608358860016,1,1,1,0,0,0,What is (are) Gallstones ?,Gastrointestinal,"Gallstones are hard deposits formed by bile in the gallbladder. They can be caused by high levels of cholesterol in the bile or by certain medications that affect bile production. Symptoms of gallstones may include abdominal pain, nausea, vomiting, and yellowing of the skin and eyes due to jaundice. In severe cases, complications such as acute cholecystitis, which can lead to infection, or gallstone obstructive cholangiopathy can occur. Regular monitoring and prompt treatment for symptomatic gallstones is advised."
0.5291923681894938,0.5783278942108154,0.5653662383556366,0.7142074108123779,0.4919230043888092,0.33108400526929355,0.8162287715859537,1.0,0.6666666666666666,0.7142074108123779,0.9125775098800659,0.7679378390312195,0.41000000000000003,0.1212121212121212,0.23,0.8802565932273865,0.8828657269477844,0.8815591931343079,100,1.0309278350515463,0.42857142857142855,0.42795773843924206,0.3103744685649872,5,1,1,0,0,0,What is (are) Wilson Disease ?,Endocrine/Metabolic,"Wilson's disease is a genetic disorder characterized by accumulation of copper in various parts of the body. It can cause damage to multiple organs including the liver, heart, brain, kidneys, and spleen. The accumulation of copper leads to inflammation, scarring, and damage of these organs over time. This can result in serious complications such as liver failure, kidney failure, and mental illness. There are several subtypes of Wilson's disease, each with its own set of symptoms and severity levels. Treatment options include medication to remove excess copper from the body and lifestyle changes to manage symptoms and prevent further damage."
0.7397639552752177,0.7487887144088745,0.730807344118754,0.7606325149536133,0.19409865140914917,0.10026844858348782,0.12894669222311814,0.9956420056205361,1.0,0.7606325149536133,0.7714516520500183,0.8005093932151794,0.33215547703180215,0.11387900355871888,0.16961130742049468,0.7892006635665894,0.7835878729820251,0.7863842844963074,72,0.3444976076555024,0.3170731707317073,0.3368711853399873,0.010692398995161057,2,1,1,0,0,0,What causes Cystic Fibrosis ?,Respiratory,"Cystic fibrosis (CF) is caused by a change in the DNA sequence that controls the production of a protein called cystic fibrosis transmembrane conductance regulator (CFTR). This protein helps regulate the movement of water and salt across cell membranes. When the genetic mutation causes a defect in the CFTR protein, it leads to an accumulation of thick, sticky mucus in various organs, including the lungs, pancreas, and glands in the intestines. This堵塞了管道，使细胞受损，并导致呼吸困难、消化不良和多种其他健康问题。"
0.508602519830068,0.5171172618865967,0.5119132399559021,0.5224083065986633,0.24347078800201416,0.535788056079411,1.4824647140379665,0.9965120299745183,0.6666666666666666,0.5224083065986633,0.8127058744430542,0.73343825340271,0.3567251461988304,0.04117647058823529,0.14619883040935674,0.8336927890777588,0.8403967022895813,0.837031364440918,145,0.7474226804123711,0.5714285714285714,0.2643818047574975,-0.01132274977862835,9,1,1,0,0,0,what research (or clinical trials) is being done for Epilepsy ?,Neurological,"Research on epilepsy continues to progress, with several ongoing clinical trials aimed at developing new treatments or therapies for this complex neurological disorder. Here are some notable examples:

1. **Anti-epileptic drug (AED) Trials**: Many AEDs are currently being tested for their effectiveness and safety in clinical trials. For example, researchers are exploring new classes of AEDs such as phenytoin, oxcarbazepine, and lamotrigine.

2. **Genetic Therapy**: Researchers are investigating genetic factors that contribute to epilepsy. Genetic therapy aims to modify the patient's genome by introducing genetic material into cells or delivering drugs directly into the brain. Examples include gene therapy targeting specific genes responsible for epilepsy, such as those involved in neuronal development.

3. **Neuroprosthetics**: Neuroprosthetics involve implanting electrodes into the brain to stimulate areas related to sensory perception or motor control. While primarily used in animals, these devices hold promise for treating epilepsy in humans."
0.578066349029541,0.5972766876220703,0.4930386245250702,0.516264796257019,0.25144191582997644,0.5630607811906273,1.2619273582159123,0.9985195961267833,0.3333333333333333,0.516264796257019,0.7416103482246399,0.8198016881942749,0.1784548422198041,0.07197382769901853,0.10228509249183895,0.8569916486740112,0.8126425743103027,0.8342280983924866,118,0.1480552070263488,0.38,0.42281636893749236,0.24991245567798615,3,1,1,0,0,0,How to diagnose Urinary Tract Infections in Children ?,Kidney/Renal,"Diagnosing urinary tract infections (UTIs) in children is typically done through physical examination by a healthcare professional who may observe signs such as fever, pain during urination, and a red or white coloration to the urine. Additionally, blood tests, including urinalysis, which checks for abnormalities in urine cells and proteins, may be used to identify any infections. Ultrasound imaging might be used to check the structure of the kidneys and bladder, while CT scans or MRI scans can provide more detailed images of the internal structures involved. It's important to note that diagnostic methods may vary depending on the location and severity of the infection. Always consult with a pediatrician or urologist for accurate diagnosis and treatment guidance."
0.6758833527565002,0.7040523290634155,0.6132762630780538,0.6632152795791626,0.3401546676953634,0.629251933570814,1.4831389671072768,0.9794705070821417,1.0,0.6632152795791626,0.7872002124786377,0.7521069049835205,0.33248081841432225,0.14395886889460155,0.1585677749360614,0.8607100248336792,0.7238155007362366,0.7863492369651794,105,0.3710247349823322,0.6521739130434783,0.4260012741599764,0.14630994200706482,3,1,1,0,0,0,Who is at risk for Heart Attack? ?,Cardiovascular,"The risk factors for a heart attack include:

* Age, particularly being over 45 years old and being female.
* Smoking tobacco products or being exposed to second-hand smoke.
* High blood pressure, which can cause damage to the arteries leading to the heart.
* Previous history of heart attacks or other cardiovascular diseases in family members.
* Lack of regular physical activity, such as sedentary lifestyle.
* An unhealthy diet, containing excessive amounts of sugar, saturated fat, processed foods, trans fats, and sodium.
* Other genetic factors, including a family history of early heart attacks before age 55 for men and 65 for women."
0.6703715721766154,0.6878493428230286,0.4833242992560069,0.5202745199203491,0.1900609930356344,0.19247765204250977,0.5433266718082508,0.9968711669209123,0.3333333333333333,0.5202745199203491,0.5976604223251343,0.7479692697525024,0.2857142857142857,0.07272727272727272,0.21428571428571427,0.8495064377784729,0.8473562002182007,0.8484299778938293,62,1.24,0.10526315789473684,0.5591887931029002,0.2612106502056122,1,1,1,0,0,0,What is (are) Colorectal Cancer ?,Gastrointestinal,"Colorectal cancer refers to two different types of cancer that begin in the lining of the colon or rectum. Both are caused by changes in the DNA within the cells, leading to abnormal cell growth. Colon cancer starts in the lower half of the colon and is known as colorectal cancer, while rectal cancer starts in the upper half of the colon."
0.4684606194496155,0.4794050455093384,0.39508586128552753,0.45210617780685425,0.47022903958956397,0.05294892525367425,0.09475428023478592,0.9612061676450329,0.0,0.45210617780685425,0.8116922378540039,0.8273178935050964,0.4173913043478261,0.1415929203539823,0.2782608695652174,0.8632860779762268,0.9001743197441101,0.8813443779945374,67,1.425531914893617,0.3333333333333333,0.48493923991918564,0.4394391179084778,2,0,1,0,0,1,What causes Dry Eye ?,Unrelated,"The primary cause of dry eye syndrome is inflammation of the tear gland, called lacrimal腺炎Lacrimal腺炎. This inflammation results in a reduced production of tears, which leads to dryness and irritation. Other factors that can contribute to dry eye include environmental factors like extreme temperatures, air pollutants, and certain medications. Additionally, genetic predispositions to certain autoimmune diseases can also play a role in the development of dry eye."
0.7022306124369303,0.7125958204269409,0.5353290438652039,0.5589067339897156,0.25939273834228516,0.3814206314533079,0.8904488524696129,0.9946032775058079,1.0,0.5589067339897156,0.5660635232925415,0.65059494972229,0.32227488151658773,0.07655502392344497,0.16113744075829387,0.8018286228179932,0.8599902987480164,0.8298916220664978,134,1.6341463414634145,0.4090909090909091,0.43711043265648186,-0.025642743334174156,3,1,1,0,0,0,What is (are) Kidney Disease ?,Kidney/Renal,"Kidney disease refers to various conditions that affect the structure and function of the kidneys, leading to impaired kidney function. These conditions can be classified into two main categories based on their impact on kidney health:

1. **Chronic Kidney Disease** (CKD):
   - **Cause**: Can be due to underlying conditions such as high blood pressure, diabetes, glomerulonephritis, interstitial nephritis, polycystic kidney disease, or certain genetic disorders.
   - **Symptoms**: Fatigue, unexplained weight loss, swelling in the legs and feet, frequent urination, increased thirst, and poor eating habits.
   - **Progression**: The condition may worsen over time without treatment, potentially leading to end-stage kidney disease.

2. **Diabetic Nephropathy**:
   - **Causes**: Common in people with diabetes because it occurs when too much sugar builds up in the blood and damages the tiny filtering units in the kidneys.
   - **"
0.6272730032602946,0.6631361246109009,0.4368503491083781,0.48293888568878174,0.26744713385899865,0.06618752010506458,0.07314175594227629,0.9937778001811927,0.0,0.48293888568878174,0.5218854546546936,0.7493031024932861,0.08547008547008547,0.017391304347826084,0.06837606837606838,0.812139630317688,0.846856951713562,0.829135000705719,94,4.476190476190476,0.1111111111111111,0.6098435521125793,0.5466461181640625,0,1,1,0,0,0,What is (are) High Blood Cholesterol ?,Cardiovascular,"High blood cholesterol refers to a condition where there is an excessive amount of low-density lipoprotein (LDL) cholesterol in the bloodstream. High cholesterol can contribute to the development of coronary artery disease (CAD) by increasing the risk of plaque buildup in the arteries, narrowing them, and reducing their elasticity. This accumulation of plaque can eventually lead to atherosclerosis, which is a major risk factor for CAD. Additionally, elevated levels of cholesterol can contribute to the production of advanced glycation end products (AGEs), which can damage blood vessels and further exacerbate the risk of CAD."
0.6648062864939371,0.6768221855163574,0.6616828242937723,0.6847843527793884,0.3170943657557169,0.3925241049476753,0.9233511772685122,0.9994472289594732,1.0,0.6847843527793884,0.60835200548172,0.6790711879730225,0.26956521739130435,0.052631578947368425,0.14782608695652172,0.7953498363494873,0.8257465958595276,0.8102632761001587,146,1.6222222222222222,0.2608695652173913,0.29285093024373055,-0.11973460018634796,10,1,1,0,0,0,What are the symptoms of Kidney Disease ?,Kidney/Renal,"The symptoms of Chronic Kidney Disease (CKD) are nonspecific and can be caused by various diseases. The signs and symptoms typically include:

1. **Muscle Cramps**
    - These occur because the kidneys are responsible for regulating fluid levels, including sodium and potassium.
    - They can lead to muscle spasms and discomfort.

2. **Swelling of Feet and Ankles**
    - Fluid retention occurs when the kidneys cannot effectively remove water from the body properly.
    - This can lead to swelling in the lower extremities, particularly the ankles and feet.

3. **Dry, Itchy Skin**
    - As the kidneys become weaker, they lose the ability to filter out waste products, which can cause dry, itchy skin as well as an increased risk of infections.

4. **High Blood Pressure (Hypertension)**
    - Chronic kidney disease can lead to hypertension, making it harder to control through medications.
    - Hypertension is characterized by high blood"
0.5744175712267557,0.682339072227478,0.6353404919306437,0.7122763991355896,0.32860255241394043,0.28698827413287237,0.6815505504162664,0.9282714809085341,1.0,0.7122763991355896,0.5263564586639404,0.6739099621772766,0.21022727272727273,0.02857142857142857,0.11363636363636363,0.8468896150588989,0.7922345399856567,0.8186509013175964,89,0.31448763250883394,0.3170731707317073,0.4601985700428486,0.20988740026950836,2,1,1,0,0,0,What to do for Cirrhosis ?,Gastrointestinal,"To prevent cirrhosis, one should avoid drinking alcohol and follow a healthy diet that includes plenty of fruits and vegetables, whole grains, lean proteins, and avoiding fatty and fried foods. It's also important to maintain a healthy weight, as too much body fat can damage the liver. Additionally, consulting with a healthcare professional can help develop a personalized weight loss plan if needed. Regular health checks and screening for signs such as jaundice, ascites, bleeding, liver cancer, or brain changes can also help detect and manage potential complications early."
0.6292020479838053,0.6571210622787476,0.5640080571174622,0.6168831586837769,0.31799399852752686,0.19641657650636304,0.2540793095490517,0.9811976341554541,1.0,0.6168831586837769,0.6961681842803955,0.7727928757667542,0.10893707033315705,0.02646903123345686,0.06240084611316763,0.8242411613464355,0.8183940052986145,0.8213072419166565,142,0.08031674208144797,0.46,0.2697797754080966,-0.018069792538881302,14,1,1,0,0,0,What are the treatments for Kidney Disease ?,Kidney/Renal,"There are several treatments available for Kidney Disease:

1. Dialysis: A treatment that filters waste products from the body. It is used when the kidneys cannot function properly.

2. Kidney Transplantation: The replacement of one damaged kidney with a healthy donor organ. 

3. Medications: These include blood thinners, medications to manage high blood pressure, cholesterol-lowering drugs, diuretics, and angiotensin-converting enzyme inhibitors (ACE inhibitors).

4. Lifestyle Changes: Maintaining a healthy weight, avoiding smoking, regular exercise, and proper hydration help in managing kidney disease.

5. Diet Modification: Certain foods like low-protein diets, foods rich in potassium, and foods rich in phosphorus can affect kidney function. Consulting with a dietitian can help plan a suitable diet.

6. Blood Tests: Regular monitoring of blood tests helps doctors understand how well the kidneys are functioning.

7. Preventive Care: Smoking cessation, maintaining a healthy weight, controlling high blood"
0.7162305315335592,0.7377468943595886,0.7360905011494955,0.7587291598320007,0.1861055692036947,0.20286735289982363,0.2568213722776922,0.9918420889416383,1.0,0.7587291598320007,0.7428165674209595,0.7811652421951294,0.4347826086956522,0.17543859649122806,0.2782608695652174,0.8938074707984924,0.813075602054596,0.8515322804450989,67,0.3941176470588235,0.41304347826086957,0.362757807970047,0.12934920191764832,4,1,1,0,0,0,What is (are) Lung Cancer ?,Respiratory,"Lung cancer is a type of cancer that starts in the lining of the lungs. It can occur anywhere within the lungs or spread to nearby tissues. Common symptoms include coughing up blood, shortness of breath, and pain in the chest. Treatment options include surgery, radiation therapy, chemotherapy, and targeted therapy depending on the stage and type of cancer. Early detection and treatment can greatly improve outcomes."
0.31080018480618793,0.3427177369594574,0.15056830396254858,0.20233982801437378,0.6021414200464885,0.2246064173162161,0.28687328841140963,0.9176741209687989,0.0,0.20233982801437378,0.39001935720443726,0.7468460202217102,0.1796008869179601,0.015555555555555557,0.0975609756097561,0.8090558052062988,0.7651453614234924,0.7864882349967957,173,0.27903225806451615,0.2653061224489796,0.19587457304199538,-0.023353852331638336,6,0,1,0,0,1,What is (are) Medicare and Continuing Care ?,Unrelated,"Medicare and Continuing Care refer to two different programs within the United States healthcare system:

Medicare is a federal program administered by the U.S. Department of Health and Human Services that provides health insurance coverage to millions of senior citizens. It covers a wide range of services, from doctor's visits to hospital stays, and includes prescription drugs and vision and dental care.
Continuing Care Communities (also known as ""CCCs"") are retirement communities that offer a mix of independent living, assisted living, skilled nursing care, and hospice care. They provide a continuum of care options so that residents can choose which level of care they need based on their changing needs over time. These communities are designed to be self-contained, providing all necessary services under one roof, ensuring that residents do not have to leave the community to access these services. Continuum of Care refers to a strategy where patients move through various stages of care depending on their health status and preferences, rather than being confined to a single stage of care like"
0.6968748768170675,0.6987817287445068,0.6413287321726481,0.7232550978660583,0.15502214431762695,0.04350915226923129,0.05108537913963478,0.9651965332079884,1.0,0.7232550978660583,0.7560422420501709,0.7680854797363281,0.38666666666666666,0.09459459459459459,0.26666666666666666,0.8752429485321045,0.8733096122741699,0.874275267124176,68,0.8395061728395061,0.19230769230769232,0.6087822516759237,0.5960952639579773,0,1,1,0,0,0,What is (are) Heart Failure ?,Cardiovascular,"Heart Failure is a condition characterized by the inability of the heart to pump enough blood throughout the body. It is caused by various factors such as coronary artery disease, heart attacks, coronary atherosclerosis, heart valve disease, and other disorders. These diseases can result in narrowed arteries that reduce the heart's ability to pump blood effectively, leading to a decrease in cardiac output and ultimately to organ failure."
0.6771566867828369,0.6848328113555908,0.6823713382085165,0.7406059503555298,0.2497009038925171,0.5900044593755772,1.110070087378459,1.0,1.0,0.7406059503555298,0.7715908288955688,0.7604612112045288,0.11163670766319772,0.04928909952606635,0.08136234626300852,0.8778000473976135,0.7815003395080566,0.8268558382987976,72,0.07377049180327869,0.32,0.6712708473205566,0.5492469072341919,0,1,1,0,0,0,What causes Causes of Diabetes ?,Endocrine/Metabolic,"Type 1 diabetes is caused by the destruction of insulin-producing islet cells in the pancreas, usually due to exposure to certain viruses or environmental factors. Type 2 diabetes, also known as non-insulin-dependent diabetes, is primarily caused by a resistance to insulin in the body's tissues, leading to a lack of effective insulin production. Other risk factors for developing diabetes include obesity, physical inactivity, poor diet, and a family history of the condition."
0.4392816325028737,0.4511631727218628,0.3963157037893931,0.41814208030700684,0.19508713483810425,0.05717527566044591,0.06119918894961099,0.973125355488817,0.0,0.41814208030700684,0.7079950571060181,0.7302992343902588,0.15360501567398122,0.0440251572327044,0.0877742946708464,0.8532240986824036,0.799038827419281,0.8252429366111755,89,0.1624087591240876,0.25,0.38502099364995956,0.2527322769165039,4,0,1,0,0,1,What is (are) Dry Eye ?,Unrelated,"Dry eye syndrome (DES), also known as dry eye disease or ocular dryness, is a condition characterized by reduced tear production in the eye's surface. This results in discomfort, redness, blurred vision, and often a feeling of irritation or foreign body sensation in the eye. The exact cause of DES varies but can be related to factors like aging, genetics, environmental conditions, medications, or certain types of contact lenses. Treatment options might include artificial tears, lifestyle adjustments, and sometimes specialized treatments such as punctal plugs or topical ocular lubricants."
0.5919041633605957,0.6150228977203369,0.6267542044321696,0.6766376495361328,0.29203424851099646,0.3039424309390015,0.6655779915706852,0.9899809138770257,1.0,0.6766376495361328,0.6041758060455322,0.7282381057739258,0.06121247792819306,0.021201413427561835,0.03590347263095939,0.8200267553329468,0.8065199851989746,0.813217282295227,124,0.03901825047199497,0.36,0.32858564725352657,-0.00035976432263851166,8,1,1,0,0,0,What are the treatments for Asthma ?,Respiratory,"The treatment options for asthma vary depending on the severity of the condition, but some common approaches include:

1. **Medications**:
   - Short-acting β2-adrenergic agonists (SABA): These are used to relieve short-term symptoms like coughing, wheezing, and chest tightness. They should not be taken regularly due to the risk of side effects.
   - Long-acting β2-adrenergic agonists (LABA): These provide ongoing relief by blocking bronchial smooth muscle and reducing inflammation. However, they may cause dry mouth and constipation.
   - Inhaled corticosteroids (ICS): These are effective in controlling the inflammatory response in the airways, reducing the severity of symptoms and preventing exacerbations.
   - Anticholinergic agents: These are used to reduce the production of mucus and reduce inflammation.

2. **Pills and Inhalers**:
   - Oral medications: These include leukotriene"
0.7069892088572184,0.7087372541427612,0.6213988661766052,0.639786958694458,0.2851321895917257,0.2709139289984338,0.615300643444813,0.9878978444286013,1.0,0.639786958694458,0.7391191124916077,0.8623109459877014,0.09448818897637795,0.04221635883905014,0.05774278215223097,0.905465841293335,0.7164188623428345,0.7999246716499329,22,0.061452513966480445,0.16,0.4927910417318344,0.3164258897304535,1,1,1,0,0,0,What causes Cardiomyopathy ?,Cardiovascular,"The cause of cardiomyopathy is not always known. However, some people may develop it due to another underlying condition or genetic factors."
0.7552303870519003,0.7846329212188721,0.7464134295781454,0.7716716527938843,0.2626557946205139,0.25743001075954697,0.2921238644663886,0.9899046111439092,1.0,0.7716716527938843,0.8172107338905334,0.8021215200424194,0.3333333333333333,0.09482758620689655,0.2051282051282051,0.8437076807022095,0.8581730127334595,0.850878894329071,103,0.8442622950819673,0.3142857142857143,0.6460977792739868,0.4288380742073059,1,1,1,0,0,0,What causes Alzheimer's Disease ?,Neurological,"Alzheimer's Disease is primarily caused by the buildup of proteins in the brain, specifically amyloid plaques and neurofibrillary tangles, which leads to the death of brain cells (neurons) and ultimately brain shrinkage. This process is believed to be triggered by disruptions in brain protein functions and interactions between brain cells. Factors such as lack of exercise, smoking or exposure to secondhand smoke, high blood pressure, high cholesterol, poorly managed type 2 diabetes, and high levels of low-density lipoprotein (LDL) cholesterol in middle age have been linked to increased risk of dementia but it's not entirely clear how they contribute directly to Alzheimer's Disease."
0.6111791928609213,0.6449152231216431,0.568071981271108,0.5979501605033875,0.3254654804865519,0.26445765152650685,0.6209236962857723,1.0,1.0,0.5979501605033875,0.7657821178436279,0.7406365871429443,0.32132963988919666,0.08913649025069638,0.15512465373961218,0.8464680910110474,0.8462300896644592,0.8463490009307861,129,0.5657894736842105,0.41025641025641024,0.22015979116161663,-0.08452925831079483,11,1,1,0,0,0,What are the treatments for Gout ?,Musculoskeletal,"The treatment for Gout typically involves managing pain and reducing inflammation through medication and lifestyle changes. Common therapies include:

1. **Medication**: Nonsteroidal anti-inflammatory drugs (NSAIDs), corticosteroids, and certain types of antibiotics like sulfa drugs can be prescribed to reduce inflammation and alleviate pain.
2. **Allopurinol**: A drug that inhibits the production of uric acid in the liver.
3. **Bunazosyn**: An antibiotic which helps break down uric acid and is sometimes given intravenously.
4. **Sodium citrate tablets or injections**: These neutralize excess uric acid and prevent its build-up in the body.
5. **Uricase therapy**: This uses enzymes to convert excess uric acid into a harmless substance called chyostatin.
6. **Weight loss**: Losing weight can decrease the amount of uric acid produced by the body.
7. **Fluid management**: Dehydration exacerbates symptoms,"
0.5934573213259379,0.597809910774231,0.36832884947458905,0.4119052588939667,0.3095494508743286,0.7726262985504567,1.7742562283676742,0.9444004181284144,0.0,0.4119052588939667,0.6580156683921814,0.7912468910217285,0.32273838630806845,0.1081081081081081,0.20048899755501223,0.8421729803085327,0.8388468027114868,0.8405066132545471,138,0.5207547169811321,0.3541666666666667,0.24037980263431866,-0.029146136716008186,14,1,1,0,0,0,What are the treatments for Lung Cancer ?,Respiratory,"The treatment options for lung cancer depend on various factors including the stage of the cancer, the location of the cancer, and the patient's overall health. Here are some common treatments:

1. Surgery: This involves removing tumors from the lungs or nearby organs.
2. Radiation therapy: This uses high-energy radiation to kill cancer cells.
3. Chemotherapy: This uses drugs to destroy cancer cells.
4. Immunotherapy: This boosts the immune system to fight cancer cells.
5. Targeted therapy: This targets specific molecules (genes) that fuel the growth of cancer cells.
6. Palliative care: This focuses on managing symptoms and improving quality of life during the晚期 stages of lung cancer.

It's important to note that different types of lung cancers may have different treatment options. Your healthcare provider will discuss the best course of action based on your individual situation."
0.7552303870519003,0.7846329212188721,0.6787752906481425,0.7043704390525818,0.2626557946205139,0.25743001075954697,0.2921238644663886,0.9964438980540217,1.0,0.7043704390525818,0.6752701997756958,0.7464033365249634,0.19808306709265175,0.0673076923076923,0.11182108626198083,0.8345969915390015,0.8120994567871094,0.8231945037841797,108,0.21774193548387097,0.375,0.6781217654546102,0.5724970698356628,0,1,1,0,0,0,What causes Alzheimer's Disease ?,Neurological,"Alzheimer's disease is primarily caused by the build-up of proteins in the brain, specifically amyloid plaques and neurofibrillary tangles, which disrupt the normal functioning of brain cells (neurons) and lead to their death over time. This leads to brain cell damage and eventually results in the loss of neurons, causing brain shrinkage and symptoms of dementia, such as memory problems, confusion, and behavioral changes. While specific etiologies remain unknown, various environmental and genetic factors have been implicated in increasing the risk of developing Alzheimer's disease, including lack of exercise, smoking, high blood pressure, high cholesterol, poorly managed type 2 diabetes, and increased levels of low-density lipoprotein (LDL) cholesterol."
0.6963686347007751,0.7066336870193481,0.7559736569722494,0.8290650844573975,0.20811732610066735,0.07085403337620046,0.07763494831184309,0.9579455970557719,1.0,0.8290650844573975,0.7590575814247131,0.7300642132759094,0.14146341463414633,0.058823529411764705,0.10731707317073169,0.8919981718063354,0.7259405851364136,0.8004476428031921,33,0.08847184986595175,0.22,0.5665377179781595,0.3534156084060669,1,1,1,0,0,0,What is (are) Bronchitis ?,Respiratory,"Bronchitis is an inflammation of the lining of the bronchial tubes, causing coughing and mucus production. It can range from acute to chronic. Chronic bronchitis is caused by smoking and requires medical attention."
0.7022306124369303,0.7125958204269409,0.44981080293655396,0.4777294397354126,0.25939273834228516,0.3814206314533079,0.8904488524696129,0.9921749182247841,0.0,0.4777294397354126,0.536842942237854,0.6842795610427856,0.2158273381294964,0.0,0.1223021582733813,0.8134793639183044,0.8190273642539978,0.8162439465522766,103,0.5953757225433526,0.2,0.5624886512756347,0.41503432393074036,2,1,1,0,0,0,What is (are) Kidney Disease ?,Kidney/Renal,"Kidney disease refers to a group of disorders that affect the structure and function of the kidneys, including both acute and chronic conditions. It encompasses a wide range of pathologies, from simple to severe, and can have various etiologies, including genetic factors, infections, environmental exposures, and metabolic imbalances such as hypertension, diabetes, and obesity. Common types of kidney disease include glomerular (glu-mo-ru-lar) disease, interstitial nephritis, polycystic kidney disease, and diabetic nephropathy. The management of kidney disease typically involves monitoring renal function, adjusting medications, and addressing underlying comorbidities. Regular check-ups and adherence to a personalized treatment plan are crucial for managing kidney disease effectively."
0.5692075490951538,0.6195340156555176,0.5053214728832245,0.5332927703857422,0.3468401630719503,0.29143772243792715,0.7731947575505496,1.0,0.3333333333333333,0.5332927703857422,0.7619355320930481,0.7127542495727539,0.125,0.022988505747126436,0.05681818181818182,0.8025798201560974,0.8616336584091187,0.8310590386390686,154,8.105263157894736,0.8333333333333334,0.2319332955715557,-0.027810776606202126,10,1,1,0,0,0,What to do for Short Bowel Syndrome ?,Gastrointestinal,"Short bowel syndrome is a condition where part of the small intestine has been damaged or removed. If this happens, there may be issues with digestion and absorption of nutrients, which can lead to malnutrition and other complications. To manage short bowel syndrome, following a special diet plan tailored to meet your nutritional needs is important. The specific recommendations vary depending on the severity of the condition and any underlying medical conditions. Typically, these plans focus on:

1. **High-fiber diet**: Eating high-fiber foods like fruits, vegetables, whole grains, and legumes can help soften stools and reduce straining during bowel movements.

2. **Protein intake**: Consuming adequate amounts of protein through lean proteins like poultry, fish, eggs, legumes, and dairy products can promote muscle growth and repair.

3. **Healthy fats**: Including sources of omega-3 fatty acids found in nuts, seeds, fatty fish, and leafy greens can support brain function and aid in nutrient absorption.

4. **Calc"
0.6680633028348287,0.7147153615951538,0.6626366376876831,0.755990743637085,0.2217322587966919,0.43156664703929576,0.9423447519709021,1.0,1.0,0.755990743637085,0.7722488641738892,0.7472152709960938,0.3183023872679045,0.08,0.1326259946949602,0.8609634041786194,0.7432747483253479,0.7978021502494812,116,0.4549019607843137,0.5,0.2651758401468396,-0.05186714231967926,17,1,1,0,0,0,What are the symptoms of Sleep Apnea ?,Respiratory,"The symptoms of obstructive and central sleep apnea (OSA) overlap, sometimes making it difficult to determine which type you have. The most common symptoms of OSA include:

1. Loud snoring.
2. Episodes where you stop breathing during sleep.
3. Gasping for air during sleep.
4. Awaking with a dry mouth.
5. Morning headaches.
6. Difficulty staying asleep, often referred to as ""sleep latency.""
7. Shortness of breath after waking up.
8. Difficulty falling asleep or staying asleep throughout the night.
9. Snorting, choking, or gasping during sleep episodes.
10. Irregular breathing patterns while sleeping.
11. Sleep apnea-related health issues such as hypertension, obesity, and cardiovascular disease.
12. Other complications like depression, anxiety, and impaired cognitive function."
0.6703715721766154,0.6878493428230286,0.6922559142112732,0.7547669410705566,0.1900609930356344,0.19247765204250977,0.5433266718082508,0.9784968015212652,1.0,0.7547669410705566,0.7577693462371826,0.7661474943161011,0.13142857142857142,0.05747126436781608,0.09142857142857143,0.864129900932312,0.7227093577384949,0.7871178984642029,39,0.12341772151898735,0.10638297872340426,0.6968455910682678,0.6761213541030884,0,1,1,0,0,0,What is (are) Colorectal Cancer ?,Gastrointestinal,"Colorectal cancer refers to both types of tumors that start in the colon or rectum, combining them under one category. These tumors may begin anywhere along the digestive tract and can develop in either the colon or the rectum."
0.658859928448995,0.6637904644012451,0.6113860011100769,0.6469606161117554,0.2654728889465332,0.4026218961138006,1.0805032815438664,1.0,1.0,0.6469606161117554,0.6543460488319397,0.7243431806564331,0.1574074074074074,0.023255813953488372,0.08333333333333333,0.8503232002258301,0.7518444061279297,0.7980571985244751,55,0.14397905759162305,0.20408163265306123,0.7523910105228424,0.6716626882553101,0,1,1,0,0,0,Who is at risk for Diabetes? ?,Endocrine/Metabolic,"People with a family history of type 1 diabetes, genetics that increase the risk, being older than 35 years old, having a race or ethnicity that may be at increased risk, and having a normal blood sugar level can be at risk for type 1 diabetes. Additionally, individuals with prediabetes also face an increased risk."
0.6771566867828369,0.6848328113555908,0.5141186316808065,0.5472702383995056,0.2497009038925171,0.5900044593755772,1.110070087378459,0.9998376430972944,0.3333333333333333,0.5472702383995056,0.5957087278366089,0.7115598320960999,0.12295081967213115,0.0410958904109589,0.08196721311475409,0.868640124797821,0.7403443455696106,0.7993772625923157,54,0.08023774145616643,0.2,0.7203616897265116,0.6673631072044373,0,1,1,0,0,0,What causes Causes of Diabetes ?,Endocrine/Metabolic,"Type 1 diabetes is caused by the destruction of the insulin-producing cells in the pancreas. Type 2 diabetes, on the other hand, is primarily caused by a lack of insulin production due to insulin resistance or overproduction. Other causes of diabetes may include infections like the flu, or exposure to certain chemicals or medications."
0.6509555379549662,0.6666264533996582,0.5839892427126566,0.6329952478408813,0.23627056678136193,0.14647193506972148,0.16220761583411694,0.9686340692004741,1.0,0.6329952478408813,0.7142518758773804,0.7193435430526733,0.29556650246305416,0.07960199004975124,0.16748768472906403,0.8191971778869629,0.8777140378952026,0.847446620464325,139,1.9577464788732395,0.47368421052631576,0.38530499962243164,-0.037325792014598846,8,1,1,0,0,0,What are the treatments for COPD ?,Respiratory,"There are several treatment options available for individuals with chronic obstructive pulmonary disease (COPD). Some common treatments include:

  1. Medications:
    * Corticosteroids: These medications reduce inflammation in the lungs.
    * Bronchodilators: These drugs relax the muscles around the airways, allowing them to expand and improve airflow.
    * Anticholinergics: These medications help open up the airway and reduce swelling.
    * Sinusoidal steroids: These medications can also help reduce inflammation in the lungs.
  2. Pulmonary rehabilitation programs:
    * These programs focus on improving breathing techniques, physical activity, and lifestyle changes to help manage symptoms and slow down the progression of the disease.
    * They often include exercises like diaphragmatic breathing, chest expansion, and coughing exercises.
  3. Smoking cessation:
    * Smoking is one of the major risk factors for developing COPD, so quitting smoking is essential for managing symptoms and reducing the"
0.6703715721766154,0.6878493428230286,0.6399348974227905,0.7059736251831055,0.1900609930356344,0.19247765204250977,0.5433266718082508,0.9889231798588748,1.0,0.7059736251831055,0.6121852993965149,0.7644340991973877,0.28735632183908044,0.03488372093023255,0.16091954022988506,0.8397172689437866,0.8765053749084473,0.8577170372009277,117,2.0526315789473686,0.38461538461538464,0.4775680849949519,0.16049867868423462,3,1,1,0,0,0,What is (are) Colorectal Cancer ?,Gastrointestinal,"Colorectal cancer is a type of cancer that starts in either the colon or rectum, two parts of the digestive tract located within the abdomen. These organs are part of the large intestine and play a crucial role in nutrient absorption from the digested food. When these organs become infected, inflamed, or develop abnormal tissue, they can lead to various types of cancer. 

The most common form of colorectal cancer involves the colon, while the other type involves the rectum. Both forms can occur in different stages and may be linked to lifestyle factors, genetics, and environmental exposures. Early detection through regular health screenings and proper management of risk factors are essential in managing colorectal cancer effectively."
0.6448498169581095,0.663600742816925,0.5938378771146139,0.6291689872741699,0.24126760164896643,0.6629545396062221,1.192056977917054,0.9842851382714042,1.0,0.6291689872741699,0.637097954750061,0.637981116771698,0.3816793893129771,0.13953488372093023,0.18320610687022898,0.865449070930481,0.8683513402938843,0.8668977618217468,63,0.9402985074626866,0.15789473684210525,0.712210218111674,0.6698697805404663,0,1,1,0,0,0,Who is at risk for Urinary Tract Infections in Children? ?,Kidney/Renal,"Children who have a shorter urethra compared to adults, such as those who are female, are at risk for Urinary Tract Infections (UTIs). Additionally, certain types of birth control methods like diaphragms and spermicidal agents can increase the risk of UTIs. Furthermore, individuals with lower fluid intake levels, particularly pregnant women, are more susceptible to UTIs due to their increased need for urination."
0.6771566867828369,0.6848328113555908,0.5141186316808065,0.5472702383995056,0.2497009038925171,0.5900044593755772,1.110070087378459,0.9998376430972944,0.3333333333333333,0.5472702383995056,0.6340467929840088,0.7096401453018188,0.24582338902147977,0.07177033492822965,0.13365155131264916,0.8472392559051514,0.7593883275985718,0.8009119629859924,158,0.23476968796433878,0.42,0.5452761352062225,0.3144444227218628,3,1,1,0,0,0,What causes Causes of Diabetes ?,Endocrine/Metabolic,"Type 1 diabetes, also known as insulin-dependent diabetes, is caused by the destruction of insulin-producing (islet) cells in the pancreas by the body's own immune system. This condition can be triggered by various factors such as infections like strep throat, flu, or certain types of bacterial infections, autoimmune disorders, exposure to certain medications, and rare genetic conditions. Type 1 diabetes typically starts suddenly and can lead to serious complications if not managed correctly. On the other hand, type 2 diabetes is caused by insulin resistance and usually occurs when the body does not use insulin effectively. It is more common than type 1 and can develop over time due to lifestyle choices such as poor diet, lack of physical activity, obesity, or other risk factors. Both types of diabetes can affect anyone at any age, but they tend to occur most frequently in adults over the age of 45 years old and children under the age of five."
0.7687347133954366,0.7869982719421387,0.6475551128387451,0.6703341007232666,0.1383797526359558,0.025540175823242722,0.030080607905316546,0.9950804096704382,1.0,0.6703341007232666,0.5550705194473267,0.7027217149734497,0.19047619047619047,0.0,0.09523809523809523,0.8080781102180481,0.8506573438644409,0.8288212418556213,152,1.974025974025974,0.2727272727272727,0.20537296465287605,-0.1124095693230629,11,1,1,0,0,0,How to diagnose COPD ?,Respiratory,"Diagnosing Chronic Obstructive Pulmonary Disease (COPD) involves a series of tests and evaluations conducted by a healthcare provider. The following steps outline the typical process:

1. **History Taking**: The healthcare provider will ask about the patient's medical history, including any previous episodes of severe difficulty breathing.

2. **Physical Examination**: A thorough examination of the chest area is performed to assess the size of the lungs and check for signs of inflammation or narrowing of the bronchi.

3. **Spirometry Test**: This test measures how well the lungs are able to expand during inhalation and then collapse during exhalation. It helps determine the severity of airflow obstruction and how much of the airflow is lost due to the disease.

4. **胸部 X-ray**: An x-ray of the chest area can reveal any abnormality, such as fluid buildup in the lungs or narrowed bronchioles.

5. **Laboratory Tests**: These include a complete blood count (CBC), blood gas"
0.7668949762980143,0.7730281352996826,0.7963472008705139,0.8596817255020142,0.20767668883005774,0.18400121264172684,0.2538783898469274,0.9593612700202483,1.0,0.8596817255020142,0.8675857186317444,0.7886795997619629,0.3125,0.07874015748031496,0.18749999999999997,0.8767629861831665,0.848941445350647,0.8626279830932617,82,0.47398843930635837,0.39473684210526316,0.6726571679115295,0.5347447395324707,0,1,1,0,0,0,What is (are) Celiac Disease ?,Gastrointestinal,"Celiac disease is a chronic autoimmune disorder characterized by inflammation and damage to the small intestine. The immune system mistakes gluten, which is present in wheat, barley, and rye, as foreign invaders. When ingested, gluten damages the cells lining the small intestine, leading to malabsorption. This leads to nutrient deficiencies and various symptoms such as abdominal discomfort, diarrhea, weight loss, and anemia. Additionally, celiac disease can lead to other conditions like osteoporosis, dermatitis herpetiformis, joint pain, nerve damage, and mental health issues."
0.42360873023668927,0.4411316514015198,0.39088233311971027,0.46254485845565796,0.4659287134806315,0.4136204133474468,0.5931301403600917,0.9411955728027809,0.0,0.46254485845565796,0.4511350989341736,0.6911013126373291,0.28181818181818186,0.045871559633027525,0.15454545454545454,0.8667561411857605,0.8469989895820618,0.8567637205123901,59,0.36875,0.21212121212121213,0.4378499984741211,0.38396161794662476,3,0,1,0,0,1,Who is at risk for Cataract? ?,Unrelated,"The elderly population is at increased risk for cataracts, particularly those who have had diabetes since childhood. Other factors that increase the risk of developing cataracts include having a family history of cataracts, smoking, obesity, and prolonged exposure to sunlight. Early detection and treatment of pre-existing eye conditions such as glaucoma can also help prevent the development of cataracts."
0.7027013897895813,0.7231941819190979,0.5783528486887614,0.6365160346031189,0.20851961771647132,0.38291877499342214,0.6913212193768083,0.9519807558096881,1.0,0.6365160346031189,0.8381935358047485,0.7532198429107666,0.24403927068723702,0.061884669479606184,0.12061711079943899,0.850425124168396,0.7693344354629517,0.8078499436378479,150,0.2742230347349177,0.5208333333333334,0.2617936764533321,-0.07450269162654877,10,1,1,0,0,0,How to diagnose Cystic Fibrosis ?,Respiratory,"Cystic fibrosis (CF) can be diagnosed through various methods including:

1. **Screening**: Newborn Screening Programs - In the United States, newborn screening programs are used to detect CF as early as possible, often before symptoms appear. This helps identify patients who would otherwise remain undiagnosed.

2. **Genetic Testing**: Genetic testing can provide definitive confirmation of the diagnosis by detecting specific mutations in the CFTR gene. This test is usually performed on saliva samples collected from children aged 6-7 years old or older.

3. **Clinical Assessment**: Clinicians assess the patient's history, physical examination, and laboratory tests to evaluate the likelihood of CF based on symptoms and other risk factors. Laboratory tests include measurements of sweat chloride levels, pancreatic function tests, and DNA analysis.

4. **Histology**: In cases where genetic testing is inconclusive, histological analysis of the pancreas can provide additional evidence for the diagnosis. The presence of cysts or thickened duct"
0.7130826115608215,0.7244658470153809,0.43656543890635174,0.4456839859485626,0.14973044395446777,-0.05321735536482595,-0.04405663295652995,1.0,0.0,0.4456839859485626,0.3904903531074524,0.7535250186920166,0.08130081300813008,0.01652892561983471,0.048780487804878044,0.8165600299835205,0.7832826972007751,0.7995752692222595,23,0.2169811320754717,0.027777777777777776,0.7328828573226929,0.7328828573226929,0,1,1,0,0,0,Who is at risk for Osteoporosis? ?,Endocrine/Metabolic,"People who have sex assigned at birth, race, family history, body frame size, and treatment for prostate cancer are at risk for osteoporosis."
0.5231786370277405,0.5462327003479004,0.5112396776676178,0.5920302271842957,0.47111176451047265,0.31239776792979673,0.3448758429958495,0.9841493534067913,0.6666666666666666,0.5920302271842957,0.7823714017868042,0.7908424139022827,0.23175965665236054,0.043290043290043295,0.12017167381974246,0.8245841264724731,0.8049243688583374,0.814635694026947,156,1.9746835443037976,0.3333333333333333,0.29933118247068846,-0.13009236752986908,8,1,1,0,0,0,What are the complications of Wilson Disease ?,Endocrine/Metabolic,"The complications of Wilson Disease can be severe and life-threatening. Some common complications of Wilson Disease include:

1. Liver damage: The most significant complication of Wilson Disease is liver damage due to an accumulation of copper in the liver cells.
2. Renal failure: Copper toxicity in the kidneys can lead to renal failure and other complications such as hypertension, electrolyte imbalances, and infections.
3. Bone pain and fractures: Copper deposition in bones can cause bone pain and increased risk of fractures.
4. Heart problems: Chronic liver damage associated with Wilson Disease can lead to heart problems including arrhythmias, valve disorders, and congestive heart failure.
5. Immune disorders: Wilson Disease often leads to autoimmune conditions like systemic lupus erythematosus, reactive arthritis, and Sjögren's syndrome.

These complications require prompt diagnosis and management to prevent further organ damage and ensure patient well-being. Early treatment through medications and lifestyle modifications can significantly improve outcomes for individuals affected by Wilson Disease."
0.6381651163101196,0.6576657295227051,0.5029592216014862,0.6558051109313965,0.2957160075505575,0.03290216829072829,0.056663315767630805,0.9937499534006003,0.3333333333333333,0.6558051109313965,0.41144537925720215,0.697323203086853,0.2222222222222222,0.03389830508474576,0.12794612794612795,0.8439854979515076,0.7859466075897217,0.8139326572418213,68,0.29310344827586204,0.24489795918367346,0.7146751284599304,0.698318600654602,0,1,1,0,0,0,Who is at risk for Gout? ?,Musculoskeletal,"Certain diseases and conditions, such as high blood pressure and chronic conditions like diabetes, obesity, metabolic syndrome, and heart and kidney diseases, as well as recent surgery or trauma, increase your risk of developing gout. Women also tend to have lower uric acid levels compared to men after menopause, but men are more likely to develop gout earlier than women, typically between the ages of 30 and 50."
0.4873130222161611,0.5507835745811462,0.4845781723658244,0.563917875289917,0.5276325742403667,0.6610630130808629,0.8654171249745328,1.0,0.3333333333333333,0.563917875289917,0.8626346588134766,0.837727427482605,0.37894736842105264,0.14893617021276595,0.2,0.8367275595664978,0.8728914260864258,0.8544269800186157,139,1.904109589041096,0.5,0.6406777501106262,0.6406777501106262,0,0,1,0,0,1,What are the symptoms of Endometrial Cancer ?,Unrelated,"The symptoms of endometrial cancer may include:

  * Menstrual bleeding or abnormal spotting between periods (called dysmenorrhea)
  * Heavy menstrual bleeding (known as menorrhagia)
  * Painless vaginal bleeding during a period
  * Bleeding after sex
  * Fatigue or weakness
  * Abdominal pain or bloating
  * Frequent urination or need to go to the bathroom more than usual
  * Changes in appetite or difficulty eating
  * Weight loss without trying
  * Nausea or vomiting
  * Loss of hair on your face or elsewhere on your body
  * Swelling in your legs, ankles, or feet
  * Back pain
  * Pain in the pelvis or lower abdomen
  * Unexplained fatigue or weakness
  * Difficulty sleeping or being unable to sleep well
  * Other signs and symptoms may also occur depending on the stage of the disease and how far it has spread"
0.6617915034294128,0.6715453267097473,0.6056219538052877,0.6440053582191467,0.23278959592183435,0.0777405105614206,0.08604149641648817,1.0,1.0,0.6440053582191467,0.8807048797607422,0.8012008666992188,0.3574468085106383,0.04291845493562232,0.15319148936170213,0.8382137417793274,0.8701806664466858,0.8538981676101685,149,1.7529411764705882,0.4827586206896552,0.3026156189063421,0.008495472371578217,9,1,1,0,0,0,How to diagnose Stroke ?,Neurological,"Diagnosing stroke involves several steps:

1. **Symptoms**: Recognize the common symptoms of stroke, which include difficulty speaking, understanding language, confusion, slurred speech, numbness, weakness, or paralysis on one side of the body, trouble walking, balance problems, or loss of sense.

2. **Medical Evaluation**: After recognizing the symptoms, consult a healthcare professional as soon as possible. They will perform a physical examination, check blood pressure, and evaluate the patient’s symptoms.

3. **Neurological Assessment**: A neurologist will conduct an evaluation to determine whether there is neurological impairment that suggests a stroke has occurred. They might order imaging tests like MRI or CT scans, which can detect areas of brain tissue affected by ischemia (lack of oxygen).

4. **Imaging Studies**: MRI or CT scans are commonly used to confirm the presence of a stroke. These imaging studies show areas of brain damage and provide detailed images of the brain anatomy.

5. **Follow"
0.6970629890759786,0.731745719909668,0.7114602128664652,0.7699754238128662,0.2848189274470011,0.45506902543302935,0.886476191114757,0.9844866253013789,1.0,0.7699754238128662,0.8810924887657166,0.8431586027145386,0.358974358974359,0.07494145199063233,0.16317016317016317,0.8617777228355408,0.8347969651222229,0.8480727672576904,136,0.4641638225255973,0.627906976744186,0.2534739736999784,-0.048698790371418,13,1,1,0,0,0,How to prevent Heart Attack ?,Cardiovascular,"To prevent a heart attack, several steps can be taken:

1. **Maintain a Healthy Lifestyle**
   - Quit smoking.
   - Live a balanced, heart-healthy diet rich in fruits, vegetables, whole grains, lean proteins, and low-fat dairy products.
   - Regular physical activity, like walking or swimming, can improve cardiovascular health and reduce the risk of heart attack.
   - Manage stress through relaxation techniques, meditation, or yoga.

2. **Control Chronic Conditions**
   - Treat any underlying conditions such as hypertension, diabetes, and hyperlipidemia.
   - For those at higher risk for heart disease, consider medications to lower cholesterol levels, blood pressure, or triglycerides.

3. **Take Medications**
   - Following doctor’s advice, take prescribed medications for high blood pressure, diabetes, and cholesterol management.

4. **Manage Weight**
   - Keeping body mass index (BMI) within recommended limits helps maintain a healthy heart.

5. **Regular Check-Ups"
0.7207664052645365,0.7455325722694397,0.4737700819969177,0.5315406322479248,0.21244039138158166,0.30633808873220886,0.6515288168415535,0.9893476168838485,0.6666666666666666,0.5315406322479248,0.7765464782714844,0.703932523727417,0.29194630872483224,0.04377104377104377,0.12080536912751677,0.8498777151107788,0.7416335344314575,0.7920746207237244,160,0.35714285714285715,0.3829787234042553,0.2169043724425137,-0.1258983016014099,15,1,1,0,0,0,What to do for Polycystic Kidney Disease ?,Kidney/Renal,"To manage and prevent complications of Polycystic Kidney Disease (PKD), patients should focus on lifestyle changes such as:

1. Eating a balanced diet rich in fruits, vegetables, and whole grains.
2. Maintaining a healthy weight through regular exercise.
3. Regular physical activity, aiming for at least 30 minutes of moderate exercise most days of the week.
4. Limiting alcohol consumption.
5. Quitting smoking.

In addition to these general health practices, patients should also monitor and control their blood pressure. Blood pressure management includes taking prescribed blood pressure medicines as directed by healthcare professionals. A low-salt diet with an emphasis on fruits, vegetables, and whole grains is recommended to support overall health. Getting to and staying at a healthy weight helps maintain kidney function and reduces the risk of complications.

It is crucial to consult with healthcare providers for personalized advice tailored to individual patient needs regarding PKD management. Early detection and prompt treatment are key in managing the disease effectively."
0.6023806730906168,0.6050861477851868,0.5295792619387308,0.6255946159362793,0.42962896823883057,0.07350373356878802,0.09162713276590577,0.8943855767220388,0.6666666666666666,0.6255946159362793,0.7240095734596252,0.7659552693367004,0.2472885032537961,0.034858387799564274,0.12581344902386118,0.8545935153961182,0.8171199560165405,0.8354367613792419,101,0.2885714285714286,0.42,0.4451623409986496,0.2045207917690277,4,1,1,0,0,0,How to prevent Diabetes ?,Endocrine/Metabolic,"To prevent diabetes, focus on eating healthy foods, including fruits, vegetables, and whole grains. Engage in regular physical activity, aiming for at least 150 minutes per week of moderate-to-vigorous aerobic exercise. Maintain a healthy weight by reducing calorie intake and increasing fiber consumption. Consider adopting a healthy diet rich in antioxidants and omega-3 fatty acids, which can reduce inflammation and support heart health. Regular monitoring and self-testing for glucose levels can also help detect early signs of diabetes before symptoms develop. Additionally, maintaining a healthy lifestyle and avoiding smoking and excessive alcohol consumption can significantly reduce the risk of developing diabetes."
0.6797401706377665,0.7196584939956665,0.7637855609258016,0.7982975244522095,0.2048730651537577,0.0841276314550284,0.09256959684168294,0.9933134786113652,1.0,0.7982975244522095,0.7866106033325195,0.7495178580284119,0.22624434389140272,0.1004566210045662,0.16289592760180996,0.918372631072998,0.8251104354858398,0.8692471385002136,40,0.2185792349726776,0.25,0.59948201974233,0.31615936756134033,1,1,1,0,0,0,What is (are) Meningitis ?,Neurological,"Meningitis is an infection and swelling, called inflammation, of the fluid and membranes around the brain and spinal cord. These membranes are called meninges. The inflammation from meningitis most often triggers symptoms such as headache, fever and a stiff neck."
0.6595279971758524,0.6781356334686279,0.6501315434773763,0.6622393131256104,0.18920040130615234,0.18824918514177666,0.5253559646414035,0.9996035947371797,1.0,0.6622393131256104,0.6308592557907104,0.7265145778656006,0.19067796610169493,0.05957446808510637,0.08898305084745763,0.8213093280792236,0.7123077511787415,0.7629349231719971,90,0.23746701846965698,0.43478260869565216,0.8325964212417603,0.8325964212417603,0,1,1,0,0,0,Who is at risk for Atrial Fibrillation? ?,Cardiovascular,"People who are at increased risk for Atrial Fibrillation (AFib) include those:

- Over the age of 40
- Experiencing excessive caffeine consumption
- Using illegal drugs or substances like nicotine
- Smoking
- Having pre-existing conditions such as diabetes, chronic kidney disease, lung disease, and sleep apnea
- Taking certain medications including some cold and allergy medicines
- Being under the influence of thyroid hormone therapy
- Having an overactive thyroid gland

These factors increase the likelihood of experiencing AFib and the severity of symptoms experienced when it occurs."
0.6173251469930013,0.6605330109596252,0.6128197312355042,0.6920746564865112,0.3187355001767477,0.2590390628420341,0.55802092844878,1.0,1.0,0.6920746564865112,0.7097944021224976,0.7227474451065063,0.3394495412844037,0.08333333333333333,0.1743119266055046,0.8335520029067993,0.8476521372795105,0.8405429720878601,140,1.6470588235294117,0.5909090909090909,0.3526190316135233,-0.11445072293281555,5,1,1,0,0,0,What to do for Gallstones ?,Gastrointestinal,"To address gallstones, it is recommended to:

1. **Reduce Caloric Intake**: By eating fewer calories and increasing physical activity, you can help manage your weight and reduce the risk of gallstones.
2. **Maintain Healthy Weight**: Continue following a healthy diet and regular exercise regimen to keep your body at a healthy weight.
3. **Seek Medical Attention**: If experiencing signs or symptoms that concern you, consult a healthcare provider promptly. Signs of a gallstone complication include:
   - Severe abdominal pain without relief
   - Jaundice (yellowish skin and eyes)
   - High fever
4. **Professional Evaluation**: Schedule an appointment with your doctor for an assessment of your overall health and any potential issues related to gallstones.
5. **Medical Management Options**:
   - Abdominal Ultrasound: To check for gallstones and monitor their size and location.
   - Cholecystectomy (Gallbladder Removal): In severe cases where gallstones are"
0.40814610322316486,0.4196348488330841,0.3348115185896556,0.3763812780380249,0.6300316154956818,0.15525245405417765,0.20817495728445085,1.0,0.0,0.3763812780380249,0.4336123764514923,0.8063833713531494,0.14173228346456693,0.02050473186119874,0.07874015748031496,0.8219110369682312,0.8037088513374329,0.8127080202102661,161,0.1442652329749104,0.3,0.16821285388009113,-0.04230458289384842,11,0,1,0,0,1,How to diagnose Anxiety Disorders ?,Unrelated,"Diagnosing an anxiety disorder typically involves a combination of clinical assessment, physical examination, and testing to determine whether any specific anxiety disorders are present. The most common diagnostic methods used include:

1. Clinical interview: This involves discussing the patient's symptoms with them directly to understand what they experience and how it affects their daily life.
2. Physical exam: Sometimes, additional tests like blood tests (e.g., thyroid function tests) or imaging scans (e.g., brain scans) might be needed to rule out other potential causes of symptoms.
3. Questionnaires: These can help gather information about the severity of symptoms, the frequency of episodes, and other aspects of the disorder.
4. Mental status examination: This includes evaluating the patient's thought processes, memory, judgment, and awareness of surroundings.

Once a diagnosis is made, treatment planning typically includes a combination of medication, therapy, and lifestyle modifications tailored to address the individual needs of the patient. Treatment outcomes can vary significantly depending on the type and severity"
0.5785840749740601,0.5907003879547119,0.6236882408459982,0.6906265616416931,0.30441162983576453,0.628299519641385,0.9790056236759836,0.9866389354665912,1.0,0.6906265616416931,0.749982476234436,0.7706114053726196,0.2676056338028169,0.08235294117647059,0.1267605633802817,0.8488432168960571,0.8236060738563538,0.8360341787338257,160,0.22955523672883787,0.5,0.4160349005833268,0.09007725864648819,4,1,1,0,0,0,What are the treatments for Colorectal Cancer ?,Gastrointestinal,"Treatments for colorectal cancer may include:

  * Surgery: In cases where tumors have spread beyond the early stages of treatment, surgery might be necessary to remove the tumor or tumors.
  * Radiation therapy: Sometimes used in conjunction with surgery to kill remaining cancer cells.
  * Chemotherapy: Used alone or in combination with other therapies to treat advanced colorectal cancer.
  * Targeted therapy: Drugs designed to target specific genetic mutations found in certain types of colorectal cancer.
  * Immunotherapy: A type of treatment that harnesses the body's immune system to fight cancer.

In addition to these traditional treatments, some patients may also benefit from a combination of different approaches, including surgical removal of the entire colon, chemotherapy, radiation therapy, targeted therapy, immunotherapy, and other experimental treatments. The choice of treatment depends on several factors, including the stage and location of the cancer, patient preferences, and overall health. It is important to discuss all available options with a healthcare provider to determine"
0.6377534667650858,0.7036798596382141,0.6845559279123942,0.7534127235412598,0.28310819466908776,0.08277790838382769,0.11297009894375497,1.0,1.0,0.7534127235412598,0.7194001078605652,0.6681183576583862,0.33191489361702126,0.1201716738197425,0.19574468085106383,0.837691068649292,0.8472204208374023,0.8424288034439087,144,1.565217391304348,0.38095238095238093,0.5403341518249363,-0.023931728675961494,2,1,1,0,0,0,What is (are) Hemorrhoids ?,Gastrointestinal,"Hemorrhoids (HEM-uh-roids), also known as piles, are enlarged veins in the anal region of the body, specifically located within the rectal and anal cavities. They are caused by increased pressure on these veins due to various factors such as strain during defecation, pregnancy, or chronic constipation. Hemorrhoids can be classified into two types based on their location:

1. Internal Hemorrhoids (Internal hemorrhoids): These are located deep within the rectum, typically causing symptoms such as itching, burning, and discomfort when passing stools.
2. External Hemorrhoids (External hemorrhoids): These are outside the rectum and are more common among women due to the natural position of the rectum after giving birth. External hemorrhoids can cause bleeding and pain when sitting or straining.

The symptoms of hemorrhoids vary depending on their severity, including:
- Itching or irritation around the anus
- Pain or discomfort while defecating
- Swelling"
0.6792711019515991,0.701805830001831,0.5979452729225159,0.6403781175613403,0.15050172805786133,0.10402929866975004,0.4372252143528251,0.9865732291461674,1.0,0.6403781175613403,0.8427337408065796,0.7633607387542725,0.35369774919614144,0.09061488673139159,0.20578778135048229,0.8396307229995728,0.85374915599823,0.8466310501098633,145,0.8734939759036144,0.37142857142857144,0.20855590825279555,-0.06617377698421478,11,1,1,0,0,0,How to diagnose Heart Failure ?,Cardiovascular,"Heart failure can be diagnosed through several methods:

1. **Medical History**: The initial step in diagnosing heart failure involves obtaining a detailed medical history including any relevant personal or family health histories.
   
2. **Physical Examination**: This includes checking vital signs like blood pressure, pulse rate, and respiratory rate. Cardiovascular examination helps in assessing whether the patient has enlarged heart size, murmur, or changes in jugular venous distension.
   
3. **Echocardiogram**: An echocardiogram uses ultrasound technology to create an image of the heart’s chambers and valves. It measures the strength of the heart muscle, how much it is working, and the amount of fluid in the vessels around the heart (peripheral edema).
   
4. **Cardiac MRI**: This provides a detailed view of the heart structure and function, offering additional insight into heart failure.
   
5. **Laboratory Tests**: Blood tests can reveal abnormalities in certain enzymes, electrolytes, and proteins related"
0.6499531666437784,0.6523998379707336,0.7217067281405131,0.7378054857254028,0.2641202211380005,0.3671706904137641,0.702833934907578,1.0,1.0,0.7378054857254028,0.7842097282409668,0.7129334211349487,0.384180790960452,0.10285714285714286,0.24858757062146894,0.8770390748977661,0.9033173322677612,0.8899843096733093,116,2.0350877192982457,0.5,0.6103688279787699,0.5439020991325378,0,1,1,0,0,0,What are the symptoms of Diabetes ?,Endocrine/Metabolic,"The symptoms of diabetes depend on which type of diabetes one has. For example, type 1 diabetes typically starts with an unexplained rapid increase in urine output and increased thirst and urination. Symptoms of type 2 diabetes often come on slowly and may include increased thirst, frequent urination, hunger, fatigue, blurred vision, slow-healing sores, numbness or tingling in the feet or hands, and frequent infections. Individuals with gestational diabetes, which occurs during pregnancy, experience similar symptoms as well. It's important to note that some people with diabetes do not experience any symptoms at all. If you suspect you may have diabetes, it's important to talk to your healthcare provider for a diagnosis and appropriate treatment plan."
0.7008609771728516,0.7096049785614014,0.6943724950154623,0.7683429718017578,0.2479872306187948,0.7711194232100386,1.6399071904950167,1.0,1.0,0.7683429718017578,0.8163188695907593,0.7933923602104187,0.26618705035971224,0.10336538461538461,0.12709832134292567,0.8587180972099304,0.8286124467849731,0.8433967232704163,158,0.23795180722891565,0.6041666666666666,0.3942287970672954,-0.08607526868581772,6,1,1,0,0,0,How to prevent Alzheimer's Disease ?,Neurological,"To prevent Alzheimer's disease, several steps can be taken:

1. Lifestyle Changes: Making lifestyle changes can lower the risk of getting Alzheimer's disease. For example, regular exercise, a diet rich in fruits, vegetables, healthy fats, and low in saturated fats (such as a Mediterranean diet), maintaining a healthy weight, and avoiding smoking.

2. Cardiovascular Health: Maintaining heart health by exercising regularly, eating a heart-healthy diet, managing cardiovascular risk factors, treating high blood pressure, high cholesterol, and diabetes, and paying attention to blood pressure and cholesterol levels could potentially lower the risk of developing Alzheimer's.

3. Vitamin D: Adequate vitamin D intake has been linked to reduced risk of dementia. It's important to consider taking a daily B-complex vitamin and vitamin C supplements if you don't meet the recommended dietary allowances.

4. Blood Pressure Management: High blood pressure increases the risk of some types of dementia. Managing high blood pressure through medication or lifestyle modifications can help lower this"
0.6978441079457601,0.7526971101760864,0.7679799397786459,0.8238838315010071,0.2508322596549988,0.19183733998667848,0.23757002004226327,1.0,1.0,0.8238838315010071,0.8247572183609009,0.7834558486938477,0.3177570093457944,0.07547169811320756,0.21495327102803735,0.9126253128051758,0.8442478179931641,0.8771059513092041,47,0.28313253012048195,0.36585365853658536,0.5523723463217417,0.2873631417751312,1,1,1,0,0,0,What is (are) Rheumatoid Arthritis ?,Musculoskeletal,"Rheumatoid arthritis is a chronic, autoimmune condition that affects the joints, causing pain, swelling, and irritation. It can also damage other parts of the body such as the skin, eyes, lungs, heart, and blood vessels. This disease occurs when the immune system mistakenly attacks healthy joint tissue."
0.5512054761250814,0.5536748766899109,0.3477021058400472,0.3706350326538086,0.4101805488268534,0.1899904695310691,0.2480559189130856,0.9943460966517012,0.0,0.3706350326538086,0.5482074618339539,0.6820308566093445,0.25125628140703515,0.01515151515151515,0.12562814070351758,0.8183711767196655,0.8237487077713013,0.8210511803627014,136,0.5,0.3333333333333333,0.3144916751318508,-0.04485686123371124,7,1,1,0,0,0,What to do for Kidney Dysplasia ?,Kidney/Renal,"Kidney dysplasia refers to abnormalities in kidney structure or function, which may indicate underlying chronic kidney disease. To manage this condition effectively, it's important to consider both lifestyle modifications and potential treatment options:

1. **Lifestyle Modifications**
   - **Maintain a Healthy Diet**: Eating a balanced diet rich in fruits, vegetables, whole grains, lean proteins, and omega-3 fatty acids can help support kidney function.
   - **Regular Exercise**: Engaging in regular physical activity can improve kidney health, though it should not cause undue stress or strain.

2. **Medication Management**:
   - **Nonsteroidal Anti-Inflammatory Drugs (NSAIDs)**: While NSAIDs like aspirin and ibuprofen can sometimes exacerbate kidney disease in individuals with pre-existing kidney issues, they are often used as needed due to conditions like arthritis. It’s crucial to consult healthcare providers before changing medication regimens.

3. **Nutritional Guidance**:
   - **Limit Sodium Intake"
0.6923439105351766,0.7087218761444092,0.6924073100090027,0.7164599299430847,0.194465716679891,0.09897617501224769,0.4322519718022082,0.9968022096693109,1.0,0.7164599299430847,0.789124608039856,0.7285556793212891,0.31390134529147984,0.05429864253393665,0.17040358744394618,0.8441764116287231,0.8868816494941711,0.8650022745132446,153,2.283582089552239,0.4444444444444444,0.4842478980620702,-0.04563002288341522,4,1,1,0,0,0,What are the symptoms of Rheumatoid Arthritis ?,Musculoskeletal,"Rheumatoid arthritis may cause several different types of joint inflammation and pain, including:

1. Painful, warm, swollen joints (arthritis)
2. Joint stiffness that is usually worst in the morning or after periods of rest
3. Tiredness, fever, and difficulty eating (symptoms such as fatigue, fever, and appetite loss)
4. Swelling of small joints like those in the fingers and toes (small joint inflammation) over time, affecting all areas of the body except for the eyes.
5. Symptoms may come and go and become more severe during ""flare-ups,"" which are periods of increased joint swelling, pain, and stiffness.

These symptoms are commonly observed in people with rheumatoid arthritis, but it's important to note that everyone experiences symptoms differently and some individuals might experience only mild symptoms or none at all. Additionally, some people may develop other complications such as nerve damage, skin problems, or cardiovascular issues due to long-term conditions related to the disease."
0.7090057333310446,0.7249634265899658,0.6186245083808899,0.6982423067092896,0.27262628078460693,0.473032073778159,0.8555613733553409,0.9918706718635528,1.0,0.6982423067092896,0.7848852872848511,0.7847211360931396,0.3198529411764706,0.07380073800738007,0.15073529411764705,0.8683809041976929,0.8380503058433533,0.8529461026191711,145,0.35108958837772397,0.4583333333333333,0.280235858168453,-0.03835540637373924,9,1,1,0,0,0,What are the complications of Ulcerative Colitis ?,Gastrointestinal,"The complications of ulcerative colitis can be severe and range from life-threatening conditions to manageable symptoms that affect quality of life. Some common complications include:

1. **Severe Bleeding**: This occurs when the lining of the colon becomes inflamed and damaged, causing internal bleeding.
   
2. **Severe Dehydration**: When the colon leaks blood into the intestinal tract, it absorbs water, leading to dehydration.
   
3. **Loss of Red Blood Cells**: This condition, commonly referred to as anemia, results from the body losing more red blood cells than it can produce due to the damage caused by the inflammation.
   
4. **Bone Loss**: The inflammatory process in ulcerative colitis leads to bone destruction, which can result in osteoporosis, affecting bones' strength and stability.
   
5. **Inflammation of Skin, Joints, and Eyes**: The inflammation in the gut can also affect other parts of the body, including the skin, joints, and eyes. This"
0.7233083844184875,0.7705276012420654,0.7242778142293295,0.8191481232643127,0.2346514264742533,0.3210587191230006,0.8142966307850986,1.0,1.0,0.8191481232643127,0.7491207122802734,0.5731022357940674,0.36363636363636365,0.049079754601226995,0.1696969696969697,0.8527020812034607,0.8739383220672607,0.8631895780563354,82,1.025,0.37037037037037035,0.5931491156419119,0.42602500319480896,1,1,1,0,0,0,How to prevent COPD ?,Respiratory,"Quitting smoking and getting an annual flu vaccination are key steps to preventing complications associated with Chronic Obstructive Pulmonary Disease (COPD). Additionally, getting vaccinated against pneumococcal pneumonia and discussing the COVID-19 vaccine and RSV vaccine with healthcare providers can also contribute to reducing the risk of infection-related complications. For those working in environments where there is high exposure to lung irritants, such as chemical fumes, vapors, and dusts, protective measures like wearing equipment to prevent inhalation of these substances should be considered."
0.6515773137410482,0.678589403629303,0.6974272529284159,0.7755255699157715,0.258359412352244,0.12569058602161884,0.1529908455111627,0.9993253858098851,1.0,0.7755255699157715,0.7230757474899292,0.7603577375411987,0.34453781512605036,0.09322033898305083,0.18487394957983194,0.8511297106742859,0.8516547083854675,0.8513921499252319,81,0.525974025974026,0.3333333333333333,0.6342443625132242,0.6174999475479126,0,1,1,0,0,0,Who is at risk for Kidney Disease? ?,Kidney/Renal,"People who have certain inherited conditions, such as von Hippel-Lindau disease, Birt-Hogg-Dube syndrome, tuberous sclerosis complex, hereditary papillary renal cell carcinoma, and others, are at higher risk for developing kidney disease. Additionally, people who have had their kidneys removed due to illness, diabetes, or trauma, or those who have a family history of kidney disease, are also at risk. High blood pressure, obesity, smoking, and being black, Native American, or Asian American can also increase the risk of developing kidney disease."
0.6978441079457601,0.7526971101760864,0.7848743796348572,0.8231716156005859,0.2508322596549988,0.19183733998667848,0.23757002004226327,1.0,1.0,0.8231716156005859,0.8191238045692444,0.8059165477752686,0.25217391304347825,0.07860262008733625,0.15217391304347824,0.8903546333312988,0.8274081945419312,0.8577280640602112,82,0.21750663129973474,0.3,0.5590516924858093,0.2246597409248352,1,1,1,0,0,0,What is (are) Rheumatoid Arthritis ?,Musculoskeletal,"Rheumatoid arthritis is an autoimmune disease characterized by inflammation and damage to the joints, as well as other parts of the body such as the skin, eyes, lungs, heart, and blood vessels. It affects the small joints of the hands and feet, but can spread to more joints over time. Rheumatoid arthritis is typically bilateral, meaning that it affects both sides of the body. Genetic and environmental factors, including infections and hormones, are thought to contribute to the development of this condition."
0.41506194074948627,0.43026071786880493,0.255511815349261,0.30453652143478394,0.5208090047041576,0.26291779687067435,0.6099439039557694,0.91852340297344,0.0,0.30453652143478394,0.4428724944591522,0.8182622194290161,0.2038834951456311,0.0,0.11650485436893203,0.8287026286125183,0.8230720162391663,0.8258777260780334,126,1.5180722891566265,0.25,0.34827645123004913,0.2107541859149933,6,1,1,0,0,0,What are the treatments for Balance Problems ?,Neurological,"There are several treatments that may be recommended for balance problems, including:

  * Physical therapy: This involves exercises designed to improve strength, flexibility, and coordination.
  * Occupational therapy: This focuses on improving daily living skills, such as dressing, bathing, and eating, while also working on balance and coordination.
  * Medication: There are medications that can be prescribed to help manage balance issues, such as antipsychotics or antidepressants.
  * Assistive devices: Devices like walkers, braces, or special shoes can be used to assist in maintaining balance.
  * Lifestyle changes: These include regular exercise, good nutrition, avoiding alcohol and drugs that impair cognitive function, and managing stress.

It's important to consult with a healthcare professional to determine the best course of treatment based on individual needs and circumstances."
0.6051564415295919,0.6803547739982605,0.5129116376241049,0.5666685104370117,0.3060051600138346,0.028868002920589043,0.03137274439705013,0.9920760822424266,0.6666666666666666,0.5666685104370117,0.7026605606079102,0.7840384840965271,0.32154340836012857,0.07766990291262134,0.16720257234726688,0.8324289917945862,0.8095368146896362,0.8208232522010803,151,0.9617834394904459,0.4074074074074074,0.24388270871713758,-0.12049046158790588,14,1,1,0,0,0,How to prevent High Blood Pressure ?,Cardiovascular,"To prevent high blood pressure (hypertension), it's essential to follow these general guidelines:

1. **Maintain a Healthy Weight**: Being overweight or obese increases your risk of hypertension.
2. **Eat a Healthy Diet**: Opt for a balanced diet rich in fruits, vegetables, whole grains, lean proteins, and low-fat dairy products. Avoid excessive salt, added sugars, and saturated and trans fats.
3. **Limit Alcohol Consumption**: Moderate consumption of moderate amounts of alcohol is generally considered safe; however, excessive alcohol intake can raise blood pressure.
4. **Exercise Regularly**: Physical activity helps lower blood pressure and improves overall health.
5. **Manage Stress**: Chronic stress can lead to increased blood pressure. Techniques like meditation, deep breathing exercises, or yoga can be helpful.
6. **Avoid Smoking**: Smoking harms blood vessels, increasing blood pressure and heart disease risk.
7. **Monitor and Manage Blood Pressure**: Keep track of your blood pressure levels and take medication as prescribed by healthcare"
0.6297684709231058,0.6398661732673645,0.5176924069722494,0.6326689720153809,0.3034196893374125,0.1666031167164377,0.19874764444559065,0.9958707104954881,0.3333333333333333,0.6326689720153809,0.6251867413520813,0.6874136328697205,0.3023255813953489,0.0588235294117647,0.1395348837209302,0.8535029888153076,0.8630448579788208,0.8582473993301392,90,1.0975609756097562,0.25,0.7193631082773209,0.604666531085968,0,1,1,0,0,0,What is (are) Stroke ?,Neurological,"Stroke is a medical emergency that occurs when there is a blockage or reduction in the flow of blood to parts of the brain, leading to brain tissue being deprived of oxygen and nutrients. There are two types of strokes - ischemic and hemorrhagic. Ischemic stroke results from a blocked artery, causing reduced blood flow and brain cell death within minutes; hemorrhagic stroke occurs due to leakage or rupture of a blood vessel, increasing cerebral pressure and damaging brain cells. Untreated, stroke can lead to significant brain damage and disability."
0.6107529600461324,0.6178752779960632,0.5949748357137045,0.7312988638877869,0.4266316692034403,0.5334391654327821,0.831114720812919,0.9280836413585021,0.6666666666666666,0.7312988638877869,0.636317253112793,0.7688854932785034,0.06244087038789025,0.01799242424242424,0.03878902554399243,0.8433166146278381,0.7472171783447266,0.7923637628555298,86,0.043259557344064385,0.22,0.39871451258659363,0.15886875987052917,4,1,1,0,0,0,What are the treatments for Stroke ?,Cardiovascular,"There are several treatment options available for stroke, including:

1. Emergency medical care, such as CPR or defibrillation if needed
2. Treatment of complications such as seizures or bleeding within the brain
3. Physical therapy and occupational therapy to regain strength and function after recovery from a stroke
4. Rehabilitation services to help patients recover from their disabilities
5. Medications to manage symptoms and prevent further strokes
6. Lifestyle changes to reduce the risk of future strokes, such as maintaining a healthy diet and exercising regularly."
0.6546462178230286,0.6768009662628174,0.6129724582036337,0.6620811223983765,0.19250518083572388,0.3461766570104025,1.1593910257337094,0.965366339507295,1.0,0.6620811223983765,0.7346050143241882,0.7800552845001221,0.38327526132404177,0.1543859649122807,0.2369337979094077,0.850947916507721,0.8645598888397217,0.8576999306678772,149,1.0492957746478873,0.6,0.2473037681015937,-0.10034514963626862,16,1,1,0,0,0,What are the symptoms of Stroke ?,Neurological,"Symptoms of stroke include:

1. Trouble speaking and understanding what others are saying.
2. A person having a stroke may be confused, slur words or may not be able to understand speech.
3. Numbness, weakness or paralysis in the face, arm or leg.
4. The person can try to raise both arms over the head.
5. If one arm begins to fall, it may be a sign of a stroke.
6. One side of the mouth may droop when trying to smile.
7. Problems seeing in one or both eyes.
8. A sudden, severe headache may be a symptom of a stroke.
9. Vomiting, dizziness, and a change in consciousness may occur with the headache.
10. Trouble walking.
11. Stumbling or losing balance or coordination.

Seek immediate medical attention if you notice any symptoms of a stroke, even if they seem to come and go or they disappear completely."
0.7668949762980143,0.7730281352996826,0.782277524471283,0.899959146976471,0.20767668883005774,0.18400121264172684,0.2538783898469274,0.9410305247100473,1.0,0.899959146976471,0.8715426325798035,0.8298648595809937,0.15151515151515152,0.07142857142857142,0.13131313131313133,0.927108108997345,0.7991076707839966,0.8583621978759766,20,0.11363636363636363,0.14893617021276595,0.8406748175621033,0.8406748175621033,0,1,1,0,0,0,What is (are) Celiac Disease ?,Gastrointestinal,"Celiac disease is an autoimmune condition where the immune system reacts to gluten, sometimes causing damage to the small intestine."
0.674395223458608,0.6874492764472961,0.5381316939989725,0.6857581734657288,0.31124611695607507,0.1751065171618418,0.21590066732299795,1.0,0.6666666666666666,0.6857581734657288,0.5379747152328491,0.7033583521842957,0.2580645161290323,0.043478260869565216,0.15053763440860216,0.8339043855667114,0.817387580871582,0.825563371181488,68,0.6181818181818182,0.10344827586206896,0.5813990235328674,0.5673151612281799,0,1,1,0,0,0,Who is at risk for Lung Cancer? ?,Respiratory,"People who smoke cigarettes, especially those who smoke more than one pack per day, have a higher risk of developing lung cancer compared to non-smokers. Additionally, some other risk factors that cannot be controlled include having a family history of lung cancer, living in areas with high concentrations of radon (a naturally occurring radioactive gas), and being exposed to certain types of chemicals and pollutants in the workplace."
0.5409887234369913,0.5791816115379333,0.4434185226758321,0.46860194206237793,0.20966984828313195,0.265974726853126,0.5875630138853591,0.9774739871672317,0.0,0.46860194206237793,0.6324276924133301,0.7751369476318359,0.2543554006968641,0.03846153846153846,0.1010452961672474,0.8396794199943542,0.8192479610443115,0.8293378353118896,149,0.3581730769230769,0.36585365853658536,0.2489579270726868,-0.03913404792547226,11,1,1,0,0,0,What are the treatments for Osteoarthritis ?,Musculoskeletal,"There are several treatment options available for managing osteoarthritis symptoms:

1. Physical therapy: This involves exercises designed to strengthen muscles around the affected area, improving range of motion and flexibility. It may also focus on stretches and strengthening exercises to support joint health and reduce pain.

2. Medications: Over-the-counter medications such as ibuprofen and naproxen sodium can provide temporary relief by reducing inflammation and pain. Prescription drugs like nonsteroidal anti-inflammatory drugs (NSAIDs) and corticosteroids are sometimes prescribed. Nonsteroidal anti-inflammatory drugs work by reducing pain and swelling. Corticosteroid injections can be used to provide immediate relief but should not be used regularly.

3. Weight management: Maintaining a healthy body mass index (BMI) through regular exercise and balanced diet helps reduce the strain on joints.

4. Surgery: In some cases, surgery may be recommended to remove damaged cartilage or replace worn-out parts of the joint with artificial materials.

5. Lifestyle changes"
0.6149144967397054,0.6305716633796692,0.45006705323855084,0.46517062187194824,0.17100413640340173,0.4587519741609766,1.1681322344723524,0.9927760510196384,0.0,0.46517062187194824,0.7116820812225342,0.6291812062263489,0.35537190082644626,0.06666666666666667,0.18181818181818185,0.8278387784957886,0.853410005569458,0.8404299020767212,133,1.33,0.43478260869565216,0.1963780361872453,-0.08650907874107361,12,1,1,0,0,0,What are the treatments for Huntington's Disease ?,Neurological,"Treatments for Huntington's Disease focus on managing the symptoms and improving quality of life. Currently, there is no cure for this genetic disorder, but some medications are available to help manage the symptoms:

1. **L-dopa** (also known as levodopa): This medication helps to improve movement control and reduce rigidity. L-dopa can cause side effects like nausea, dizziness, dry mouth, and constipation.
2. **Prostaglandin analogs**: These drugs are used to treat motor fluctuations and reduce the severity of the chorea associated with Huntington's disease. Side effects include headache, dizziness, and urinary retention.
3. **Carbidopa/levodopa**: A combination of carbidopa and l-dopa. This medication helps to stabilize the levels of dopamine in the brain. Side effects may include nausea, diarrhea, and headache.
4. **Pyrudoxamine**: A drug that helps to break down l-dopa and prevents it from"
0.5424869259198507,0.5554836988449097,0.5046467582384745,0.5650031566619873,0.5295435587565105,0.648320181956316,1.3680631262014,0.9992072725432265,0.3333333333333333,0.5650031566619873,0.8524798154830933,0.8690333366394043,0.19966722129783693,0.04340567612687814,0.11647254575707155,0.8456647396087646,0.7572165727615356,0.7990003228187561,116,0.232,0.42857142857142855,0.17886479414607348,-0.09393976628780365,18,1,1,0,0,0,What are the symptoms of Wilson Disease ?,Endocrine/Metabolic,"The symptoms of Wilson's disease can be quite diverse and can manifest differently in different individuals. However, some common symptoms reported by patients include:

1. Numbness or tingling sensations in the hands and feet.
2. Changes in hair color, such as yellowish-brown hair.
3. Jaundice (yellowing of the skin and whites of the eyes).
4. Fatigue and weakness.
5. Muscle stiffness and pain.
6. Mental confusion or mood changes.
7. Problems with vision, including difficulty seeing objects far away (myopia) or near things (hyperopia).
8. Increased risk for infections.

Wilson's disease typically affects multiple organs and systems simultaneously, leading to various complications if left untreated. Early diagnosis and treatment are crucial to prevent further organ damage."
0.5900197227795919,0.6008812189102173,0.5101301670074463,0.5461989641189575,0.232979416847229,0.339054292936122,0.6671791385554671,1.0,0.6666666666666666,0.5461989641189575,0.7214505672454834,0.763740062713623,0.2863849765258216,0.028301886792452827,0.14553990610328638,0.8501768112182617,0.8073207139968872,0.8281947374343872,133,0.4618055555555556,0.3333333333333333,0.36934356987476347,0.2090054303407669,4,1,1,0,0,0,What are the treatments for Urinary Tract Infections in Children ?,Kidney/Renal,"The treatment for urinary tract infections in children typically involves addressing the underlying cause of the infection, such as preventing the spread of bacteria through good hygiene practices, such as frequent hand washing and proper disposal of used towels and sanitary products. Additionally, antibiotics are often prescribed to kill off any bacterial pathogens that might be causing an infection. It is important to follow your healthcare provider's recommendations regarding dosages and frequency of medication use to ensure effective treatment and minimize the risk of antibiotic resistance. In cases where the infection persists or recurs frequently, more extensive diagnostic testing might be necessary to determine the exact cause and appropriate management plan. Regular check-ups by pediatricians and specialists who specialize in urology or nephrology are crucial for monitoring progress and adjusting treatment strategies accordingly."
0.3948493202527364,0.44888556003570557,0.38141650954882306,0.4496734142303467,0.6617352565129597,0.5421174083792198,0.9307559817724992,0.9844866310785428,0.0,0.4496734142303467,0.774864673614502,0.8258599042892456,0.299625468164794,0.03773584905660377,0.13483146067415733,0.8168400526046753,0.831246018409729,0.8239800333976746,141,1.1370967741935485,0.3333333333333333,0.1799825963874658,-0.11705164611339569,12,1,1,0,0,0,What to do for Cyclic Vomiting Syndrome ?,Gastrointestinal,"Cyclic vomiting syndrome (CVS) is a condition characterized by recurrent episodes of nausea and vomiting lasting several days. It typically occurs within a few weeks after a bout of gastroenteritis, which is an inflammation of the digestive tract caused by infection.
Here are some strategies that can help manage cyclic vomiting syndrome:

1. **Avoid trigger foods**: Identify and avoid the foods or beverages that seem to trigger CVS episodes. Common triggers include dairy products like milk and yogurt, citrus fruits, chocolate, and spicy foods.
2. **Hydrate**: Ensure adequate hydration throughout the day. Avoid dehydrating drinks and overhydration as dehydration can worsen symptoms.
3. **Rest**: Try to rest during episodes of CVS to allow the body to recover from the previous episode.
4. **Medication**: Over-the-counter medications such as antiemetic drugs (such as dexamethasone, metoclopramide, or cimetidine) or prescription medication like antispasmodics ("
0.6297684709231058,0.6398661732673645,0.4813845455646515,0.5380529761314392,0.3034196893374125,0.1666031167164377,0.19874764444559065,1.0,0.3333333333333333,0.5380529761314392,0.555361807346344,0.6588847637176514,0.33447098976109213,0.08247422680412371,0.16382252559726962,0.8672813177108765,0.8327242136001587,0.849651575088501,98,0.5051546391752577,0.23076923076923078,0.6578579008579254,0.31388136744499207,1,1,1,0,0,0,What is (are) Stroke ?,Neurological,"Stroke is a medical emergency that occurs when the blood supply to part of the brain is blocked or reduced. There are two main types of stroke: ischemic and hemorrhagic. An ischemic stroke is caused by a blocked artery in the brain, which prevents brain tissue from getting oxygen and nutrients. Hemorrhagic stroke occurs when a blood vessel in the brain leaks or bursts, causing bleeding in the brain and increasing pressure on brain cells, leading to damage. In both cases, it's essential to get medical treatment right away to reduce the potential for brain damage and disability."
0.5775362849235535,0.587315022945404,0.29465818405151367,0.32909220457077026,0.3781837821006775,0.19977239530202243,0.22140298760164237,0.9175214328469086,0.0,0.32909220457077026,0.3878493905067444,0.8188658952713013,0.11733333333333333,0.005361930294906166,0.06933333333333333,0.8106507062911987,0.7642472982406616,0.7867653369903564,60,0.18808777429467086,0.08333333333333333,0.450333168109258,0.21640512347221375,1,1,1,0,0,0,What are the treatments for Diabetes ?,Endocrine/Metabolic,"The treatments for diabetes include lifestyle modifications such as maintaining a healthy diet, engaging in regular physical activity, and managing stress levels. Additionally, medications like insulin and oral medications (sulfonylureas, biguanides, and metformin) are commonly used to control blood glucose levels. It is essential to consult a healthcare professional to determine the most appropriate treatment plan based on individual needs."
0.6557038426399231,0.7442703247070312,0.6741171876589457,0.8118870258331299,0.30274875958760583,0.6319106510164068,0.867934446165642,1.0,1.0,0.8118870258331299,0.917012095451355,0.8393534421920776,0.4331797235023041,0.13023255813953488,0.2580645161290323,0.8706220984458923,0.8496257662773132,0.8599957823753357,102,0.8095238095238095,0.4594594594594595,0.436597254127264,0.07664622366428375,6,1,1,0,0,0,What are the symptoms of Colorectal Cancer ?,Gastrointestinal,"The symptoms of colorectal cancer can vary depending on its stage and location within the colon. However, some common symptoms of colorectal cancer include:

- Changes in bowel habits, including more frequent diarrhea or constipation.
- Rectal bleeding or blood in the stool.
- Persistent discomfort in the belly area, such as cramps, gas, or pain.
- Feeling that the bowel doesn't empty completely during a bowel movement.
- Weakness or tiredness.
- Losing weight without trying.

If you experience any of these symptoms, it is important to consult with a healthcare professional as soon as possible for evaluation and appropriate treatment."
0.5869545539220175,0.6021575927734375,0.4569530387719472,0.4893563389778137,0.232979416847229,0.1500409649694816,0.1913259123019979,0.9809133953346176,0.0,0.4893563389778137,0.5821888446807861,0.7106978893280029,0.24581005586592175,0.06779661016949153,0.1675977653631285,0.8088652491569519,0.8706642389297485,0.838627815246582,137,3.341463414634146,0.4166666666666667,0.2689765678210692,-0.03950931131839752,7,1,1,0,0,0,What to do for Urinary Tract Infections in Children ?,Kidney/Renal,"For children with urinary tract infections (UTIs), there are several recommended steps to follow:

1. **Drink Plenty of Fluids**: Encourage the child to drink large amounts of fluids throughout the day, including water and clear liquids like orange juice, tea, and sports drinks. These fluids help flush out bacteria in the bladder and urethra.

2. **Avoid Deodorant Sprays, Powders, and Feminine Products**: These can irritate the urethra and increase the risk of UTIs.

3. **Change Birth Control Method**: If using a diaphragm, spermicide, or un-lubricated condoms, switch to a barrier method such as a condom or a diaphragm to reduce the risk of introducing bacteria into the genital area.

4. **Consider Cranberry Products**: Consuming cranberry products, which contain antioxidants, may help prevent UTIs by neutralizing harmful bacteria.

5. **Proper Toilet Hygiene**: Teach the child proper toilet habits"
0.6297684709231058,0.6398661732673645,0.47077834606170654,0.5547946095466614,0.3034196893374125,0.1666031167164377,0.19874764444559065,0.9754861303981648,0.3333333333333333,0.5547946095466614,0.4899623990058899,0.6502647399902344,0.2714285714285714,0.07246376811594203,0.15714285714285714,0.8391237258911133,0.8710494637489319,0.8547886610031128,105,3.088235294117647,0.2857142857142857,0.44898267183452845,-0.04931717365980148,5,1,1,0,0,0,What is (are) Stroke ?,Cardiovascular,"Stroke is a medical emergency that occurs when the blood supply to part of the brain is blocked or reduced. This prevents brain tissue from getting oxygen and nutrients, leading to brain cell death within minutes. There are two main types of strokes:

1. Ischemic stroke: Occurs due to a blocked or narrowed artery in the brain.
2. Hemorrhagic stroke: Caused by a leak or burst blood vessel in the brain, causing bleeding and further damage to brain cells.

Both types can lead to significant neurological deficits and disability if not treated promptly. Seeking immediate medical attention is crucial for survival and minimizing long-term consequences."
0.7130826115608215,0.7244658470153809,0.5107537508010864,0.5474339723587036,0.14973044395446777,-0.05321735536482595,-0.04405663295652995,0.9701163485995079,0.6666666666666666,0.5474339723587036,0.5215325951576233,0.6984243392944336,0.17821782178217824,0.007952286282306162,0.08316831683168316,0.8290640711784363,0.752289891242981,0.7888132929801941,144,0.3207126948775056,0.28,0.37540145789583523,-0.0757448822259903,8,1,1,0,0,0,Who is at risk for Osteoporosis? ?,Musculoskeletal,"Osteoporosis is a disease that affects bones. It can happen due to many reasons such as aging, genetics, lifestyle habits, and medical conditions. Here are some factors that increase the risk of developing osteoporosis:

1. Age: As we grow older, our bones become weaker and more prone to fractures.
2. Gender: Women are at a higher risk of osteoporosis compared to men. Men typically have more bone density than women and therefore are less susceptible to osteoporosis.
3. Lifestyle: Poor diet, lack of physical activity, smoking, excessive alcohol consumption, and being overweight all contribute to osteoporosis.
4. Genetics: If both parents have osteoporosis, there's an increased chance of having a child with the condition.
5. Medications: Certain medications, such as some antidepressants and anti-seizure drugs, can affect bone health negatively.
6. Hormonal imbalances: Low estrogen levels during menopause (due to pregnancy hormones) and high"
0.5305536389350891,0.5523785948753357,0.5831210613250732,0.6400278806686401,0.349701980749766,0.4479746494402292,0.8424180258865874,0.9813959989018433,1.0,0.6400278806686401,0.6168044805526733,0.7394243478775024,0.26116838487972505,0.05517241379310345,0.140893470790378,0.8349616527557373,0.8168195486068726,0.8257909417152405,161,0.3824228028503563,0.29545454545454547,0.19145375738541284,-0.02661396935582161,10,1,1,0,0,0,what research (or clinical trials) is being done for Kidney Disease ?,Kidney/Renal,"Chronic kidney disease research involves various clinical trials to test new treatments, therapies, and technologies aimed at improving kidney health, slowing down progression, and preventing complications associated with the condition. These trials can be conducted by government agencies, private foundations, academic institutions, and pharmaceutical companies. Here’s a brief overview:

1. **Clinical Trials**: The National Institutes of Health (NIH) conducts many clinical trials related to kidney disease. They aim to evaluate the safety and effectiveness of various treatments and therapies.

2. **Regulatory Agencies**: Regulatory bodies like the FDA monitor the development of new drugs and devices used to treat kidney disease. Clinical trials are reviewed by these regulatory agencies before they can move forward.

3. **Biomedical Research**: Universities, hospitals, and research institutes engage in basic research, which often leads to advancements in understanding the underlying causes and mechanisms of kidney disease.

4. **Community Partnerships**: Non-profit organizations and community groups work together with healthcare providers to identify and address specific needs among patients"
0.5105007986227671,0.573817253112793,0.46014438072840375,0.5205869674682617,0.21018155415852868,0.25459435385353363,0.43532935641675885,1.0,0.3333333333333333,0.5205869674682617,0.8330046534538269,0.7844918966293335,0.3005181347150259,0.052356020942408384,0.15544041450777202,0.8312339186668396,0.8787394165992737,0.8543267846107483,143,2.9183673469387754,0.5555555555555556,0.26914002597332,-0.057277191430330276,9,0,1,0,0,1,What are the treatments for Leukemia ?,Unrelated,"Leukemia can be treated with several different methods, including:

1. Chemotherapy - This involves giving drugs directly into your bloodstream to destroy cancer cells.
2. Immunotherapy - This is a type of treatment that helps the body fight cancer by making it recognize and attack cancerous cells.
3. Bone Marrow Transplant - This procedure replaces damaged bone marrow with healthy donor bone marrow to restore normal blood production.
4. Stem Cell Transplant - It's used to treat some types of leukemia, where there aren't enough healthy bone marrow cells to produce enough red blood cells, white blood cells, and platelets.

The choice of treatment will vary depending on the specific type and stage of leukemia, as well as any underlying conditions or co-existing diseases. A healthcare professional will assess all these factors to determine which approach is most appropriate for the individual patient."
0.6051564415295919,0.6803547739982605,0.6327890555063883,0.7088334560394287,0.3060051600138346,0.028868002920589043,0.03137274439705013,1.0,1.0,0.7088334560394287,0.816397488117218,0.8093039989471436,0.2523961661341853,0.0641025641025641,0.11501597444089456,0.8354377150535583,0.8000224828720093,0.8173466324806213,145,0.3020833333333333,0.5531914893617021,0.21846428206738303,-0.12049046158790588,13,1,1,0,0,0,How to prevent High Blood Pressure ?,Cardiovascular,"To prevent high blood pressure (hypertension), it is important to adopt a healthy lifestyle that includes:

1. **Maintaining a Healthy Weight** - Being overweight or obese increases the risk of hypertension.
   
2. **Regular Exercise** - Regular physical activity helps lower blood pressure.

3. **Limit Alcohol Intake** - Drinking moderate amounts of alcohol is generally safe; however, excessive alcohol consumption can contribute to hypertension.

4. **Eating a Balanced Diet** - A diet rich in fruits, vegetables, whole grains, lean proteins, and low-fat dairy products can help manage blood pressure.

5. **Reducing Salt Consumption** - Avoiding too much sodium can help lower blood pressure.

6. **Managing Stress Levels** - Chronic stress can lead to increased blood pressure. Techniques like meditation, yoga, or deep-breathing exercises might be beneficial.

7. **Avoiding Smoking** - Smoking is known to raise blood pressure, so avoiding smoking altogether is highly advisable.

8. **Regular"
0.6811363101005554,0.7095474600791931,0.4455165167649587,0.49326813220977783,0.19686935345331824,0.6309015518730722,0.6500724007760527,1.0,0.0,0.49326813220977783,0.5123232007026672,0.6929718255996704,0.23978201634877386,0.08196721311475409,0.11171662125340599,0.8304798603057861,0.8247708082199097,0.82761549949646,141,0.2568306010928962,0.5833333333333334,0.18767147790640593,-0.07938911020755768,14,1,1,0,0,0,How to prevent Peripheral Arterial Disease (P.A.D.) ?,Cardiovascular,"To prevent Peripheral Arterial Disease (PAD), it's important to follow a healthy lifestyle. Here’s how:

1. **Don’t Smoke**: Smoking damages arteries, leading to plaque build-up, a key factor in PAD.
2. **Eat Foods Low in Sugar, Trans Fats, and Saturated Fats**: These types of fats contribute to inflammation and increased risk of PAD.
3. **Get Regular Exercise** - Consult with your healthcare provider regarding appropriate exercise intensity and frequency.
4. **Keep a Healthy Weight**: Excess body fat around the abdomen increases the risk of PAD.
5. **Manage Blood Pressure**, Cholesterol, and Diabetes**: These conditions can lead to atherosclerotic plaques in the arteries, increasing the risk of PAD.
6. **Get Good Sleep**: Adequate rest helps maintain optimal health and reduces the risk of developing PAD.
7. **Control Stress**: Chronic stress can exacerbate pre-existing conditions such as PAD.

Regular check-ups with healthcare providers"
0.6333357493082682,0.6766437888145447,0.5038712620735168,0.5830980539321899,0.2892660697301229,0.3743598572889284,0.8881259557516347,1.0,0.6666666666666666,0.5830980539321899,0.7373956441879272,0.771507978439331,0.15268614514608858,0.032105760151085926,0.09236569274269558,0.8449413180351257,0.7670485973358154,0.80411297082901,146,0.15921483097055616,0.4489795918367347,0.13793359590428217,-0.06438282132148743,13,1,1,0,0,0,How to diagnose Ulcerative Colitis ?,Gastrointestinal,"Diagnosis of ulcerative colitis (UC) typically includes:

1. **Medical History**: A detailed history of the onset of symptoms, including frequency, duration, and severity.
2. **Physical Examination**: Assessment by a healthcare provider during an appointment to evaluate any signs of UC, such as abdominal tenderness, changes in bowel movements, weight loss, and fatigue.

3. **Stool Testing**: This can help determine the presence of blood, mucus, and pus in the stool, which are common symptoms of UC.
4. **Biopsies**: Small tissue samples taken from the affected areas for microscopic examination under a microscope. Biopsies provide valuable diagnostic insights into the nature and extent of the disease.
5. **Serological Tests**: For some types of UC, serological tests measuring antibodies against specific bacteria or viruses associated with UC might be recommended.
6. **Endoscopic Evaluation**: Endoscopies are performed using a flexible tube with a camera attached at the end. The doctor"
0.6076749761899313,0.6148457527160645,0.6141074101130167,0.6479986906051636,0.34027284383773804,0.514722063669432,1.0325488134197585,1.0,1.0,0.6479986906051636,0.7372694611549377,0.6832387447357178,0.1925133689839572,0.04825737265415549,0.10695187165775401,0.8250439167022705,0.8265930414199829,0.8258177042007446,137,0.22948073701842547,0.41304347826086957,0.3173682400240348,-0.05078325420618057,7,1,1,0,0,0,What are the treatments for Alzheimer's Disease ?,Neurological,"There are several treatments available for Alzheimer's disease that aim to slow its progression and improve quality of life:

1. **Cholinesterase inhibitors**: Medications such as donepezil (Aricept) and galantamine (Reviator) work by increasing the amount of choline and acetylcholine in the brain, neurotransmitters involved in learning and memory.
   
2. **Memantine**: A memantine receptor antagonist used to treat mild to moderate Alzheimer's patients.
   
3. **Folate supplements**: Studies suggest folate supplementation may benefit cognitive function in Alzheimer’s patients.

4. **Nutritional interventions**: Vitamin D plays a role in protecting against cognitive impairment; ensuring sufficient intake is crucial. It has been found helpful in reducing the risk of cognitive decline.

5. **Regular physical activity**: Exercise helps maintain brain health and can slow cognitive decline in Alzheimer's patients.

6. **Cardiovascular care**: Managing hypertension, cholesterol, and diabetes reduces the risk of cognitive damage"
0.5409887234369913,0.5791816115379333,0.5113277733325958,0.5324265956878662,0.20966984828313195,0.265974726853126,0.5875630138853591,0.9982502230497936,0.6666666666666666,0.5324265956878662,0.6122788190841675,0.74222731590271,0.2926829268292683,0.042105263157894736,0.13240418118466898,0.8363866806030273,0.8206542730331421,0.8284457921981812,149,1.0719424460431655,0.20689655172413793,0.2989793177694082,-0.007226180285215378,9,1,1,0,0,0,What are the treatments for Osteoarthritis ?,Musculoskeletal,"There are several treatments available for osteoarthritis that aim to alleviate pain, improve joint function, and manage inflammation. These treatments can vary depending on the severity of the condition and individual preferences:

1. Medications: Nonsteroidal anti-inflammatory drugs (NSAIDs) such as ibuprofen, naproxen, or celecoxib can reduce swelling and relieve pain. These medications should only be used under a doctor's supervision because they carry potential side effects including stomach ulcers, bleeding, and increased risk of blood clots.

2. Physical therapy: Regular physical therapy exercises, which focus on strengthening muscles around the affected area, can help prevent further damage and maintain flexibility and range of motion. This type of therapy also improves the strength of ligaments and tendons in the joint, reducing stress on the joint.

3. Weight management: Maintaining a healthy body mass index (BMI) is crucial for managing osteoarthritis. Excess weight puts additional pressure on the joints and can"
0.617304801940918,0.6496782302856445,0.5632381935914358,0.6163702011108398,0.23974825938542688,0.6676029151387012,1.7312742993042325,1.0,0.6666666666666666,0.6163702011108398,0.8297874927520752,0.7803565859794617,0.1874462596732588,0.05684754521963824,0.09114359415305245,0.8586205244064331,0.8321717977523804,0.8451893329620361,153,0.1495601173020528,0.48,0.2192487721996648,-0.14770646393299103,13,1,1,0,0,0,What are the treatments for Hyperthyroidism ?,Endocrine/Metabolic,"The most common treatments for hyperthyroidism include:

1. Antithyroid medications:
   - Medicated tablets are often prescribed to reduce thyroid hormone production.
2. Radioiodine therapy:
   - This involves taking radioactive iodine into the body, which then destroys some of the thyroid cells. This helps lower the amount of thyroid hormones produced.
3. Surgery:
   - In severe cases, the entire thyroid gland might need to be removed. This is done under general anesthesia.
4. Thyroid hormone replacement therapy:
   - For individuals whose thyroid gland is completely destroyed due to surgery, replacement therapy is required to maintain normal levels of thyroid hormones in the blood.

5. Lifestyle modifications:
   - Eating a balanced diet rich in fiber, avoiding excessive salt intake, and staying well hydrated can help manage symptoms.

6. Medications to treat other underlying conditions:
   - Some patients may require additional treatments for other diseases affecting their thyroid function, such as hypothyroidism or autoimmune thyroid disorders"
0.5880765318870544,0.5985788702964783,0.5928229093551636,0.6069610714912415,0.2627293666203817,0.6929027678110721,1.4554777069859117,0.9986053174724921,1.0,0.6069610714912415,0.9167836308479309,0.7663571238517761,0.487012987012987,0.1568627450980392,0.24025974025974023,0.8440451622009277,0.8792060017585754,0.8612669110298157,151,0.9041916167664671,0.7741935483870968,0.19373470470309256,-0.08303725719451904,14,1,1,0,0,0,What are the treatments for Sleep Apnea ?,Respiratory,"There are several treatment options available for Sleep Apnea:

1. Lifestyle Changes:
   - Weight loss can be beneficial if you are obese.
   - Avoid alcohol and smoking, as they can contribute to the condition.
   - Maintain a healthy diet rich in fruits, vegetables, whole grains, and lean protein.

2. Continuous Positive Airway Pressure (CPAP):
   - A machine that delivers pressurized air through a face mask over the nose and mouth while you sleep.
   - Helps maintain an open airway by keeping the airway open during sleep.

3. Oral appliances:
   - Devices worn in the mouth that help keep the jaw in place and open the airway.
   - These devices are often used in conjunction with CPAP therapy.

4. Surgery:
   - In some cases, surgery may be necessary to improve airway function.
   - Options include nasal surgery, soft palate surgery, and tongue surgery.

5. Behavioral therapy:
   - Techniques such as weight loss,"
0.4851537048816681,0.49060818552970886,0.44164490699768066,0.48793044686317444,0.5309065580368042,0.5575519455880742,0.8501366264848925,0.9590760712164669,0.0,0.48793044686317444,0.7685388922691345,0.756203293800354,0.35616438356164387,0.06611570247933884,0.1589041095890411,0.839776873588562,0.7923309206962585,0.8153643012046814,151,0.6741071428571429,0.4722222222222222,0.2891031942433781,0.10874568670988083,8,1,1,0,0,0,What are the symptoms of Cyclic Vomiting Syndrome ?,Gastrointestinal,"Cyclic Vomiting Syndrome (CVS) is a rare condition characterized by recurrent episodes of vomiting that occur every few days or weeks, often lasting about 1-2 hours each time. The attacks tend to be followed by periods of remission and resolution of symptoms. CVS can vary widely in severity, ranging from mild intermittent vomiting to severe, life-threatening conditions. It typically affects young women between the ages of 16 and 40 years old and is most commonly associated with pregnancy. Common symptoms of CVS include nausea, dizziness, fatigue, headache, abdominal discomfort, and difficulty swallowing. Other symptoms may include blurred vision, loss of appetite, and memory problems. The exact cause of CVS is not fully understood, but it is thought to involve changes in the central nervous system and gut motility. Treatment options may include medication management, dietary adjustments, and behavioral therapy. Regular check-ups and symptom monitoring are crucial to manage this condition effectively."
0.6038332184155782,0.6332765817642212,0.43114038308461505,0.4868636131286621,0.3474183877309164,0.3447376639327284,0.6511674516519679,0.9568854744448752,0.0,0.4868636131286621,0.5162123441696167,0.7272629141807556,0.1874125874125874,0.016830294530154277,0.08391608391608392,0.8274068236351013,0.7990337014198303,0.8129727840423584,134,0.23024054982817868,0.24489795918367346,0.384695981318752,-0.045807529240846634,5,1,1,0,0,0,What are the treatments for Osteoporosis ?,Musculoskeletal,"Osteoporosis is a condition characterized by low bone density, leading to an increased risk of fractures. Treatment options for osteoporosis may vary depending on the severity of the condition, underlying causes, and individual health needs. Here are some common treatment strategies:

1. **Bone-Thickening Drugs**
   - Bisphosphonates (e.g., alendronate, risedronate) are prescribed to strengthen the bone structure and reduce fracture risks.
   
2. **Calcium and Vitamin D Supplements**
   - Calcium supplementation helps maintain normal bone density. Vitamin D, which is involved in the absorption of calcium, is also crucial for bone health. Adequate intake of these supplements is recommended.
   
3. **Physical Activity**
   - Regular physical activity, particularly weight-bearing exercises like walking, jogging, or weightlifting, can help stimulate bone growth and improve bone strength.
   
4. **Nutritional Support**
   - A diet rich in calcium, vitamin D, and vitamin"
0.5934573213259379,0.597809910774231,0.4913446605205536,0.5270580649375916,0.3095494508743286,0.7726262985504567,1.7742562283676742,0.9765193237145101,0.3333333333333333,0.5270580649375916,0.6806406378746033,0.7811369895935059,0.2433862433862434,0.10695187165775401,0.14814814814814817,0.8200845718383789,0.874785304069519,0.8465521931648254,150,3.658536585365854,0.8181818181818182,0.32543478310108187,0.15821585059165955,8,1,1,0,0,0,What are the treatments for Lung Cancer ?,Respiratory,"Treatments for lung cancer vary based on the stage of the disease and the specific type of cancer (bronchioloalveolar carcinoma, small cell lung cancer, non-small cell lung cancer). The goal of treatment is to relieve symptoms, extend life expectancy, and improve quality of life. Treatment options may include:

  * Surgery: Sometimes surgery is used alone, particularly for early-stage cancer.
  * Radiation therapy: To shrink tumors and reduce the size of lymph nodes.
  * Chemotherapy: To kill cancer cells.
  * Immunotherapy: A treatment that uses the patient’s immune system to fight cancer.
  * Targeted therapy: Drugs that target specific proteins or pathways that cancer cells use to grow.
  * Palliative care: Supportive care focused on managing symptoms rather than curing the disease.

It's important to note that not all patients will respond to treatment and some cases of lung cancer are treatable but incurable. Additionally, there are newer approaches like immunotherapies"
0.5206590493520101,0.5293128490447998,0.44234267870585126,0.4581378698348999,0.4464277227719625,0.12949481070381538,0.17882801313484253,1.0,0.0,0.4581378698348999,0.5807982683181763,0.7478864789009094,0.3602941176470589,0.05925925925925926,0.1764705882352941,0.8321338891983032,0.8528790473937988,0.8423787951469421,158,1.4107142857142858,0.48,0.2499101720750332,-0.05969312787055969,9,1,1,0,0,0,what research (or clinical trials) is being done for Stroke ?,Neurological,"Stroke research typically focuses on identifying new treatments and therapies for preventing and treating the condition. Here are some areas of research:

1. **Thrombolytic Therapy**: This involves administering drugs directly into the bloodstream to dissolve clots that block blood flow to the brain. Research is ongoing to better understand how this therapy works and how to deliver it more effectively.

2. **Neuroprotective Strategies**: Scientists are exploring methods to protect the brain from damage during a stroke by reducing inflammation, promoting angiogenesis, and improving blood supply.

3. **Prevention**: There is increasing interest in developing targeted prevention strategies such as vaccines, lifestyle modifications like diet and exercise, and interventions to reduce the risk factors associated with stroke.

4. **Technology and Wearables**: Researchers are working on wearable devices that monitor vital signs, detect changes in brain function, and alert healthcare providers to potential strokes before they occur.

5. **Brain-Computer Interfaces**: These technologies allow people who cannot communicate verbally due to stroke-related"
0.695776621500651,0.755103349685669,0.6834343473116556,0.7478306293487549,0.2230472366015116,0.39205516050293077,0.852784341871736,0.9988557376537445,1.0,0.7478306293487549,0.6888984441757202,0.7471654415130615,0.34123222748815163,0.07655502392344497,0.18009478672985785,0.8577225804328918,0.7952786087989807,0.8253211379051208,94,0.6714285714285714,0.45,0.6904045740763346,0.6044790744781494,0,1,1,0,0,0,What are the symptoms of Hypothyroidism ?,Endocrine/Metabolic,"Symptoms of hypothyroidism include:

- Sensitivity to cold
- Constipation
- Weight gain
- Puffy face
- Hoarse voice
- Coarse hair and skin
- Muscle weakness
- Muscle aches, tenderness, and stiffness
- Menstrual cycles that are heavier than usual or irregular
- Thinning hair
- Slowed heart rate (bradycardia)
- Depression
- Memory problems
- Anyone can get hypothyroidism, including infants. Most babies born without a thyroid gland or with a gland that doesn't work correctly don't have symptoms right away. But if hypothyroidism isn't diagnosed and treated, symptoms start to appear."
0.5927860736846924,0.6237215995788574,0.52450164159139,0.6277115345001221,0.3357935746510824,0.2971701643285862,0.6626210691430596,1.0,0.6666666666666666,0.6277115345001221,0.7649572491645813,0.6946725249290466,0.23404255319148934,0.02173913043478261,0.19148936170212766,0.8680447340011597,0.8833799362182617,0.8756451606750488,60,1.935483870967742,0.3076923076923077,0.5134824067354202,0.4072800278663635,1,1,1,0,0,0,How many people are affected by Hemorrhoids ?,Gastrointestinal,"Hemorrhoids affect millions of people worldwide. The exact number varies depending on the study, but estimates range from 20% to 40% of the adult population having some degree of hemorrhoids. This prevalence is higher among older adults and those who have been pregnant due to increased intra-abdominal pressure during childbirth. However, not everyone experiences symptoms or requires treatment for hemorrhoids."
0.5816892186800638,0.5886397361755371,0.5868557294209799,0.6014354228973389,0.18619475762049353,0.3617100687310883,0.536112438065375,0.9995682240994787,1.0,0.6014354228973389,0.6136394143104553,0.747104287147522,0.304,0.056451612903225805,0.16,0.8369723558425903,0.816035270690918,0.8263711929321289,129,1.1120689655172413,0.42857142857142855,0.5679922898610433,0.3920237123966217,2,1,1,0,0,0,"What are the treatments for Diabetes, Heart Disease, and Stroke ?",Cardiovascular,"Diabetes is treated by controlling blood glucose levels through medication (oral hypoglycemic agents), lifestyle modifications (dietary adjustments and exercise), and sometimes insulin therapy if diet and lifestyle fail.
Heart disease is managed by treating underlying conditions like hypertension, hyperlipidemia, and obesity, as well as preventing further damage with medications (antihypertensive drugs, lipid-lowering drugs) and lifestyle modifications (weight loss, smoking cessation).
Stroke management often involves treating any underlying conditions that contributed to the stroke, such as high blood pressure, hypercholesterolemia, and diabetes. Medications like aspirin, anticoagulants, and statins can be used to prevent future strokes. Lifestyle changes like regular exercise, quitting smoking, maintaining a healthy diet, and avoiding excess alcohol consumption can also help in managing stroke risk. Additionally, rehabilitation programs after a stroke can improve mobility and functional abilities."
0.6038332184155782,0.6332765817642212,0.6317903995513916,0.6980274319648743,0.3474183877309164,0.3447376639327284,0.6511674516519679,0.9746537778736665,1.0,0.6980274319648743,0.7999929785728455,0.7551201581954956,0.29120879120879123,0.03867403314917127,0.15384615384615385,0.8569513559341431,0.834286630153656,0.8454671502113342,121,0.49794238683127573,0.425,0.6355670293172201,0.612995445728302,0,1,1,0,0,0,What are the treatments for Osteoporosis ?,Musculoskeletal,"Treatments for osteoporosis may include:

  * Regular physical activity
  * Proper nutrition (e.g., increasing calcium and vitamin D levels)
  * Taking medications prescribed by a healthcare provider (e.g., bisphosphonates, calcitonin) to stimulate bone formation
  * Weight-bearing exercises, such as walking, running, or weightlifting, which can increase bone density and strength
  * Bone density tests, such as DXA scans, to monitor progress and adjust treatment plans if necessary
  * Managing underlying medical conditions that contribute to osteoporosis, such as diabetes or thyroid disorders.
  * Avoiding smoking and excessive alcohol consumption, which can increase the risk of developing osteoporosis.
  * Consultation with a healthcare professional before starting any new medication or taking supplements to ensure they are safe and effective for managing osteoporosis."
0.7751466234525045,0.7888294458389282,0.6631443103154501,0.7819352149963379,0.1720061103502909,0.2290229813898114,0.25619610149542493,1.0,1.0,0.7819352149963379,0.6851954460144043,0.6755909323692322,0.3333333333333333,0.0569620253164557,0.18238993710691823,0.8344377875328064,0.7570364475250244,0.793854832649231,151,0.8388888888888889,0.4375,0.7284531593322754,0.6601337194442749,0,1,1,0,0,0,What is (are) Graves' Disease ?,Endocrine/Metabolic,"Graves' disease is an autoimmune condition that results from the immune system mistakenly attacking the thyroid gland. This overreaction leads to the production of abnormally high levels of thyroid hormones, which can cause several symptoms related to thyroid function, including:

- Rapid heart rate (palpitations)
- Weight loss despite increased appetite
- Irregular menstruation or amenorrhea
- Fatigue or weakness
- Dry skin
- Bulging eyes (thyroid eye disease)
- Thirst and weight gain
- Difficulty sleeping due to hypothyroidism
- Excessive thirst and frequent urination
- Loss of concentration and memory problems
- Slow healing of wounds
- Changes in hair color and texture
- Dry cough

These symptoms occur because the immune system mistakes the thyroid for a harmful invader and attacks its tissues. Without treatment, Graves' disease progresses into a form called ""hypothyroidism,"" which can lead to serious complications like heart disease and organ failure if left untreated."
0.5206590493520101,0.5293128490447998,0.3583429455757141,0.3709319233894348,0.4464277227719625,0.12949481070381538,0.17882801313484253,0.9921670546425635,0.0,0.3709319233894348,0.47368842363357544,0.6892531514167786,0.18695652173913044,0.050108932461873645,0.09782608695652174,0.8156908750534058,0.8219418525695801,0.8188043832778931,135,0.1762402088772846,0.34,0.2319997176527977,-0.05969308316707611,11,1,1,0,0,0,what research (or clinical trials) is being done for Stroke ?,Neurological,"There are ongoing research studies focusing on various aspects of stroke care, including:

1. **Thrombectomy:** This involves the removal of blood clots from inside the brain before they cause more damage.
2. **Tissue plasminogen activator (tPA):** A clot-busting drug used in certain cases of ischemic stroke.
3. **Reperfusion therapy:** Techniques aimed at restoring blood flow to an area of the brain where it was blocked by a blood clot.
4. **Transcranial Doppler (TCD):** An imaging test that uses ultrasound waves to look at blood flow through the brain vessels.
5. **Surgical intervention:** Procedures such as craniotomy, carotid endarterectomy, and vertebral artery stenting to remove blockages in the arteries supplying the brain.
6. **Preventive measures:** Research into lifestyle changes, diet, and exercise to reduce the risk of stroke.

These studies aim to better understand the underlying"
0.6297684709231058,0.6398661732673645,0.7024983763694763,0.7866219282150269,0.3034196893374125,0.1666031167164377,0.19874764444559065,0.999227400653703,1.0,0.7866219282150269,0.8302012085914612,0.6903742551803589,0.2847341337907376,0.13080895008605853,0.17152658662092626,0.8981984853744507,0.768617570400238,0.8283711671829224,101,0.21581196581196582,0.42,0.7135021090507507,0.6070702075958252,0,1,1,0,0,0,What is (are) Stroke ?,Cardiovascular,"A stroke is a medical emergency that can occur due to a blockage or reduction in the blood flow to parts of the brain. There are two types of strokes: ischemic stroke and hemorrhagic stroke. An ischemic stroke occurs when a blood vessel in the brain is blocked or reduces its ability to deliver oxygen and nutrients to brain cells. On the other hand, a hemorrhagic stroke occurs when a blood vessel in the brain bursts, causing bleeding within the brain. Both types of strokes can lead to significant brain damage and disability, which is why prompt medical intervention is crucial."
0.4397595226764679,0.4880739450454712,0.47171812256177265,0.5678179264068604,0.568604792157809,0.6698253608045763,1.1845122039471754,0.9940595092558276,0.3333333333333333,0.5678179264068604,0.7779737710952759,0.7939083576202393,0.08943716268311488,0.04243827160493827,0.05859676175790285,0.8453154563903809,0.7375757694244385,0.7877789735794067,141,0.05713128038897893,0.34,0.2014889781447974,-0.019756797701120377,10,0,1,0,0,1,What are the treatments for Neuroblastoma ?,Unrelated,"The treatments for Neuroblastoma vary depending on the stage of the disease and the type of neuroblastoma. Treatment options may include:

1. Surgery: Depending on the specific stage and location of the tumor, surgery may be necessary to remove or destroy the tumor.
2. Radiation Therapy: Radiation therapy can help reduce the growth of a tumor by killing cancer cells and destroying nearby healthy cells.
3. Chemotherapy: Chemotherapy drugs are used to slow the growth of cancer cells and kill them off. They may be administered orally or intravenously.
4. Stem Cell Transplantation: In some cases, a transplant of healthy stem cells from a donor might be an option if other treatments do not work.

It's important to discuss these treatment options with your healthcare provider to determine which ones would be most appropriate for you based on your individual situation."
0.6292020479838053,0.6571210622787476,0.5861640771230062,0.6167244911193848,0.31799399852752686,0.19641657650636304,0.2540793095490517,0.9616707070219379,1.0,0.6167244911193848,0.8371812701225281,0.7754909992218018,0.2015810276679842,0.061386138613861385,0.1007905138339921,0.8427693843841553,0.808657169342041,0.8253609538078308,153,0.18,0.5,0.30438613070873544,-0.01806979812681675,11,1,1,0,0,0,What are the treatments for Kidney Disease ?,Kidney/Renal,"Kidney disease treatment options depend on the type of kidney disease and its stage. Common treatments for chronic kidney disease include:

1. Lifestyle changes: Maintaining a healthy diet, regular exercise, and avoiding certain foods like sodium-rich ones can help manage kidney disease.

2. Medications: Blood-pressure-lowering drugs, diabetes management, and possibly diuretics to lower fluid retention can be prescribed.

3. Dialysis: For patients with advanced kidney failure, dialysis is used to remove waste products from the blood. Some people may also require a kidney transplant.

4. Transplantation: In cases where no viable kidney exists, kidney transplantation can be performed.

5. Preventive measures: Keeping blood glucose levels within normal ranges, maintaining a healthy body mass index, and not smoking are all important steps in preventing kidney disease progression.

6. Genetic testing: Testing for genetic predispositions to kidney disease can help guide lifestyle choices and medication regimens.

7. Nutrition therapy: A balanced diet rich in fruits"
0.700887660185496,0.7628901600837708,0.4121764600276947,0.4383687674999237,0.17092951138814294,0.15603141134300866,0.16449252657802707,1.0,0.0,0.4383687674999237,0.429548442363739,0.7797073125839233,0.21359223300970875,0.0196078431372549,0.10679611650485438,0.8297634124755859,0.8435072302818298,0.8365788459777832,91,0.7982456140350878,0.125,0.49125309884548185,0.19100229442119598,2,1,1,0,0,0,What is (are) High Blood Pressure ?,Cardiovascular,"High blood pressure, also known as hypertension, refers to an abnormally high systolic and/or diastolic blood pressure. Systolic blood pressure measures the pressure at which the heart pumps during each heartbeat, while diastolic blood pressure measures the pressure when the heart is not pumping, usually around 60-80 mmHg. When both measurements are elevated beyond normal levels, it can lead to various complications such as heart disease, stroke, and kidney damage. Common causes include genetics, obesity, diabetes, and physical activity. Regular monitoring and treatment are crucial for managing high blood pressure effectively."
0.6982501347859701,0.7056013345718384,0.602237323919932,0.6701141595840454,0.2562309503555298,0.04280588168917496,0.04568292967635004,0.9483233243291651,1.0,0.6701141595840454,0.6306889653205872,0.7280442118644714,0.18072289156626506,0.024390243902439025,0.10843373493975902,0.7966363430023193,0.8462774753570557,0.8207069635391235,101,1.6031746031746033,0.38461538461538464,0.7564012706279755,0.7235496640205383,0,1,1,0,0,0,Who is at risk for Stroke? ?,Cardiovascular,"People who are overweight or obese, physically inactive, heavy or binge drinkers, use of illegal drugs such as cocaine and methamphetamine, high blood pressure, cigarette smoking or secondhand smoke exposure, high cholesterol, obstructive sleep apnea, cardiovascular disease (including heart failure, heart defects, heart infection or irregular heartbeat), atrial fibrillation, COVID-19 infection, and other factors associated with a higher risk of stroke may be at increased risk for stroke. Additionally, individuals who are older, particularly those aged 55 years or older, and from certain racial/ethnic groups like African Americans and Hispanics also have an increased risk of stroke compared to other populations."
0.3951333264509837,0.42393815517425537,0.5058504343032837,0.5749500393867493,0.5320085684458415,0.2804921060730569,0.8414763182191708,0.9976553151590096,0.6666666666666666,0.5749500393867493,0.7829392552375793,0.5715705752372742,0.4018264840182648,0.1290322580645161,0.24657534246575338,0.8683282136917114,0.8574371337890625,0.8628483414649963,127,1.3956043956043955,0.5217391304347826,0.45106897089216447,0.26517170667648315,6,1,1,0,0,0,What is (are) Hemochromatosis ?,Endocrine/Metabolic,"Hemochromatosis is a hereditary disorder characterized by the accumulation of iron in the body. It results from mutations in the HFE gene, located on chromosome 6p21. This genetic mutation leads to abnormal production of the protein transferrin, which binds iron poorly. As a result, excess iron cannot be efficiently removed from the body, leading to the build-up in organs and tissues.

Hemochromatosis can affect various systems and organs in the body. Common symptoms include fatigue, weight loss, difficulty breathing, and joint pain due to iron overload in the muscles. Over time, it can lead to organ damage and eventually, liver failure. Treatment options include dietary changes, iron supplements, and sometimes liver transplantation for severe cases. Early diagnosis and management are crucial to prevent further damage and complications."
0.3874891400337219,0.3946259021759033,0.45011890927950543,0.5052913427352905,0.34614092111587524,0.22875757449427067,0.5727330547732774,0.913588482967124,0.3333333333333333,0.5052913427352905,0.37629610300064087,0.727315366268158,0.22149837133550487,0.026229508196721308,0.13029315960912052,0.8150321245193481,0.8173121213912964,0.8161705136299133,154,0.9746835443037974,0.0,0.4547085513671239,0.3911864161491394,5,0,1,0,0,1,What is (are) Problems with Smell ?,Unrelated,"Smelling problems can be caused by various factors, including:

  * Sensory impairment: Conditions like anosmia (loss of sense of smell) can affect one's ability to detect odors.
  * Chemical exposure: Inhalation of certain chemicals, such as those found in household cleaners or paint, can lead to loss of olfactory sensitivity.
  * Chronic obstructive pulmonary disease (COPD): As mentioned earlier, COPD can contribute to the development of olfactory disorders due to chronic inflammation in the nasal passages.
  * Neurological conditions: Disorders affecting the brain, such as multiple sclerosis or Parkinson's disease, can also disrupt the function of the olfactory system.

In some cases, a combination of these factors might result in specific odor-related difficulties, such as difficulty distinguishing between different odors or a persistent lack of interest in smelling certain scents.

It's essential to consult a healthcare provider if you're experiencing persistent or severe smelly problems to rule out any underlying health issues and receive"
0.4700096746285756,0.4907582998275757,0.4898311197757721,0.5597565174102783,0.6851882835229237,0.36074373030858814,0.9521760972280806,0.9876657356903424,0.6666666666666666,0.5597565174102783,0.7033210396766663,0.6791104674339294,0.3365853658536586,0.12254901960784313,0.24878048780487805,0.844495952129364,0.7503683567047119,0.7946544289588928,155,0.6007751937984496,0.3684210526315789,0.2218323431443423,-0.03590156137943268,14,0,1,0,0,1,What is (are) Endometrial Cancer ?,Unrelated,"Endometrial cancer refers to a type of cancer that originates from the lining of the uterus, which is the female reproductive organ. It is the second most common gynecological cancer in the United States, following breast cancer. This type of cancer usually develops slowly over time and tends to be more aggressive than cervical cancer, another type of uterine cancer.

The specific cause(s) of endometrial cancer remain largely unknown, although genetic factors play a significant role. Some risk factors include:

1. Age: The risk of developing endometrial cancer increases significantly with age.
2. Smoking: Regular smoking has been linked to an increased risk of endometrial cancer.
3. Family history: Women who have family members with endometrial cancer tend to have higher risks themselves.
4. Obesity: Being overweight or obese can increase the risk of endometrial cancer.
5. High blood pressure: Having high blood pressure can raise the risk of endometrial cancer.
6. Certain types of"
0.6968748768170675,0.6987817287445068,0.5670652786890665,0.5922266840934753,0.15502214431762695,0.04350915226923129,0.05108537913963478,0.9793287665200104,1.0,0.5922266840934753,0.581708550453186,0.741556704044342,0.0591715976331361,0.023952095808383228,0.047337278106508875,0.784445583820343,0.802977442741394,0.7936033010482788,158,15.8,0.2222222222222222,0.4707469916237252,-0.022035377100110054,2,1,1,0,0,0,What is (are) Heart Failure ?,Cardiovascular,"Heart failure is a condition characterized by reduced cardiac output and inability of the heart to maintain adequate blood pressure in the body tissues due to impaired function of one or more heart muscles. It can result from various underlying conditions including:

- **Coronary artery disease**: Obstruction of coronary arteries, leading to reduced blood flow to the heart muscle, causing heart failure.
- **Cardiovascular diseases**: Conditions such as hypertension, atherosclerosis, and valvular heart disease, which increase the workload on the heart and reduce its ability to pump effectively.
- **Age-related changes**: As individuals age, their hearts naturally lose some of their strength and efficiency, contributing to the development of heart failure.
- **Congenital heart defects**: These can affect the structure and function of the heart from birth, making it difficult for the heart to pump efficiently.
- **Hypertension**: High blood pressure, known medically as hypertension, places an additional strain on the heart and contributes to its failure.
-"
0.7045865853627523,0.7072020769119263,0.6504909992218018,0.7435259819030762,0.22550535202026367,0.25293628002559393,0.2692103305264643,1.0,1.0,0.7435259819030762,0.6607048511505127,0.7709392309188843,0.14583333333333334,0.03496503496503496,0.11805555555555557,0.8382650017738342,0.7802143096923828,0.8081985712051392,41,0.1607843137254902,0.10416666666666667,0.5453066229820251,0.3831883668899536,1,1,1,0,0,0,What is (are) Alzheimer's Disease ?,Neurological,"Alzheimer's disease is a progressive neurological disorder caused by the accumulation of beta-amyloid protein and neurofibrillary tangles in the brain. These changes lead to the death of brain cells and eventually result in cognitive decline, memory loss, confusion, and behavioral changes."
0.6931524276733398,0.7169723510742188,0.7522666255633036,0.8172948360443115,0.2282073895136515,0.572755075195926,0.8380373168081642,1.0,1.0,0.8172948360443115,0.7231941819190979,0.6206501722335815,0.14410480349344978,0.039473684210526314,0.07860262008733626,0.8559752702713013,0.7000318765640259,0.7701892256736755,49,0.12219451371571072,0.3125,0.684120237827301,0.684120237827301,0,1,1,0,0,0,Who is at risk for Metabolic Syndrome? ?,Endocrine/Metabolic,"People who are older, have an ethnic background different from Hispanic Americans, carry excess body weight, have diabetes during pregnancy (gestational diabetes), are inactive, engage in physical activities less than recommended, and have high blood pressure, high cholesterol, and high triglycerides are at increased risk for developing metabolic syndrome."
0.6978441079457601,0.7526971101760864,0.4851512312889099,0.5085240006446838,0.2508322596549988,0.19183733998667848,0.23757002004226327,0.9979285461412544,0.6666666666666666,0.5085240006446838,0.5856195092201233,0.7130849361419678,0.21459227467811157,0.034482758620689655,0.12017167381974249,0.853280246257782,0.8134315609931946,0.8328795433044434,104,0.28969359331476324,0.1702127659574468,0.43931368986765545,-0.06698554754257202,2,1,1,0,0,0,What is (are) Rheumatoid Arthritis ?,Musculoskeletal,"Rheumatoid arthritis is an ongoing, chronic condition characterized by pain, swelling, and inflammation in the joints. It primarily affects small joints such as those in the hands and feet but can spread to other areas of the body including the skin, eyes, lungs, heart, and blood vessels. The condition can result in deformities and disability if left untreated. There is no cure for rheumatoid arthritis, but treatment options aim to manage symptoms and prevent complications. Factors that increase the risk of developing rheumatoid arthritis include genetics, infections, hormonal changes, and certain types of cancer. Early detection and management are crucial for optimal patient outcomes."
0.6751156051953634,0.7003389000892639,0.7012048363685608,0.752206563949585,0.26232387622197473,0.12646168878268793,0.1845850462275686,0.9719224101657392,1.0,0.752206563949585,0.7288539409637451,0.6927135586738586,0.2110912343470483,0.0466786355475763,0.10733452593917711,0.8597331047058105,0.8220101594924927,0.8404484987258911,101,0.2205240174672489,0.34146341463414637,0.5780166685581207,0.4898330867290497,1,1,1,0,0,0,What is (are) Osteoporosis ?,Endocrine/Metabolic,"Osteoporosis is a condition characterized by weakened and porous bones, leading to an increased risk of fractures. It primarily affects individuals in their later years due to hormonal changes related to aging and reduced bone density. The risk factors for osteoporosis include genetic predisposition, smoking, alcohol consumption, and certain lifestyle habits like excessive exercise, sedentary behavior, and lack of adequate calcium and vitamin D intake. Women have a higher risk of developing osteoporosis due to lower estrogen levels during menopause and the increased likelihood of fractures from falls. Genetic factors also play a significant role in predisposing some individuals to osteoporosis."
0.6859387755393982,0.7041574120521545,0.7630520264307658,0.7761937379837036,0.1665677626927694,0.23294528190990552,0.5973661405872166,1.0,1.0,0.7761937379837036,0.7618247270584106,0.7336665391921997,0.2903225806451613,0.05691056910569106,0.16129032258064516,0.874842643737793,0.7945781946182251,0.8327808976173401,64,0.3404255319148936,0.3170731707317073,0.4698353310426076,0.2807556092739105,2,1,1,0,0,0,What is (are) Lupus ?,Musculoskeletal,"Lupus is a chronic autoimmune disease that affects multiple organ systems, including the muscles, bones, joints, skin, blood vessels, digestive tract, lungs, kidneys, nervous system, and brain. It can cause inflammation throughout the body, leading to various symptoms such as joint pain, fatigue, skin rashes, headaches, shortness of breath, and more. Treatment options aim to manage symptoms and slow the progression of the disease."
0.717918852965037,0.7389278411865234,0.7653277516365051,0.7921192646026611,0.20657648642857873,0.011595900752729477,0.012801483088581563,0.9779379534601519,1.0,0.7921192646026611,0.8211236000061035,0.7730322480201721,0.30357142857142855,0.04504504504504505,0.16964285714285715,0.880843997001648,0.7701199054718018,0.8217690587043762,51,0.29651162790697677,0.2682926829268293,0.7044859925905863,0.5828043222427368,0,1,1,0,0,0,What causes Bronchitis ?,Respiratory,"Bronchitis is caused by infections such as viruses and bacteria. These infections can lead to inflammation in the airways, making it difficult for air to pass through. Chronic bronchitis, which is a longer-lasting form of bronchitis, is often caused by smoking cigarettes or exposure to other harmful substances in the environment."
0.6754175821940104,0.6807423233985901,0.7044844428698221,0.7608062028884888,0.19936438401540124,0.15688906959824597,0.19338294953413535,0.9776835109093837,1.0,0.7608062028884888,0.7280065417289734,0.638946533203125,0.15195071868583163,0.043209876543209874,0.08624229979466119,0.8450793623924255,0.7569477558135986,0.7985893487930298,107,0.12860576923076922,0.30612244897959184,0.6225426137447357,0.40889886021614075,1,1,1,0,0,0,What is (are) Atrial Fibrillation ?,Cardiovascular,"Atrial fibrillation (AFib) is an irregular and often very rapid heart rhythm caused by chaotic electrical activity in the upper chambers of the heart. It is characterized by irregular heartbeats that may occur at a faster pace than normal. These irregularities can lead to blood clots in the heart and increase the risk of stroke, heart failure, and other heart-related complications. Symptoms of AFib include palpitations, shortness of breath, dizziness, lightheadedness, chest pain, and fatigue. Treatment options for AFib may include medications to control the irregular heartbeat, such as beta-blockers or digitalis, lifestyle changes like weight loss and quitting smoking, and in some cases, implantable cardioverter-defibrillators (ICDs)."
0.6325593193372091,0.6479772329330444,0.6904550393422445,0.7145730257034302,0.14427862564722693,-0.002685997238517713,-0.0023807456341034647,0.995481626062735,1.0,0.7145730257034302,0.729435384273529,0.7251920104026794,0.3215686274509804,0.07905138339920947,0.13333333333333333,0.8554724454879761,0.7747534513473511,0.813114583492279,90,0.5263157894736842,0.3333333333333333,0.529476797580719,0.37010252475738525,2,1,1,0,0,0,What are the symptoms of Short Bowel Syndrome ?,Gastrointestinal,"Irritable Bowel Syndrome (IBS) is characterized by symptoms such as abdominal pain, bloating, constipation, diarrhea, gas, and altered bowel habits. However, Short Bowel Syndrome does not typically have specific symptoms associated with it. It refers to a type of malabsorption where the small intestine is severely affected due to a congenital defect or injury. Symptoms might include weight loss, malnutrition, and failure to thrive. A healthcare professional would need to assess the child's overall health status and nutritional intake to determine whether Short Bowel Syndrome is contributing to these symptoms."
0.5409887234369913,0.5791816115379333,0.419538011153539,0.4247138500213623,0.20966984828313195,0.265974726853126,0.5875630138853591,0.9977633638423831,0.0,0.4247138500213623,0.6990563869476318,0.7627580165863037,0.3157894736842105,0.11594202898550725,0.1626794258373206,0.8391361236572266,0.876613974571228,0.8574657440185547,144,2.360655737704918,0.7272727272727273,0.23509763072555265,-0.03913400322198868,9,1,1,0,0,0,What are the treatments for Osteoarthritis ?,Musculoskeletal,"The treatments for Osteoarthritis typically focus on managing the symptoms rather than reversing the damage to the joints. Here are some key approaches:

1. **Weight Management**: Maintaining a healthy body mass index (BMI) can help reduce stress on affected joints and potentially slow the progression of the disease.

2. **Exercise**: Regular physical activity can help maintain muscle strength, flexibility, and range of motion, which can improve joint health and reduce pain. Activities like walking, swimming, or yoga may be particularly beneficial.

3. **Medication**: Certain medications, such as nonsteroidal anti-inflammatory drugs (NSAIDs), pain relievers, and corticosteroids, can provide temporary relief from pain and inflammation but should not be used long-term without consulting a healthcare professional.

4. **Physical Therapy**: Therapies like manual therapy, massage, and stretching exercises can improve joint function and reduce pain by enhancing the range of motion and improving flexibility.

5. **Injections**: Steroid"
0.5512054761250814,0.5536748766899109,0.4539974530537923,0.5032733082771301,0.4101805488268534,0.1899904695310691,0.2480559189130856,0.9554451493356318,0.3333333333333333,0.5032733082771301,0.6614149808883667,0.732408344745636,0.08536585365853658,0.012345679012345678,0.06097560975609755,0.8028524518013,0.8556714057922363,0.828420877456665,145,8.055555555555555,0.6,0.21292106062173843,-0.04485686123371124,14,1,1,0,0,0,What to do for Kidney Dysplasia ?,Kidney/Renal,"Kidney dysplasia refers to an abnormal growth of kidney tissue. It can occur in various conditions including hereditary disorders, infections, and genetic mutations. 

For individuals with kidney dysplasia, it's crucial to manage the underlying condition causing the dysplasia. Treatment options vary depending on the specific cause:

1. **Genetic Disorders**: In cases where kidney dysplasia is caused by a genetic mutation, managing the underlying genetic disorder may help prevent further complications.

2. **Infections**: Certain infections like cystitis (inflammation of the bladder) can be treated with antibiotics. In some cases, surgery might be necessary.

3. **Diabetes Mellitus**: High blood sugar levels can damage kidneys. Regular monitoring and treatment for diabetes can help slow down the progression of kidney dysfunction.

4. **Cancer**: Cancer of the kidney (renal cell carcinoma) requires specialized treatment. Early detection and prompt treatment are key.

5. **Other Medical Conditions**: Other medical conditions such as"
0.6292020479838053,0.6571210622787476,0.39139047265052795,0.4494428038597107,0.31799399852752686,0.19641657650636304,0.2540793095490517,0.9526617678392112,0.0,0.4494428038597107,0.3965623378753662,0.7515629529953003,0.15657311669128507,0.014814814814814815,0.07385524372230429,0.8113765716552734,0.7820772528648376,0.7964575290679932,129,0.225130890052356,0.22916666666666666,0.4074606755748391,-0.0180697962641716,5,1,1,0,0,0,What are the treatments for Kidney Disease ?,Kidney/Renal,"Kidney disease is typically managed through a combination of medication, diet, and lifestyle changes. The specific treatment options depend on the stage of kidney disease and underlying causes. Here’s an overview of some common treatments:

1. Medications:
   - Angiotensin-converting enzyme inhibitors (ACEI)
   - Angiotensin receptor blockers (ARB)
   - Calcium channel blockers
   - Renal replacement therapy (e.g., hemodialysis, peritoneal dialysis)
   - Immunosuppressive drugs for autoimmune diseases
   - Steroids for inflammation
   - Anticoagulants for heart disease

2. Diet and Nutrition:
   - Protein restriction: In advanced stages, protein intake is reduced significantly to prevent further kidney damage.
   - Low-sodium diet: Reduces fluid retention and decreases the risk of complications like hypertension and edema.

3. Lifestyle Changes:
   - Weight management: Maintaining a healthy weight helps improve kidney function and reduces the risk of"
0.6561057567596436,0.6714440584182739,0.30198179682095844,0.31357795000076294,0.2469607790311178,0.08167173993476769,0.12081040106986955,0.9965913110452628,0.0,0.31357795000076294,0.40753403306007385,0.7335237264633179,0.18156424581005587,0.03081232492997199,0.09217877094972067,0.8158512711524963,0.7870402932167053,0.8011868596076965,160,0.28776978417266186,0.2127659574468085,0.4276304485069381,-0.043567873537540436,4,1,1,0,0,0,What is (are) Diabetes ?,Endocrine/Metabolic,"Diabetes refers to a group of conditions characterized by elevated blood glucose levels that occur due to either insufficient production of insulin or resistance to its effects on the body's tissues and organs. There are two main types of diabetes:

1. **Type 1 Diabetes**:
   - A genetic disorder resulting in an autoimmune attack on the beta cells of the pancreas, leading to insensitivity to insulin.
   - It affects children and young adults under the age of 30.

2. **Type 2 Diabetes**:
   - An acquired disease that occurs when the body becomes resistant to insulin, despite having sufficient amounts of the hormone being produced by the pancreas.
   - It typically develops over time, often affecting middle-aged and older adults.
   - It can be triggered by several risk factors including obesity, physical inactivity, and high cholesterol or blood pressure.

Both forms of diabetes require careful monitoring and management through dietary adjustments, regular exercise, and sometimes medication to maintain stable blood sugar levels."
0.7963041265805563,0.8148258924484253,0.565247118473053,0.6672371625900269,0.20553849140803016,0.24899533837333396,0.2604395631492327,0.941419069397516,0.6666666666666666,0.6672371625900269,0.6907438039779663,0.7968646287918091,0.26297577854671284,0.06271777003484322,0.15916955017301038,0.8545541763305664,0.7882629036903381,0.8200711011886597,93,0.4744897959183674,0.23529411764705882,0.600558203458786,0.42705586552619934,2,1,1,0,0,0,What is (are) Polycystic Kidney Disease ?,Kidney/Renal,"Polycystic kidney disease (PKD) is a condition that affects the kidneys, causing clusters of cysts to form in the body. These cysts can be small or large, but they can still cause significant damage over time. PKD is an inherited condition that can be passed down from parents to offspring. There are two main types of PKD: autosomal dominant polycystic kidney disease (ADPKD), which is more common, and autosomal recessive polycystic kidney disease (ARPKD), which is rare. Both types of PKD can lead to kidney failure and other health problems if left untreated."
0.7183993657430013,0.7400057911872864,0.7827563881874084,0.8405952453613281,0.20934190352757776,0.01304219024733639,0.015877942551577075,1.0,1.0,0.8405952453613281,0.7305364608764648,0.8202513456344604,0.1114058355437666,0.03897254207263065,0.07073386383731212,0.8799338936805725,0.8084900975227356,0.8427004814147949,86,0.08067542213883677,0.24,0.543879297375679,0.1868160516023636,1,1,1,0,0,0,What causes Gout ?,Musculoskeletal,"Gout is caused by the accumulation of urate crystals in the joints, leading to inflammation, intense pain, and swelling. This process occurs due to high levels of uric acid in the bloodstream. The excess uric acid builds up and forms sharp, needle-like crystals, which can accumulate in various parts of the body, including the joints. These crystals irritate the tissues around them, causing pain, redness, warmth, and swelling. Other factors that contribute to the development of gout include diet, weight, alcohol consumption, and certain medical conditions."
0.6703715721766154,0.6878493428230286,0.7295997540156046,0.7828941345214844,0.1900609930356344,0.19247765204250977,0.5433266718082508,0.9800569257282342,1.0,0.7828941345214844,0.8202958106994629,0.7535219788551331,0.28116710875331563,0.11199999999999999,0.1697612732095491,0.8623879551887512,0.817888617515564,0.8395490050315857,79,0.2651006711409396,0.23404255319148937,0.4742577701807022,0.2022358626127243,3,1,1,0,0,0,What is (are) Colorectal Cancer ?,Gastrointestinal,"Colorectal cancer refers to a type of cancer that starts in the colon or rectum, which are parts of the digestive system located near the anus. Both terms describe tumors (cancerous or non-cancerous growths) in these organs. The colon is the long, muscular tube within the abdomen that absorbs most nutrients from solid foods. It also moves waste products out of the body. The rectum is a short, narrow part of the large intestine that ends at the anus."
0.6171795129776001,0.6394938230514526,0.38944127162297565,0.39800184965133667,0.18846287329991662,0.20053961156136302,0.540375172819608,0.9988980811409195,0.0,0.39800184965133667,0.5720984935760498,0.7760968804359436,0.19724770642201833,0.03225806451612903,0.08715596330275228,0.8375319838523865,0.8137400150299072,0.8254645466804504,97,0.2878338278931751,0.375,0.3834533244371414,0.23830048739910126,4,1,1,0,0,0,How to diagnose Rheumatoid Arthritis ?,Musculoskeletal,"To diagnose rheumatoid arthritis (RA), a healthcare professional will conduct a thorough physical examination that includes evaluating joint function, tenderness, and swelling. They may perform blood tests such as erythrocyte sedimentation rate (ESR) and C-reactive protein levels to measure inflammation. Imaging studies like X-rays, ultrasound, or computerized tomography scans (CT scans) may also be performed to assess bone erosion. In some cases, additional diagnostic tests including skin biopsy, anti-Ro/SSA antibodies test, or rheumatoid factor (RF) test may be ordered to rule out other conditions causing similar symptoms. Early diagnosis and treatment are crucial for managing RA effectively."
0.6592375040054321,0.669437825679779,0.6368091305096945,0.7121450304985046,0.3086061477661133,0.1470085769672865,0.14909770733826894,0.9597139575917952,1.0,0.7121450304985046,0.7553681135177612,0.6703826189041138,0.27586206896551724,0.05217391304347826,0.15517241379310343,0.8718065023422241,0.7975342273712158,0.8330180644989014,62,0.3502824858757062,0.2857142857142857,0.5641803940137228,0.5281826257705688,0,1,1,0,0,0,What is (are) Cirrhosis ?,Gastrointestinal,"Cirrhosis is a condition that occurs when the liver becomes scarred due to inflammation caused by alcohol abuse, non-alcoholic fatty liver disease, or an underlying condition like diabetes or autoimmune disorders. It can cause various complications including high blood pressure, fluid build-up, and malnutrition, and it affects the entire digestive system. In severe cases, it can lead to liver failure and death."
0.7050861120223999,0.7156815528869629,0.6780039270718893,0.704679012298584,0.2370057304700216,0.7328135866759351,1.4029003916239113,1.0,1.0,0.704679012298584,0.8199182152748108,0.76320880651474,0.15100671140939595,0.031932773109243695,0.08221476510067115,0.8170196413993835,0.8136178255081177,0.8153152465820312,131,0.12265917602996254,0.44,0.6578750908374786,0.6462533473968506,0,1,1,0,0,0,What are the symptoms of Parkinson's Disease ?,Neurological,"The symptoms of Parkinson's Disease can vary widely depending on the stage of the condition and individual differences. Some common symptoms include:

- Slowness of movement (stiffness)
- Tremors (shaking) in hands, face, voice, legs, jaw, fingers, or head
- Difficulty with walking and balancing
- Changes in posture or falls due to tremors
- Slow reaction time
- Difficulty speaking or slurred speech
- Difficulty swallowing (dysphagia)
- Depression or mood changes
- Sleep disturbances
- Fatigue
- Constipation
- Urinary issues
- Loss of smell
- Tiredness
- Muscle stiffness
- Joint pain
- Cognitive decline
- Visual impairment
- Sexual dysfunction

It is important for individuals experiencing these symptoms to see a healthcare professional as soon as possible, as early diagnosis and treatment can lead to better outcomes."
0.6782961090405782,0.7090240716934204,0.6959802508354187,0.7392605543136597,0.11100437243779504,0.24843053562316983,0.4281579093893084,1.0,1.0,0.7392605543136597,0.8228941559791565,0.8259130716323853,0.37668161434977576,0.06334841628959276,0.1524663677130045,0.8389170169830322,0.7953386902809143,0.8165468573570251,99,0.7795275590551181,0.48484848484848486,0.5330296754837036,0.28043079376220703,1,1,1,0,0,0,What are the symptoms of Metabolic Syndrome ?,Endocrine/Metabolic,"The symptoms of metabolic syndrome can vary but generally include:

- Large waist circumference (often measured around the waistline)
- High blood sugar (either type 1 or type 2 diabetes)
- Blurred vision due to increased blood glucose levels
- Excessive thirst
- Frequent urination
- Feeling tired frequently
- Eye floaters (a common symptom of diabetes)

It's important to note that not everyone who has these symptoms will have metabolic syndrome; however, they are associated with this condition. If you have any of these symptoms, it's advisable to consult a healthcare professional for further evaluation and treatment recommendations."
0.7265331546465555,0.7613369226455688,0.8116565744082133,0.8710305690765381,0.179370125134786,0.3903478307783834,0.961978530622569,1.0,1.0,0.8710305690765381,0.7848795652389526,0.7474485635757446,0.31683168316831684,0.10101010101010101,0.25742574257425743,0.8394753932952881,0.8678359985351562,0.8534201383590698,36,0.5806451612903226,0.23333333333333334,0.5094068348407745,0.26028549671173096,1,1,1,0,0,0,What is (are) Parkinson's Disease ?,Neurological,"Parkinson's disease is a neurodegenerative disorder characterized by progressive motor symptoms, such as tremors, rigidity, bradykinesia, postural instability, and difficulty in initiating voluntary movements. It affects the basal ganglia, which include the substantia nigra and the苍白球。"
0.5188286105791727,0.5422900915145874,0.48437806963920593,0.49726539850234985,0.3970102071762085,0.030288066181948844,0.04640680462085249,0.9852718161244257,0.0,0.49726539850234985,0.8356910943984985,0.7584851980209351,0.26562499999999994,0.055118110236220465,0.17187500000000003,0.8768394589424133,0.8377307653427124,0.8568390011787415,61,0.3096446700507614,0.15,0.5176563362280527,0.48305413126945496,1,1,1,0,0,0,What causes Hemochromatosis ?,Endocrine/Metabolic,"Hemochromatosis is primarily caused by genetic mutations in the HFE gene, specifically in the ""cytochrome P450"" subdomain of this gene. This mutation leads to the accumulation of iron within the liver, leading to anemia and other symptoms associated with iron overload. Additionally, some individuals may also develop hemochromatosis due to dietary factors like excessive consumption of red meat and iron supplements."
0.6421187321345011,0.6738247871398926,0.7224440972010294,0.7922556400299072,0.27658168474833167,0.27062456536116647,0.7327946845489728,0.9946092255457151,1.0,0.7922556400299072,0.765772819519043,0.7746080160140991,0.2968197879858658,0.056939501779359435,0.1484098939929329,0.850829005241394,0.791767954826355,0.8202366828918457,150,1.1904761904761905,0.5625,0.3097065727298076,-0.09988933801651001,9,1,1,0,0,0,How to prevent Cardiomyopathy ?,Cardiovascular,"To prevent cardiomyopathy, several strategies should be considered:

1. **Maintain a Healthy Lifestyle**: This includes avoiding harmful substances like alcohol and illegal drugs, which can increase the risk of developing cardiomyopathy.
   
2. **Regular Exercise**: Engaging in regular physical activity can improve overall health and reduce the risk of cardiomyopathy. However, specific exercises might need to be tailored based on an individual's condition, including those that could exacerbate existing heart conditions.

3. **Healthy Diet**: Eating a balanced diet rich in fruits, vegetables, whole grains, lean proteins, and low-fat dairy products is beneficial for maintaining heart health. Avoid excessive salt intake and limit sugar consumption.

4. **Weight Management**: Being overweight or obese increases the risk of cardiomyopathy. Maintaining a healthy weight through regular exercise and a nutritious diet is crucial.

5. **Managing Chronic Conditions**: Proper management of conditions like hypertension, diabetes, and high cholesterol can significantly reduce the risk of developing cardiomyopathy"
0.7475437521934509,0.7883769273757935,0.7103239893913269,0.7670571804046631,0.2650356888771057,0.11941505896665362,0.14878120122510913,0.9972778548987241,1.0,0.7670571804046631,0.8071357607841492,0.8641175031661987,0.35460992907801414,0.09285714285714285,0.21985815602836878,0.8807366490364075,0.8443248271942139,0.8621464967727661,93,0.4946808510638298,0.3783783783783784,0.5766389866669973,0.20532375574111938,1,1,1,0,0,0,What is (are) Ankylosing Spondylitis ?,Musculoskeletal,"Ankylosing spondylitis, also called axial spondyloarthritis, is a type of inflammatory disease primarily affecting the spine. It involves inflammation of the vertebrae and sacroiliac joints, causing bone fusion and deformities. The condition also affects the hips, shoulders, and other joints. It can manifest with various symptoms including back pain, stiffness, fatigue, and difficulty moving certain areas of the body due to joint restrictions. Ankylosing spondylitis can develop gradually over years and may not always show up on X-rays. Its onset typically occurs during young adulthood, though it can affect people of all ages."
0.6746042370796204,0.7449794411659241,0.72474471728007,0.7850078344345093,0.2297595739364624,0.2638496320767714,0.5989057490618802,1.0,1.0,0.7850078344345093,0.871238648891449,0.7304012775421143,0.4071428571428572,0.08633093525179857,0.20714285714285713,0.8987517952919006,0.8532462120056152,0.8754080533981323,82,0.4270833333333333,0.5238095238095238,0.6540624737739563,0.37201225757598877,1,1,1,0,0,0,What is (are) Bursitis ?,Musculoskeletal,"Bursitis is a painful condition that affects the small, fluid-filled sacs—called bursae—that cushion the bones, tendons, and muscles near your joints. It occurs when bursae become inflamed, causing symptoms such as swelling, redness, and pain. Common sites for bursitis include the shoulder, elbow, hip, knee, ankle, heel, and base of the big toe. Bursitis is not usually disabling but may be caused by injuries, infections, or certain medications. Treatment typically involves rest, physical therapy, and possibly medication or surgery in severe cases."
0.6399138569831848,0.6505479216575623,0.5927020907402039,0.6744706630706787,0.2382398247718811,0.5979332144938172,1.136339694644588,0.9138846572598168,0.6666666666666666,0.6744706630706787,0.636522650718689,0.7734033465385437,0.1227154046997389,0.0549738219895288,0.09138381201044388,0.8655279874801636,0.7029774188995361,0.7758298516273499,61,0.08367626886145405,0.34,0.6913481950759888,0.6344451904296875,0,1,1,0,0,0,Who is at risk for Colorectal Cancer? ?,Gastrointestinal,"People over the age of 50, particularly those with a personal history of colorectal cancer or polyps, black race, inflammatory bowel disease, obesity, smoking, excessive alcohol consumption, radiation therapy for previous cancers, and those who are inactive or obese are at higher risk of developing colorectal cancer. Additionally, having a family history of colorectal cancer increases the risk of developing it."
0.6480024456977844,0.6790953874588013,0.6848336060841879,0.7543478012084961,0.2564732631047567,0.12861166691331763,0.14189858585299764,1.0,1.0,0.7543478012084961,0.7895025014877319,0.6925467252731323,0.35714285714285715,0.08633093525179855,0.17857142857142858,0.8684546947479248,0.8531589508056641,0.8607388734817505,108,0.6428571428571429,0.42857142857142855,0.550353491306305,0.3311469554901123,2,1,1,0,0,0,What is (are) Dementia ?,Neurological,"Dementia is a group of diseases characterized by the breakdown of nerve cells and their connections in the frontal and temporal lobes of the brain. These areas are associated with personality, behavior, and language. Common symptoms include problems with reasoning or problem-solving, trouble performing complex tasks, trouble with planning and organizing, poor coordination and control of movements, confusion and disorientation, personality changes, depression, behavior that doesn't fit the situation, being suspicious, known as paranoia, and seeing things that aren't there, known as hallucinations. The diagnosis and treatment of dementia depend on the specific type of dementia and the underlying cause. Mayo Clinic offers care for patients with dementia."
0.5589946309725443,0.5820344090461731,0.5809628168741862,0.6027950048446655,0.4131498336791992,0.5830970185361504,1.5478827839131188,0.9901348978032822,1.0,0.6027950048446655,0.9020139575004578,0.7775517702102661,0.3076923076923077,0.08988764044943821,0.19780219780219782,0.8871265053749084,0.8805897235870361,0.88384610414505,38,0.7916666666666666,0.375,0.3593311756849289,0.21322162449359894,2,1,1,0,0,0,How many people are affected by Kidney Dysplasia ?,Kidney/Renal,"Kidney dysplasia affects around 3,000 newborn infants worldwide. It occurs in about one out of every 2,000 live births. The condition is most common in the first few weeks after birth, affecting males slightly more often than females."
0.7045865853627523,0.7072020769119263,0.6674372951189677,0.7011202573776245,0.22550535202026367,0.25293628002559393,0.2692103305264643,1.0,1.0,0.7011202573776245,0.763904869556427,0.7900050282478333,0.29152542372881357,0.05460750853242321,0.15593220338983052,0.878000020980835,0.8260475397109985,0.8512318134307861,83,0.39903846153846156,0.2972972972972973,0.5308851301670074,0.34235697984695435,2,1,1,0,0,0,What is (are) Alzheimer's Disease ?,Neurological,"Alzheimer's Disease is a chronic neurological disorder that affects memory, learning, and thinking abilities, causing cognitive decline over time. It can lead to difficulties in performing daily activities, recognizing familiar faces and places, and even forming new memories. Alzheimer's Disease is primarily caused by the accumulation of abnormal proteins within brain cells, leading to their death and the deterioration of the brain tissue. Over time, this leads to a progressive loss of functions and symptoms including forgetfulness, confusion, mood changes, and social withdrawal."
0.5930972695350647,0.6311165690422058,0.636660655339559,0.6624351739883423,0.22901167472203576,0.13562645640990656,0.1573083505507853,1.0,1.0,0.6624351739883423,0.7977896928787231,0.840595006942749,0.08633093525179857,0.01729106628242075,0.0446043165467626,0.8389444351196289,0.7186453938484192,0.7741493582725525,98,0.0774703557312253,0.34,0.12514642280127322,-0.08107994496822357,13,1,1,0,0,0,What are the treatments for Cystic Fibrosis ?,Respiratory,"Treatments for Cystic Fibrosis include:

1. Regular follow-ups with healthcare professionals (at least every three months) to monitor lung function and overall health.
2. Medications to manage symptoms and treat complications like infections, respiratory problems, and digestive disorders.
3. Nutritional support to maintain good nutrition.
4. Physical therapy to help manage lung diseases like bronchiectasis or emphysema.
5. Genetic counseling and monitoring for potential mutations passed down from parents.
6. Lifestyle modifications, including hydration, smoking cessation, and exercise guidance.
7. Access to specialized therapies, research, and clinical trials focused on improving lung function, reducing symptoms, and extending lifespan."
0.7466258605321249,0.7867486476898193,0.6110591491063436,0.7265025973320007,0.2438870072364807,0.2727031661462126,0.6462680977206813,1.0,1.0,0.7265025973320007,0.7250359058380127,0.732269823551178,0.3492063492063492,0.072,0.19047619047619047,0.866017758846283,0.8752502799034119,0.8706095814704895,128,1.0406504065040652,0.375,0.47678248087565106,0.16901761293411255,3,1,1,0,0,0,What causes Rheumatoid Arthritis ?,Musculoskeletal,"Rheumatoid arthritis (RA) is an autoimmune disease caused by the immune system attacking healthy joint tissue by mistake. This autoimmune reaction is triggered by genetic and environmental factors, leading to chronic inflammation in the joints, skin, eyes, lungs, heart, and blood vessels. While experts do not fully understand the exact cause of RA, they suggest that there is a complex interplay between genetic predispositions, environmental triggers, and immune system dysfunction. Genetic factors are thought to contribute significantly, while external factors such as infections with certain viruses might initiate the condition in people who already carry the risk alleles. Additionally, hormonal influences, including hormones like estrogen, may also play roles in some cases. However, this remains a topic of ongoing investigation due to the multifactorial nature of the disease."
0.6076749761899313,0.6148457527160645,0.5533096591631571,0.5813040137290955,0.34027284383773804,0.514722063669432,1.0325488134197585,0.9899363907671748,1.0,0.5813040137290955,0.5383966565132141,0.4384569823741913,0.07692307692307694,0.011111111111111112,0.04395604395604395,0.8834262490272522,0.7886947393417358,0.8333770036697388,10,0.059880239520958084,0.0625,0.5274719595909119,0.5274719595909119,0,1,1,0,0,0,What are the treatments for Alzheimer's Disease ?,Neurological,Medicines may improve symptoms or slow the decline in thinking.
0.7084939281145731,0.7448462843894958,0.6956124703089396,0.7751518487930298,0.19335681200027466,0.1036214060179046,0.10839057816852049,0.962728752524285,1.0,0.7751518487930298,0.7281758189201355,0.7893952131271362,0.20415879017013233,0.05692599620493359,0.14366729678638943,0.8691577315330505,0.815108060836792,0.8412656188011169,78,0.17687074829931973,0.36,0.5799461156129837,0.4648086428642273,1,1,1,0,0,0,What is (are) Osteoarthritis ?,Musculoskeletal,"Osteoarthritis is a degenerative disease characterized by the loss of cartilage cushioning between the ends of bones. This wear-and-tear leads to the formation of bone spurs and may cause inflammation and swelling, eventually leading to pain and limited mobility in affected areas. The disease can affect various joints throughout the body but typically involves the hands, knees, hips, and spine. The progression of the disease can lead to significant discomfort and functional limitations, impacting quality of life significantly."
0.7084939281145731,0.7448462843894958,0.7468709548314413,0.8325948119163513,0.19335681200027466,0.1036214060179046,0.10839057816852049,0.958167858544334,1.0,0.8325948119163513,0.757693886756897,0.7746788263320923,0.38709677419354843,0.04918032786885246,0.20967741935483872,0.8996992707252502,0.8920366764068604,0.8958516120910645,58,0.9206349206349206,0.25,0.672636349995931,0.6594569087028503,0,1,1,0,0,0,What is (are) Osteoarthritis ?,Musculoskeletal,"Osteoarthritis is a disease characterized by the loss of cartilage in the joints, leading to bone-on-bone contact, inflammation, and pain. This progressive degenerative condition affects multiple joints throughout the body, causing significant discomfort and difficulty in daily activities for patients. Additionally, depression and sleep disturbances may occur due to the pain, stiffness, and mobility limitations associated with osteoarthritis."
0.6413783431053162,0.6636319160461426,0.7159688075383505,0.7611768245697021,0.3261030912399292,0.5610259383149028,1.0636054195027824,1.0,1.0,0.7611768245697021,0.7713377475738525,0.7051999568939209,0.3543307086614173,0.11904761904761904,0.18897637795275593,0.8794093728065491,0.7395637035369873,0.8034466505050659,63,0.3387096774193548,0.5,0.7660305798053741,0.7381477355957031,0,1,1,0,0,0,Who is at risk for Cardiomyopathy? ?,Cardiovascular,"Cardiomyopathy can be affected by various risk factors such as family history, heart conditions like heart failure and sudden cardiac arrest, long-term high blood pressure, conditions affecting the heart like coronary artery disease or infections in the heart, obesity, alcohol misuse, and illicit drug use. Additionally, individuals who develop arrhythmogenic right ventricular cardiomyopathy (ARVC) later in life may also face an increased risk."
0.7088602582613627,0.7428709268569946,0.7496944467226664,0.7970648407936096,0.19457648197809851,0.0793265877583708,0.10396960308552497,1.0,1.0,0.7970648407936096,0.7571229338645935,0.7426184415817261,0.37579617834394907,0.07051282051282051,0.178343949044586,0.8719719052314758,0.8474918603897095,0.8595576286315918,125,0.6648936170212766,0.4666666666666667,0.43704923558980224,0.00631369836628437,5,1,1,0,0,0,What is (are) Sleep Apnea ?,Respiratory,"Sleep Apnea is a sleep disorder characterized by repeated interruptions of breathing during sleep. There are two main types of Sleep Apnea:

1. Obstructive Sleep Apnea (OSA): This type occurs when throat muscles relax and block the flow of air into the lungs. It causes breathing pauses and may lead to high blood pressure.

2. Central Sleep Apnea (CSA): In this form, the brain does not send the necessary signals to the muscles responsible for breathing. This results in an inability to breathe deeply and effectively, causing similar symptoms.

Both types can cause daytime drowsiness, irritability, and difficulty concentrating. They also increase the risk of heart disease, stroke, and other health problems. Early detection and treatment can improve quality of life and reduce these risks."
0.631343682607015,0.6514065265655518,0.7484259605407715,0.78122878074646,0.24860898653666175,0.39426744265718816,1.0753174623607962,0.9995363174254422,1.0,0.78122878074646,0.7730968594551086,0.6765356659889221,0.2843601895734597,0.05741626794258373,0.15165876777251186,0.8678302764892578,0.8358033299446106,0.8515157699584961,71,0.5298507462686567,0.17647058823529413,0.5325043983757496,0.23659928143024445,1,1,1,0,0,0,What is the outlook for Epilepsy ?,Neurological,"The outlook for epilepsy depends on several factors including the type of epilepsy, severity of seizures, and treatment adherence. Generally, people with well-managed epilepsy do not face significant long-term health risks. However, some people with epilepsy may experience occasional episodes, especially when they stop taking their medication or don't follow their therapy correctly. It's crucial to manage this condition carefully by working closely with healthcare providers and following the recommended treatments."
0.4918419321378072,0.5008728504180908,0.32918989658355713,0.3525128662586212,0.4030750095844269,0.32286171722087864,0.6737019362187602,0.9980039497127794,0.0,0.3525128662586212,0.5417932271957397,0.7466019988059998,0.16939890710382513,0.03846153846153846,0.08743169398907104,0.8276679515838623,0.725521445274353,0.7732358574867249,64,0.21052631578947367,0.20930232558139536,0.20330631360411644,0.11594949662685394,4,1,1,0,0,0,What to do for Wilson Disease ?,Endocrine/Metabolic,"Wilson disease is an inherited disorder caused by a mutation in the ATP7B gene. It affects the liver, brain, and kidneys, causing symptoms such as muscle weakness, nerve damage (neuropathy), liver failure, and mental changes. Treatment options include medications like choline (to reduce fat build-up) and probiotics (to help improve gut health). For specific guidance, consult a healthcare professional who specializes in neurological disorders."
0.7690389156341553,0.8142502903938293,0.5891030033429464,0.6895142197608948,0.16199556986490882,0.24784926743302496,0.2892132481656462,0.955605490172445,1.0,0.6895142197608948,0.7044298648834229,0.7421624660491943,0.2838709677419355,0.09061488673139159,0.16129032258064518,0.8614043593406677,0.7772942781448364,0.8171907663345337,153,0.3154639175257732,0.5111111111111111,0.3356388636997768,-0.12280470877885818,9,1,1,0,0,0,What are the complications of Polycystic Kidney Disease ?,Kidney/Renal,"Complications of Polycystic Kidney Disease (PKD) include:

1. High Blood Pressure: This is common in patients with PKD. Untreated, high blood pressure can lead to further damage to the kidneys and an increased risk of heart disease and strokes.

2. Kidney Function Loss: As the number of cysts increases, the kidneys may lose their ability to perform their essential functions. This can lead to significant problems such as high blood pressure, which can be fatal if not managed properly.

3. Cysts Growing in Other Parts of the Body: PKD can affect multiple organs, including the liver, pancreas, and other parts of the body. These cysts can cause significant complications like pain, inflammation, and organ damage.

4. Heart Issues: PKD increases the risk of heart disease, especially if left untreated. High blood pressure caused by PKD can contribute to this risk.

5. Stroke Risk: PKD can lead to an increased risk of stroke due"
0.6381651163101196,0.6576657295227051,0.655386765797933,0.6938774585723877,0.2957160075505575,0.03290216829072829,0.056663315767630805,0.9901191630414806,1.0,0.6938774585723877,0.6227893829345703,0.704832136631012,0.23376623376623373,0.052401746724890834,0.11255411255411255,0.8456020951271057,0.7919050455093384,0.8178731203079224,79,0.5231788079470199,0.2631578947368421,0.622192844748497,0.4246184229850769,1,1,1,0,0,0,Who is at risk for Gout? ?,Musculoskeletal,"Certain diseases and conditions increase your risk of gout. These include untreated high blood pressure, diabetes, obesity, metabolic syndrome, and heart and kidney diseases. Certain medications like low-dose aspirin and certain medications used to control hypertension, such as thiazide diuretics, ACE inhibitors, and beta blockers, may also increase the risk of gout. Additionally, recent surgery or trauma, along with factors such as dietary habits, alcohol intake, weight, and medical conditions, can contribute to an increased risk of developing gout."
0.4821164508660634,0.5014009475708008,0.5203245083491007,0.57108473777771,0.3437379002571106,0.4241858035147052,0.6092131555951524,1.0,0.6666666666666666,0.57108473777771,0.7722762823104858,0.8271695375442505,0.2786885245901639,0.049586776859504134,0.1557377049180328,0.8267408609390259,0.8282214999198914,0.8274805545806885,126,1.0161290322580645,0.3225806451612903,0.2681762899737805,-0.007850856520235538,19,0,1,0,0,1,What are the symptoms of Prostate Cancer ?,Unrelated,"The symptoms of prostate cancer can vary widely depending on the stage and location of the tumor. However, some common symptoms of prostate cancer include:

1. Lower-back pain or discomfort
2. Difficulty urinating (dysuria)
3. A burning sensation when passing urine
4. Frequent urination
5. Blood in the urine
6. Pelvic pain
7. Enlarged glands
8. Enlarged lymph nodes
9. Abdominal swelling
10. Changes in bowel habits, such as constipation or diarrhea.
11. Fatigue
12. Nighttime urination
13. Weight loss without effort
14. Nausea
15. Mood changes

It's important to note that these symptoms alone do not necessarily mean you have prostate cancer. They could also be caused by other conditions or factors. Regular screenings and self-examination of the prostate can help detect potential problems early."
0.6030261119206747,0.6183595061302185,0.5734521547953287,0.5892062783241272,0.38722618420918786,0.5871012156514589,0.9142812642095,0.9921219258659477,1.0,0.5892062783241272,0.6631639003753662,0.7318545579910278,0.33212996389891697,0.03636363636363636,0.15162454873646208,0.8417317867279053,0.8412089347839355,0.8414703011512756,154,1.4,0.3870967741935484,0.2494462120991487,-0.09452648460865021,10,1,1,0,0,0,what research (or clinical trials) is being done for Parkinson's Disease ?,Neurological,"The research on Parkinson's Disease includes various clinical trials aimed at understanding the disease mechanism, evaluating its treatment options, and exploring preventive strategies. Some key areas of investigation include:

1. **Preclinical Models**: Developing animal models that mimic human diseases is crucial for understanding the pathogenesis of Parkinson's Disease. These models often involve genetic modifications to study specific cellular or molecular aspects of the disease process.
   
2. **Clinical Trials**: There are ongoing clinical trials testing new treatments and therapies for Parkinson's Disease. Examples include trials using levodopa therapy, dopamine agonists, and other medications to improve symptoms and slow disease progression. These trials also investigate non-pharmacological approaches like exercise, diet, and lifestyle modifications.

3. **Pharmacogenomics**: Investigating how variations in genes influence drug response in Parkinson's patients can lead to more effective personalized medicine. Pharmacogenomic studies aim to predict which patients might respond best to different classes of drugs based on their genetic makeup.

4. **Genetic Research"
0.6325593193372091,0.6479772329330444,0.28088470300038654,0.32482028007507324,0.14427862564722693,-0.002685997238517713,-0.0023807456341034647,0.998960416519177,0.0,0.32482028007507324,0.2695675790309906,0.7339414358139038,0.19494584837545129,0.014545454545454545,0.07942238267148015,0.8163958787918091,0.7476224303245544,0.7804970741271973,151,1.0942028985507246,0.03333333333333333,0.28406696145733196,-0.05067252740263939,12,1,1,0,0,0,What are the symptoms of Short Bowel Syndrome ?,Gastrointestinal,"Irritable Bowel Syndrome (IBS) is a disorder characterized by symptoms such as abdominal pain, bloating, and discomfort during defecation. It's important to note that while Short Bowel Syndrome is a type of IBS, it is not caused by the same underlying mechanism as IBS. In this context, it seems like there might have been confusion in the question. However, I will provide information on Short Bowel Syndrome as per my understanding:

Short Bowel Syndrome, also known as short bowel syndrome, is a rare condition where a portion of the small intestine is missing or severely damaged. This can happen due to various factors including infections, tumors, radiation therapy, and surgery. Symptoms typically begin within a few days after the injury occurs, but sometimes they may develop later.

Some of the main symptoms of Short Bowel Syndrome include:

1. Nausea and/or vomiting.
2. Loss of appetite.
3. Fatigue.
4. Abdominal pain.
5"
0.6297684709231058,0.6398661732673645,0.7091829975446066,0.8177489638328552,0.3034196893374125,0.1666031167164377,0.19874764444559065,1.0,1.0,0.8177489638328552,0.8662197589874268,0.6867303848266602,0.5562913907284769,0.2684563758389262,0.34437086092715236,0.8996601700782776,0.9119359254837036,0.905756413936615,81,1.173913043478261,0.38095238095238093,0.7032190322875976,0.6387007236480713,0,1,1,0,0,0,What is (are) Stroke ?,Neurological,"Stroke is a medical emergency that occurs when the blood supply to part of the brain is blocked or reduced. There are two main types of strokes: ischemic stroke and hemorrhagic stroke. An ischemic stroke occurs when a blockage or reduction in blood flow to the brain leads to brain cell death. Hemorrhagic stroke occurs when a blood vessel in the brain breaks, causing bleeding into the brain tissue. Both types of strokes can be life-threatening and require prompt medical attention."
0.6958641409873962,0.7285659313201904,0.7365523974100748,0.7682154774665833,0.19399682680765784,-0.17716214213878378,-0.1286822583246173,1.0,1.0,0.7682154774665833,0.9141277074813843,0.7759226560592651,0.5309734513274337,0.1517857142857143,0.26548672566371684,0.90259850025177,0.8870869874954224,0.8947755098342896,109,0.9478260869565217,0.5588235294117647,0.5994055047631264,0.4296592175960541,2,1,1,0,0,0,What are the symptoms of Heart Attack ?,Cardiovascular,"The symptoms of a heart attack vary but commonly include chest pain or pressure, which may feel like pressure, tightness, squeezing, or aching. This chest pain or discomfort may spread to other areas of the body, including the shoulders, arms, back, neck, jaw, teeth, or the upper abdomen. Other common symptoms include cold sweats, shortness of breath, lightheadedness, and sudden dizziness. Chest pain is often considered the most common symptom of a heart attack, but it's important to note that not everyone experiences chest pain, and some people may experience atypical symptoms such as sudden cardiac arrest or brief or sharp pain felt in the neck, arm, or back."
0.6982028683026632,0.7603431940078735,0.7796756426493326,0.8667048215866089,0.20284463961919152,0.5299031686589776,1.1943994814413994,1.0,1.0,0.8667048215866089,0.9337412714958191,0.8370959758758545,0.3875968992248062,0.2047244094488189,0.34108527131782945,0.879393458366394,0.8235612511634827,0.8505620956420898,40,0.40404040404040403,0.43333333333333335,0.36877380311489105,0.2237623780965805,4,1,1,0,0,0,What are the symptoms of Lung Cancer ?,Respiratory,"Signs and symptoms of lung cancer that happen in and around the lungs may include:

- A new cough that doesn't go away.
- Chest pain.
- Coughing up blood, even a small amount.
- Hoarseness.
- Shortness of breath."
0.6427404085795084,0.6566786766052246,0.7437623540560404,0.8024949431419373,0.20055510600407922,0.3384383362980117,0.9299364106586121,0.9963423338397408,1.0,0.8024949431419373,0.8200241923332214,0.6701490879058838,0.23921568627450981,0.0905511811023622,0.14901960784313725,0.8900811076164246,0.817151665687561,0.8520587682723999,84,0.1976470588235294,0.2916666666666667,0.6684300750494003,0.4983433485031128,1,1,1,0,0,0,What is (are) COPD ?,Respiratory,"Chronic obstructive pulmonary disease (COPD) is a type of lung disease that occurs when there is damage to the lungs due to inflammation. This damage can lead to swelling and irritation in the airways, resulting in reduced airflow into and out of the lungs. Symptoms of COPD include difficulty breathing, a daily cough that brings up mucus, and a whistling sound in the lungs called wheezing. It is one of the leading causes of chronic bronchitis and emphysema, which are two forms of COPD."
0.6377534667650858,0.7036798596382141,0.7122873862584432,0.7843095064163208,0.28310819466908776,0.08277790838382769,0.11297009894375497,0.9666223809217178,1.0,0.7843095064163208,0.7659317255020142,0.6164973974227905,0.39455782312925164,0.1095890410958904,0.21768707482993196,0.8798293471336365,0.8610565662384033,0.8703417181968689,135,0.8598726114649682,0.5142857142857142,0.6231698393821716,0.4643152952194214,1,1,1,0,0,0,What is (are) Hemorrhoids ?,Gastrointestinal,"Hemorrhoids are swollen veins in the anus and lower rectum. They are similar to varicose veins and can be categorized as either internal or external based on their location. Internal hemorrhoids occur inside the rectum, while external hemorrhoids occur around the anus and do not penetrate the skin. Hemorrhoids can cause symptoms such as itching, irritation, swelling, pain, and blood pooling in external hemorrhoids, which can form clots and result in severe pain, inflammation, and a hard, discolored lump near the anus. The exact cause of hemorrhoids varies but can be influenced by factors such as straining during bowel movements, obesity, pregnancy, and certain medications. Treatment options for hemorrhoids include home remedies, lifestyle changes, over-the-counter creams and ointments, and surgery if necessary. Mayo Clinic provides comprehensive care for hemorrhoids including diagnosis, treatment, and patient education."
0.5900197227795919,0.6008812189102173,0.45862619082132977,0.48654067516326904,0.232979416847229,0.339054292936122,0.6671791385554671,0.9760009836116837,0.0,0.48654067516326904,0.3340592086315155,0.6746342182159424,0.17358490566037735,0.0076045627376425855,0.09811320754716982,0.8176862597465515,0.8020914196968079,0.8098137378692627,88,0.4888888888888889,0.03571428571428571,0.3570027713264738,0.19852185249328613,5,1,1,0,0,0,What are the treatments for Urinary Tract Infections in Children ?,Kidney/Renal,"For children with a UTI:

- Urination frequently 
- Drink plenty of fluids like water.
- Avoid straining during urination.
- Use warm water to clean private parts after each diaper change.
- Avoid over-the-counter medications containing acetaminophen as they might cause harm to young children.
- Don't give antacids or antacid suppositories without consulting a doctor first as these can increase the risk of infection. 

In some cases, antibiotics are used when a bacterial infection is suspected. Always consult with a healthcare provider before starting any medication."
0.530263364315033,0.5810723304748535,0.30219494303067523,0.31602030992507935,0.37540198365847266,0.27438891425292056,0.9694407497531077,0.9893287485584867,0.0,0.31602030992507935,0.3501177430152893,0.8487546443939209,0.20689655172413793,0.013986013986013986,0.13793103448275862,0.838768720626831,0.8506746292114258,0.8446797132492065,85,1.4166666666666667,0.13333333333333333,0.3778814822435379,0.26018255949020386,4,0,1,0,0,1,What is (are) Surviving Cancer ?,Unrelated,"Surviving cancer refers to the act of overcoming or surviving a diagnosis of cancer. It involves managing the disease, coping with its impact on daily life, and striving for recovery. Individuals who survive cancer have often undergone treatment, such as surgery, chemotherapy, radiation therapy, immunotherapy, or targeted therapies, among others, and may continue to receive ongoing care and support throughout their lives. Surviving cancer can involve emotional challenges, physical limitations, financial strain, and social isolation, but also brings opportunities for resilience, hope, and personal growth."
0.6928173700968424,0.7061851024627686,0.6072269082069397,0.6185330152511597,0.23469726244608557,0.0742514135006489,0.07937831533174981,0.9973056092765293,1.0,0.6185330152511597,0.5776897668838501,0.6987745761871338,0.15795586527293845,0.06752037252619325,0.08826945412311266,0.841886043548584,0.7333601713180542,0.7838847041130066,86,0.11748633879781421,0.34,0.7178030610084534,0.6596603393554688,0,1,1,0,0,0,What causes Pneumonia ?,Respiratory,"The most common cause of pneumonia in children younger than 5 years is viral pneumonia, which is usually mild but can become very serious if not treated promptly. Other potential causes include bacterial pneumonia, which is often caused by specific types of bacteria; aspiration pneumonia, which occurs when food, drink, vomit, or saliva is inhaled into the lungs; and hospital-acquired pneumonia, which is more serious due to the presence of bacteria that are more resistant to antibiotics and the presence of people who are already sick."
0.6646509369214376,0.6800392866134644,0.4450058043003082,0.46306997537612915,0.19686935345331824,0.8106343108904567,1.6767054055104451,0.9935130867568845,0.0,0.46306997537612915,0.4965977966785431,0.755988597869873,0.12103746397694524,0.014450867052023123,0.07204610951008646,0.802165150642395,0.7871861457824707,0.794605016708374,138,0.2536764705882353,0.10416666666666667,0.2642648950219154,-0.03381482884287834,9,1,1,0,0,0,What are the treatments for Peripheral Arterial Disease (P.A.D.) ?,Cardiovascular,"Treatment options for Peripheral Arterial Disease (PAD) depend on the severity of the condition and the specific symptoms. However, here are some general approaches:

1. Lifestyle Changes:
   - Quit smoking as it increases the risk of developing atherosclerotic plaques.
   - Maintain a balanced diet rich in fruits, vegetables, whole grains, lean proteins, and healthy fats like monounsaturated and polyunsaturated fats.
   - Regular physical activity, such as walking, cycling, or swimming, can help improve circulation and maintain muscle strength.
   - Weight management is crucial; losing weight if needed can help reduce the strain on the heart and lower blood pressure.

2. Medications:
   - Blood thinners such as aspirin or warfarin might be prescribed to prevent blood clots in the legs.
   - Angiotensin-converting enzyme (ACE) inhibitors and angiotensin receptor blockers (ARBs), if indicated, can manage high blood pressure.
   - Lip"
0.6704058249791464,0.6822491884231567,0.39274270335833233,0.40046510100364685,0.1803274552027384,0.5486383421137379,0.7446372378827097,0.9967902016690882,0.0,0.40046510100364685,0.7519741058349609,0.7152857184410095,0.23426573426573424,0.056140350877192984,0.13286713286713286,0.8374806642532349,0.8187475800514221,0.8280081748962402,138,0.323943661971831,0.2765957446808511,0.18881281637228453,-0.08198767900466919,12,1,1,0,0,0,How to diagnose Peripheral Arterial Disease (P.A.D.) ?,Cardiovascular,"To diagnose peripheral arterial disease (PAD), healthcare providers often use a combination of tests including:

1. **Physical Examination**: A thorough examination by a doctor or a nurse can help identify signs of PAD such as redness, warmth, swelling, or discoloration around the ankles or knees.
2. **Blood Tests**: These include:
   - Blood pressure measurement to check whether there's any increase in blood pressure due to arterial narrowing.
   - Lipid profile to assess high levels of LDL (bad) cholesterol.
   - Hemoglobin A1c test to measure blood sugar control.
   - Electrocardiogram (ECG) to check heart function.
   - Complete blood count (CBC) to check for anemia.
3. **Ultrasound Imaging**: An ultrasound scan can show the state of the arteries, especially in the lower extremities. It’s non-invasive and provides detailed images of vessels, valves, and plaques within them.
4. **Computed Tomography Angiography"
0.6399138569831848,0.6505479216575623,0.5561932722727457,0.5988153219223022,0.2382398247718811,0.5979332144938172,1.136339694644588,1.0,1.0,0.5988153219223022,0.44640472531318665,0.7308960556983948,0.13207547169811318,0.019230769230769232,0.07547169811320754,0.8186026811599731,0.8666810989379883,0.8419560790061951,75,2.5,0.2,0.6254522005716959,0.5227487087249756,0,1,1,0,0,0,Who is at risk for Colorectal Cancer? ?,Gastrointestinal,"People over 50 years old are at higher risk of developing colorectal cancer, as well as those younger than 50 years old, especially those of African American descent. Additionally, having a personal history of colorectal cancer or polyps, inflammatory bowel disease, being overweight, smoking, drinking alcohol, or having diabetes may all increase one's risk. Regular physical activity, healthy eating habits, and avoiding certain foods like red meat and processed meats can help lower the risk."
0.4786780774593353,0.5357855558395386,0.3296931783358256,0.3549897372722626,0.3723695675532023,0.7938700857394307,1.4667893786416337,0.9656746264503103,0.0,0.3549897372722626,0.6474596261978149,0.8292456269264221,0.1297297297297297,0.026002166847237267,0.07783783783783785,0.8461353778839111,0.8176935911178589,0.8316713571548462,99,0.12043795620437957,0.26,0.23040007147938013,-0.047977738082408905,6,0,1,0,0,1,What are the treatments for Gum (Periodontal) Disease ?,Unrelated,"The treatment for gum (periodontal) disease typically involves:

1. Professional cleaning: Scaling and root planing (deep cleanings) by a dentist are usually performed.
2. Medications: Amoxicillin, metronidazole, and antibiotics can be prescribed depending on the severity of the infection.
3. Maintenance: Regular follow-up appointments are crucial for monitoring progress and adjusting treatment plans if necessary.

It's important to note that early detection and prompt treatment are key to preventing more severe complications associated with gum disease. Additionally, maintaining good oral hygiene habits, avoiding tobacco products, and addressing any underlying systemic diseases can help prevent further progression of the disease."
0.6311958233515421,0.6541458368301392,0.4274711608886719,0.4818338453769684,0.3524470726648966,0.1414271819427693,0.19342835096950817,0.9640909395954439,0.0,0.4818338453769684,0.5970722436904907,0.8605901002883911,0.17725258493353024,0.014814814814814815,0.0827178729689808,0.8341047763824463,0.791975200176239,0.8124942183494568,148,0.2766355140186916,0.1875,0.28225200969193665,-0.051551200449466705,9,1,1,0,0,0,How to prevent Osteoporosis ?,Endocrine/Metabolic,"There are several ways to prevent osteoporosis:

1. Maintaining a balanced diet rich in calcium, vitamin D, and protein is crucial.
2. Regular physical activity, especially weight-bearing exercises like walking, jogging, or weight lifting, helps strengthen bones and prevent osteoporosis.
3. Avoiding smoking and excessive alcohol consumption can also lower the risk of developing osteoporosis.
4. Taking supplements such as calcitonin or bisphosphonates can be helpful but should only be done under professional guidance to avoid side effects.
5. Managing conditions that may contribute to osteoporosis, such as celiac disease, inflammatory bowel disease, kidney or liver disease, multiple myeloma, rheumatoid arthritis, and certain eating disorders, is important.
6. Monitoring weight closely, especially if you're at high risk due to digestive issues or gastrointestinal surgeries, as this can affect bone density negatively.
7. Consulting with a healthcare provider regularly to check for signs of bone loss or fractures and"
0.700887660185496,0.7628901600837708,0.10967348764340083,0.1524745225906372,0.17092951138814294,0.15603141134300866,0.16449252657802707,0.8429770111995031,0.0,0.1524745225906372,0.18684019148349762,0.7861456871032715,0.1486810551558753,0.009638554216867469,0.09112709832134294,0.8028120398521423,0.7600735425949097,0.7808584570884705,112,0.37583892617449666,0.0,0.5666719153523445,0.39031168818473816,1,1,1,0,0,0,What is (are) High Blood Pressure ?,Cardiovascular,"High blood pressure (hypertension), often referred to as high blood pressure, refers to an abnormal elevation of blood pressure levels that can cause damage to blood vessels over time. This condition results in an increase in blood pressure, which puts more strain on the heart and other organs within the body, leading to complications such as kidney failure, strokes, and heart disease. High blood pressure can be caused by several factors, including genetics, lifestyle choices like diet and physical activity, and underlying conditions such as diabetes or chronic diseases. Regular monitoring and management of high blood pressure through appropriate lifestyle changes and medication can significantly reduce the risks associated with this condition."
0.6340439716974894,0.6803463697433472,0.5391349991162618,0.5861039161682129,0.19335681200027466,0.2616834903287084,0.6184033335178951,0.9950377923104565,0.6666666666666666,0.5861039161682129,0.6346211433410645,0.836156964302063,0.1951219512195122,0.0,0.14634146341463414,0.9187915921211243,0.8785980939865112,0.8982453942298889,13,0.5,0.14285714285714285,0.5472057461738586,0.5472057461738586,0,1,1,0,0,0,How many people are affected by Osteoarthritis ?,Musculoskeletal,Approximately 45 million people in the United States have some degree of osteoarthritis.
0.5785840749740601,0.5907003879547119,0.28783711791038513,0.383226215839386,0.30441162983576453,0.628299519641385,0.9790056236759836,1.0,0.0,0.383226215839386,0.33942967653274536,0.8572083711624146,0.2181818181818182,0.03703703703703704,0.14545454545454545,0.8676553964614868,0.8444658517837524,0.8559035658836365,29,0.3625,0.22580645161290322,0.4344823956489563,0.2020101547241211,1,1,1,0,0,0,What are the treatments for Colorectal Cancer ?,Gastrointestinal,"The main treatments for colorectal cancer include surgery, radiation therapy, and medications, including chemotherapy, targeted therapy, and immunotherapy. Treatment options also may include genetic testing or other diagnostic procedures."
0.7306821544965109,0.77405846118927,0.49538978934288025,0.5445529222488403,0.21244039138158166,0.28383748295483174,0.5842136236495632,1.0,0.6666666666666666,0.5445529222488403,0.7605882287025452,0.7703595161437988,0.42063492063492064,0.112,0.19841269841269843,0.8310195207595825,0.8734601736068726,0.8517114520072937,150,1.5,0.782608695652174,0.21525180110564598,-0.1278122514486313,10,1,1,0,0,0,How to prevent Polycystic Kidney Disease ?,Kidney/Renal,"To prevent Polycystic Kidney Disease (PKD), several measures can be taken:

1. **Healthy Lifestyle Choices**: Maintain a healthy weight through regular exercise and a balanced diet rich in fruits, vegetables, whole grains, and lean proteins.
2. **Blood Pressure Management**: Follow the advice given for managing blood pressure, which includes taking prescribed medications as directed and adopting lifestyle changes like eating a low-sodium diet and exercising regularly.
3. **Physical Activity**: Engage in moderate physical activity for at least 30 minutes each day, most days of the week, to maintain a healthy weight.
4. **Avoiding Alcohol**: Reduce or stop alcohol consumption if you drink.
5. **Smoke-Free Environment**: Avoid smoking since tobacco products can negatively affect kidney health.
6. **Regular Medical Checkups**: Regularly consult with healthcare professionals for monitoring kidney function, blood pressure levels, and other relevant health indicators.

By following these guidelines, individuals can reduce their risk of developing complications associated with"
0.5291923681894938,0.5783278942108154,0.3076500380411744,0.5098215341567993,0.4919230043888092,0.33108400526929355,0.8162287715859537,1.0,0.3333333333333333,0.5098215341567993,0.25953686237335205,0.7419610619544983,0.23628691983122363,0.01702127659574468,0.14345991561181434,0.834223747253418,0.7852561473846436,0.8089995980262756,72,0.4311377245508982,0.15151515151515152,0.4061428874731064,0.23773284256458282,4,1,1,0,0,0,What is (are) Wilson Disease ?,Endocrine/Metabolic,"Wilson's disease is a condition characterized by copper accumulation in the liver, spleen, and kidneys. It can cause various symptoms, including jaundice, abdominal pain, fatigue, and weight loss. The condition is typically inherited and is passed down from parent to child. Treatment options include medications to help remove excess copper and surgery to correct abnormalities in the liver. Early detection and treatment can significantly improve outcomes for those affected by this disease."
0.5996476809183756,0.6012170314788818,0.6050361593564352,0.6397066712379456,0.24126760164896643,0.28785987948907094,0.6075538785917468,0.9861208836036869,1.0,0.6397066712379456,0.876550555229187,0.794568657875061,0.17989417989417988,0.053475935828877004,0.13756613756613756,0.8318277597427368,0.8946622610092163,0.8621015548706055,158,5.642857142857143,0.7777777777777778,0.4374266586133412,0.021877631545066833,4,1,1,0,0,0,How many people are affected by Urinary Tract Infections in Children ?,Kidney/Renal,"It is not clear how many people are specifically affected by Urinary Tract Infections (UTIs) in children as this varies depending on various factors such as age, gender, location, healthcare access, and other underlying health conditions. However, according to the Centers for Disease Control and Prevention (CDC), UTIs are one of the most common bacterial infections among children worldwide, affecting millions of individuals each year.

Children under 5 years old are particularly susceptible to UTIs due to their developing immune systems and the frequent use of antibiotics for minor infections, which can lead to resistance. Infections like UTIs can occur frequently in young children, especially when they're immunocompromised through illness, surgery, or the use of certain medications.

The CDC reports that more than half of all children aged 6 months to 4 years experience at least one episode of UTI annually. Moreover, UTIs account for approximately 30% of pediatric hospital admissions involving urinary tract symptoms. It's essential to"
0.43040130535761517,0.45429325103759766,0.3115312506755193,0.3660651743412018,0.45929449796676636,0.07360718820241731,0.10076000891286879,0.9074856602160524,0.0,0.3660651743412018,0.7398306727409363,0.7385385036468506,0.28225806451612906,0.08502024291497977,0.11290322580645161,0.8517935276031494,0.8305407762527466,0.8410329222679138,135,0.3729281767955801,0.5319148936170213,0.11793274339288473,-0.06209764629602432,14,0,1,0,0,1,How to diagnose Endometrial Cancer ?,Unrelated,"To diagnose Endometrial Cancer, doctors typically use several methods including:

1. **Physical Exam**: This is a routine part of every patient's visit, but it includes additional focus on the uterus (endometrium) and pelvic areas.
2. **Hormonal Tests**: These can help detect hormone imbalances that could indicate the presence of cancer.
3. **Bleeding**: Abnormal vaginal bleeding, usually associated with severe symptoms like heavy bleeding, pain during sex, or abdominal pain.
4. **Ultrasound**: This uses high-frequency sound waves to create images inside the body, including the internal organs like the uterus.
5. **MRI or CT Scan**: These detailed images can reveal abnormalities that may not show up on standard X-rays or ultrasounds.
6. **Endometrial Biopsy**: This involves removing small samples of tissue from the uterine lining (endometrium).
7. **Cytology**: Performing a sample of cervical mucus or endometrial"
0.5712766448656718,0.6174800395965576,0.3651903470357259,0.4080870747566223,0.3482883175214132,0.1969277638334461,0.23481352445162879,0.9999605981330164,0.0,0.4080870747566223,0.5640764832496643,0.8192440271377563,0.12307692307692308,0.04145077720207253,0.08205128205128205,0.8082379102706909,0.8638767004013062,0.8351316452026367,157,4.361111111111111,0.625,0.23164951513436707,-0.02639681100845337,9,1,1,0,0,0,How to prevent Short Bowel Syndrome ?,Gastrointestinal,"Short bowel syndrome (SBS) is a condition characterized by a reduction in the size of the small intestine. While there is no cure for short bowel syndrome, there are treatments available to manage symptoms and improve quality of life.

To prevent short bowel syndrome, it's important to take steps to promote healthy gut function and maintain proper nutrition. Here are some general recommendations:

1. **Maintain Good Gut Health**: Eating a well-balanced diet rich in fruits, vegetables, lean proteins, whole grains, and healthy fats can help support healthy gut flora and reduce inflammation.
2. **Stay Hydrated**: Drinking sufficient amounts of water throughout the day can help ensure adequate hydration, which is essential for maintaining healthy gut function.
3. **Proper Nutrient Intake**: Ensure that you are getting all necessary nutrients such as iron, calcium, vitamin D, and B vitamins, which are crucial for bone and muscle health.
4. **Limit Exposure to Stress and Trauma**: Chronic stress can negatively impact"
0.6984370748202006,0.7024768590927124,0.5941107471783956,0.6479331254959106,0.23980037371317542,0.43995109932194953,0.5138404686672603,0.96676425565001,1.0,0.6479331254959106,0.5749359130859375,0.7421532869338989,0.17054263565891473,0.0078125,0.10852713178294573,0.8589268326759338,0.809341311454773,0.8333971500396729,63,0.3351063829787234,0.12195121951219512,0.5227530797322592,0.2367292046546936,1,1,1,0,0,0,What is the outlook for Alzheimer's Disease ?,Neurological,"The outlook for Alzheimer's disease is generally negative, and its progression can lead to significant challenges for individuals and their caregivers. However, treatment options have improved significantly in recent years, and many patients continue to live with Alzheimer's for several decades before experiencing severe cognitive decline. Early detection and appropriate management of the condition can help manage symptoms and improve quality of life."
0.7162305315335592,0.7377468943595886,0.726009746392568,0.759476900100708,0.1861055692036947,0.20286735289982363,0.2568213722776922,0.9991733129372166,1.0,0.759476900100708,0.6805518865585327,0.7475103139877319,0.2156028368794326,0.04836415362731153,0.11063829787234042,0.8530347347259521,0.8184787034988403,0.8353995084762573,126,0.21951219512195122,0.3191489361702128,0.5018076705081123,0.22696681320667267,3,1,1,0,0,0,What is (are) Lung Cancer ?,Respiratory,"Lung cancer is a type of cancer that affects the lungs. It begins as abnormal cell growths within the lungs, which can lead to the formation of a tumor. These tumors can invade nearby tissues or spread throughout the body, causing damage to vital organs such as the heart and brain.

The disease has a significant impact on public health due to its high prevalence and mortality rates. Smoking is considered one of the most significant risk factors for developing lung cancer, with regular smokers having a much higher chance of contracting the disease than non-smokers.

Lung cancer treatments include surgery, chemotherapy, radiation therapy, immunotherapy, targeted therapies, and sometimes a combination of these methods. Early detection and treatment are crucial for improving outcomes and survival rates."
0.3384963671366374,0.3470935821533203,0.41458237171173096,0.43497899174690247,0.5070770581563313,0.40059659719011886,0.6421807841629598,0.9907246617773432,0.0,0.43497899174690247,0.7657444477081299,0.5830898284912109,0.22340425531914893,0.01075268817204301,0.10638297872340426,0.8226466774940491,0.8722348213195801,0.8467153906822205,144,3.5121951219512195,0.4666666666666667,0.265318672817487,0.008164159953594208,13,1,1,0,0,0,What is (are) Balance Problems ?,Neurological,"Balance problems can refer to a variety of conditions that affect how well a person maintains their posture and gait. Some common types of balance problems include:

1. Vestibular disorders: These involve issues related to the inner ear, which controls our sense of direction and spatial awareness. Common vestibular disorders include benign paroxysmal positional vertigo (BPPV), labyrinthitis, and Meniere's disease.
2. Postural disorders: These involve changes in body position that can cause difficulties with balance and stability. Examples include low back pain, hip dysplasia, and spinal stenosis.
3. Neuromuscular disorders: Conditions affecting the muscles involved in movement, such as Parkinson's disease, essential tremor, or cerebral palsy, can cause muscle weakness and difficulty maintaining balance.
4. Cardiovascular diseases: Conditions like heart failure, atrial fibrillation, and high blood pressure can contribute to balance problems by affecting circulation and reducing the ability to maintain posture.
5. Neuro"
0.6163183252016703,0.6315709352493286,0.4276950756708781,0.5370596051216125,0.37347978353500366,0.3702222204144184,0.9183884730639696,0.9346115766713855,0.3333333333333333,0.5370596051216125,0.41776204109191895,0.8010349273681641,0.23255813953488372,0.06688963210702341,0.13953488372093023,0.8239814639091492,0.8093946576118469,0.8166229128837585,121,0.6797752808988764,0.14814814814814814,0.39696290297433734,-0.04707152768969536,3,1,1,0,0,0,What is (are) Kidney Dysplasia ?,Kidney/Renal,"Kidney dysplasia refers to abnormalities or defects in the structure or function of the kidneys. It can be classified into two main types:

1. Congenital kidney dysplasia: These occur before birth and result from defects in embryonic development. Examples include renal agenesis (absence of one or both kidneys) and renal malformations (defects in shape, size, or position).

2. Acquired kidney dysplasia: These develop after birth due to various factors such as infections, trauma, or certain medications. Commonly seen conditions include tubulointerstitial fibrosis, which involves inflammation of the inner lining of the kidney tubules and can cause significant kidney damage.

Both types can lead to different outcomes, including failure of the kidneys to filter waste products effectively, affecting overall health and well-being."
0.47455782691637677,0.4886671006679535,0.3438430925210317,0.4548186659812927,0.2480728030204773,0.2866309088014195,0.4687051853526989,1.0,0.0,0.4548186659812927,0.6982754468917847,0.7796262502670288,0.2211055276381909,0.04060913705583756,0.1306532663316583,0.8265985250473022,0.8666449189186096,0.8461481332778931,155,3.4444444444444446,0.5714285714285714,0.2580311136463514,-0.019439557567238808,13,0,1,0,0,1,What are the treatments for Prostate Cancer ?,Unrelated,"Prostate cancer is treated based on several factors, including the stage of the disease, the patient's age and general health, and whether surgery, radiation therapy, or hormone therapy will be effective. Some common treatments include:

1. Surgery - In some cases, surgery can remove all or part of the prostate gland.
2. Radiotherapy - This involves using high-energy waves (radiation) to destroy cancerous cells.
3. Hormone therapy - Sometimes, medications are prescribed to block hormones that the cancer needs to grow.
4. Immunotherapy - This approach uses the body's own immune system to fight cancer by boosting the immune system.
5. Chemotherapy - Drugs are used to treat the cancer directly.

The choice of treatment depends on various factors such as the stage of the tumor, the location of the tumor, any surrounding tissue, and personal preferences. It's important to consult with a healthcare provider who can provide personalized advice tailored to each individual case."
0.6590668559074402,0.6940822601318359,0.6404881676038107,0.7443791031837463,0.2780334949493408,0.15286404737417852,0.1651253247296376,1.0,1.0,0.7443791031837463,0.7503300905227661,0.7206277847290039,0.3068181818181818,0.08045977011494251,0.18181818181818182,0.9009872674942017,0.8447320461273193,0.8719533085823059,44,0.34375,0.18421052631578946,0.5233199298381805,0.37825101613998413,2,1,1,0,0,0,What is (are) Tendinitis ?,Musculoskeletal,"Tendinitis is inflammation of the thick fibrous cords that attach muscle to bone. These cords are called tendons. It causes pain and tenderness just outside a joint. It can occur in any tendon but is most common around shoulders, elbows, wrists, knees, and heels."
0.6791965762774149,0.7100195288658142,0.44639485081036884,0.45175397396087646,0.20941730340321862,-0.0033465533364177274,-0.00311490328389929,0.9958354646855474,0.0,0.45175397396087646,0.7787119150161743,0.7403525710105896,0.20070838252656437,0.05680473372781065,0.10861865407319952,0.8501700162887573,0.8108816146850586,0.8300611972808838,145,0.20773638968481375,0.36,0.1524167704795088,-0.10309029370546341,12,1,1,0,0,0,How to diagnose Gallstones ?,Gastrointestinal,"Diagnosing gallstones involves several steps:

1. **Physical Examination**: A healthcare professional will typically examine the area around the liver and the abdomen for any visible changes.
2. **Blood Tests**: Blood tests can help determine whether your liver functions normally by measuring levels of certain enzymes found in bile.
3. **Ultrasound Imaging**: An ultrasound test uses high-frequency sound waves to create images of internal body structures like the liver, gallbladder, and intestines.
4. **Abdominal X-ray**: An x-ray taken from above the belly button can show if there’s anything blocking the path of the bile.
5. **Cholesterol Level Test**: This test helps determine if your bile contains too much cholesterol, which can lead to gallstones.
6. **Magnetic Resonance Imaging (MRI)**: MRI uses a powerful magnetic field to produce detailed images of organs and tissues inside the body without ionizing radiation.
7. **Infrared Thermography** or Thermal Imaging: This"
0.7265331546465555,0.7613369226455688,0.38821422060330707,0.4335114657878876,0.179370125134786,0.3903478307783834,0.961978530622569,0.968224803844559,0.0,0.4335114657878876,0.4541625678539276,0.7635484933853149,0.34965034965034963,0.09154929577464789,0.1958041958041958,0.8702975511550903,0.8309659957885742,0.8501771092414856,96,0.5245901639344263,0.2222222222222222,0.5782782673835755,0.42249953746795654,1,1,1,0,0,0,What is (are) Parkinson's Disease ?,Neurological,"Parkinson's disease is a neurodegenerative disorder that affects the nervous system. The exact cause of Parkinson's disease is unknown, but it involves the loss of dopamine-producing neurons in the substantia nigra region of the brain. This loss of dopamine causes the symptoms of Parkinson's disease, such as tremors, rigidity, bradykinesia, and poor balance. The disorder typically progresses over time, leading to a decline in motor function and overall quality of life. There is currently no cure for Parkinson's disease, but treatment options include medication, physical therapy, and other therapies designed to improve mobility and reduce symptoms."
0.7162305315335592,0.7377468943595886,0.7187812527020773,0.750005841255188,0.1861055692036947,0.20286735289982363,0.2568213722776922,1.0,1.0,0.750005841255188,0.636789858341217,0.6775684356689453,0.22772277227722776,0.06,0.16831683168316833,0.8155104517936707,0.864162802696228,0.8391320109367371,159,3.975,0.5,0.4775699097663164,0.1712699979543686,3,1,1,0,0,0,What is (are) Lung Cancer ?,Respiratory,"Lung cancer is a type of cancer that originates in the lungs and can be caused by various factors such as smoking, air pollution, occupational hazards, and genetic predispositions. It primarily affects the lungs' delicate tissues, causing them to divide uncontrollably and form tumors, often resulting in an abnormal growth of cells within the lungs.

The primary symptoms of lung cancer include persistent coughing or difficulty breathing, which can vary depending on the location of the cancerous growth. Other common signs include fatigue, weight loss, hoarseness, and shortness of breath. These symptoms often do not appear until advanced stages of the disease, making early detection crucial for effective treatment options.

There are several types of lung cancers, including non-small cell lung cancer (NSCLC), small-cell lung cancer (SCLC), and others based on their specific molecular characteristics. Each type has its own unique treatment strategies, prognosis, and survival rates.

Lung cancer is considered one of the most challenging diseases due to"
0.623776396115621,0.6330852508544922,0.6154908140500387,0.6688520908355713,0.18194448947906494,0.21146103622217435,0.5592217266640652,0.9875253767207781,1.0,0.6688520908355713,0.8103134632110596,0.7445802688598633,0.27885714285714286,0.10538373424971362,0.12342857142857143,0.8516379594802856,0.787682294845581,0.8184125423431396,165,0.2333804809052334,0.52,0.4682051111012697,0.23492185771465302,4,1,1,0,0,0,"What is (are) Diabetes, Heart Disease, and Stroke ?",Cardiovascular,"Diabetes, Heart Disease, and Stroke are all serious diseases that can occur as a result of various factors related to diabetes management. Diabetes is a chronic condition characterized by high blood glucose levels due to insufficient production of insulin or resistance to its effects. It's linked to a range of complications such as nerve damage, cardiovascular disease, eye problems, kidney disease, and peripheral neuropathy.

Heart disease, on the other hand, refers to a group of disorders that affect the heart, including coronary artery disease, which results from plaque buildup in the arteries supplying oxygen-rich blood to the heart muscle. This can lead to heart attacks, angina, and eventually heart failure. Similarly, stroke is caused by blood clots that block an artery supplying blood to part of the brain, leading to symptoms like numbness, confusion, or difficulty speaking, walking, or seeing.

Overall, managing diabetes effectively can significantly reduce the risk of developing these serious health issues and associated complications. Regular monitoring, appropriate treatment, and lifestyle modifications"
0.36827436089515686,0.4066888988018036,0.3514110247294108,0.3939337432384491,0.5584157705307007,0.09144675074378987,0.1218858808594213,0.9782768525002724,0.0,0.3939337432384491,0.5099024772644043,0.7610138058662415,0.23529411764705882,0.013245033112582783,0.1568627450980392,0.8526182770729065,0.8384991884231567,0.8454997539520264,68,0.8292682926829268,0.16,0.39091532677412033,0.3364577889442444,4,1,1,0,0,0,How to prevent Balance Problems ?,Neurological,"Balancing problems can be prevented by maintaining good posture, wearing comfortable shoes, exercising regularly, staying hydrated, and getting enough sleep. Additionally, it's important to avoid standing or sitting for extended periods of time without taking breaks. Regular stretches and strengthening exercises can also help improve balance and reduce the risk of falls. It's recommended to consult a healthcare professional for personalized advice and guidance on preventing balance problems."
0.6161290208498637,0.6610974073410034,0.5134308338165283,0.5937711596488953,0.24192659060160315,0.22872673640855248,0.5898509190738797,0.9928979945192483,0.6666666666666666,0.5937711596488953,0.7533098459243774,0.7888001203536987,0.35220125786163525,0.03821656050955414,0.17610062893081763,0.8582795858383179,0.8402853012084961,0.8491870760917664,80,1.0526315789473684,0.1111111111111111,0.5272886872291564,0.2748315930366516,1,1,1,0,0,0,Is Lupus inherited ?,Musculoskeletal,"Yes, lupus is an autoimmune disease that is often inherited. This means that if you have family members who also have lupus, you may be more likely to get it yourself. However, it's important to note that genetics alone do not cause lupus. Environmental factors, such as infections or exposure to certain substances, can also play a role in triggering the onset of the disease. So while genetics can increase your risk, it doesn't guarantee that you will develop lupus."
0.38527031739552814,0.4070708155632019,0.4497126837571462,0.5453293919563293,0.27909771601359046,0.41124685053482035,1.0837953507870381,0.9375859315666839,0.3333333333333333,0.5453293919563293,0.45417457818984985,0.6481653451919556,0.22743682310469318,0.03985507246376811,0.11552346570397112,0.8336050510406494,0.7780977487564087,0.8048955798149109,152,0.3848101265822785,0.2926829268292683,0.15346424023692423,-0.08961689472198486,13,0,1,0,0,1,what research (or clinical trials) is being done for Prostate Cancer ?,Unrelated,"For prostate cancer research and clinical trials, there are several ongoing studies focusing on understanding the biology of the disease, developing new treatments, and improving patient outcomes. Here are some examples:

1. **Genetic and Epigenetic Research**: Researchers are investigating how genetic mutations contribute to the development and progression of prostate cancer. This includes studying gene expression patterns, epigenetic changes, and tumor suppressor genes.

2. **Tumor-Related Antigens and Biomarkers**: Studies are looking at ways to identify biomarkers associated with prostate cancer. These biomarkers can help predict prognosis, monitor response to treatment, and guide personalized therapies.

3. **Targeted Therapy**: Advances in precision medicine are leading to targeted therapies like immunotherapy and hormone therapy. These strategies aim to attack specific proteins or pathways within the tumor cells.

4. **Advancements in Imaging**: Improved imaging techniques, such as PET scans and magnetic resonance imaging (MRI), allow for more accurate diagnosis and monitoring of prostate cancer. These tools"
0.7332937916119894,0.7624760866165161,0.641028622786204,0.6614550352096558,0.22635440031687415,0.1756646946326502,0.20761391953431413,1.0,1.0,0.6614550352096558,0.6621721982955933,0.8085881471633911,0.2072072072072072,0.02727272727272727,0.11711711711711713,0.8413506746292114,0.7881143093109131,0.8138628602027893,53,0.3081395348837209,0.1282051282051282,0.6080102622509003,0.23700466752052307,1,1,1,0,0,0,What is (are) Kidney Cancer ?,Kidney/Renal,"Kidney cancer refers to a group of diseases characterized by the growth of abnormal cells in the kidneys. There are various types of kidney cancer, including renal cell carcinoma, which makes up the majority of cases, Wilms tumor, and some less common types. Each type has its own specific characteristics and treatment options."
0.7758156259854635,0.7881370186805725,0.6181069811185201,0.6496262550354004,0.16231129566828406,0.035631685700795473,0.038656382251455505,1.0,1.0,0.6496262550354004,0.7526427507400513,0.7821813225746155,0.2796610169491525,0.07692307692307691,0.15254237288135594,0.881096601486206,0.8157814741134644,0.847182035446167,56,0.3111111111111111,0.2564102564102564,0.586749424537023,0.4772818386554718,1,1,1,0,0,0,What is (are) Chronic Kidney Disease ?,Kidney/Renal,"Chronic kidney disease (CKD) refers to a gradual decline in the function of the kidneys over time. It is characterized by progressive loss of kidney function, leading to a buildup of waste products and fluid in the bloodstream. CKD can be caused by various factors including high blood pressure, diabetes, infections, autoimmune disorders, and certain medications."
0.43234866857528687,0.44564223289489746,0.27379730840524036,0.29694491624832153,0.4890711804231008,0.14977897437073626,0.20190961684874964,0.9441810164391333,0.0,0.29694491624832153,0.6522201299667358,0.7059400081634521,0.277992277992278,0.01556420233463035,0.1081081081081081,0.8197766542434692,0.8129014372825623,0.8163245916366577,142,1.2678571428571428,0.3333333333333333,0.11077188452084859,-0.12955468893051147,12,1,1,0,0,0,How to prevent Hemochromatosis ?,Endocrine/Metabolic,"Hemochromatosis, also known as iron overload disease, is caused by a genetic mutation that leads to excessive absorption of iron from the gut. The main preventive measures for hemochromatosis include:

1. **Avoiding High-Fat Foods**: Eating too much fat can lead to iron absorption issues. Choose lean protein sources like chicken breast, fish, and eggs over fatty meats such as beef and pork.
2. **Reduced Alcohol Consumption**: Alcoholic drinks contain compounds that can affect iron metabolism and may exacerbate iron storage in the body.
3. **Regular Testing**: Regularly monitoring levels of iron in the blood through periodic tests can help catch any excess early when treatment options are available.
4. **Healthy Diet**: Consuming a diet rich in iron-rich plant-based foods (like spinach, kale, lentils) and iron-fortified cereals, breads, and cereals is recommended to avoid iron deficiency.
5. **Regular Exercise**: Physical activity helps promote"
0.6943476398785909,0.7043895721435547,0.5647419691085815,0.5843691825866699,0.25615141789118445,0.4030930712853747,0.8691518853988692,1.0,1.0,0.5843691825866699,0.5186272859573364,0.7191061973571777,0.2631578947368421,0.026666666666666665,0.14473684210526316,0.8511627912521362,0.8536533117294312,0.8524062633514404,68,0.8292682926829268,0.11538461538461539,0.47494760155677795,0.20862135291099548,2,1,1,0,0,0,What is the outlook for Parkinson's Disease ?,Neurological,"The outlook for Parkinson's disease varies depending on the severity and stage of the condition. Early diagnosis and appropriate management can improve the quality of life for individuals with Parkinson's. However, the disease cannot be completely cured, but medications and physical therapy can help manage symptoms and improve mobility. It is essential to follow up with a healthcare provider regularly to monitor progress and adjust treatment as needed."
0.6923439105351766,0.7087218761444092,0.7025900880495707,0.7253479957580566,0.194465716679891,0.09897617501224769,0.4322519718022082,0.9998927993452773,1.0,0.7253479957580566,0.7665256857872009,0.8054741621017456,0.1950354609929078,0.0498220640569395,0.09574468085106382,0.8560432195663452,0.7950709462165833,0.8244312405586243,100,0.21413276231263384,0.1836734693877551,0.27547668013721704,-0.07717963308095932,7,1,1,0,0,0,What are the symptoms of Rheumatoid Arthritis ?,Musculoskeletal,"Symptoms of Rheumatoid Arthritis may include:

1. Painful, warm, swollen joints.
2. Joint stiffness that most often is worse in the mornings and after periods of rest.
3. Tiredness, fever, and not wanting to eat.
4. Symptoms may affect only a few joints initially, but as the disease progresses, it affects more joints on both sides of the body, including small joints like the hands and feet.
5. In some cases, there may be involvement of nerve tissues.
6. Some individuals may experience additional symptoms affecting more than just the joints, such as changes in nerve function or muscle weakness."
0.47455782691637677,0.4886671006679535,0.3899654845396678,0.4777439534664154,0.2480728030204773,0.2866309088014195,0.4687051853526989,0.9983632609415953,0.0,0.4777439534664154,0.6474837064743042,0.8647459149360657,0.23684210526315788,0.05405405405405406,0.10526315789473685,0.8935091495513916,0.8339641094207764,0.8627103567123413,10,0.15151515151515152,0.1875,0.4905718266963959,0.4905718266963959,1,0,1,0,0,1,What are the treatments for Prostate Cancer ?,Unrelated,"Prostate cancer treatments include surgery, radiation therapy, hormone therapy, chemothe"
0.6107529600461324,0.6178752779960632,0.5685585339864095,0.5995270013809204,0.4266316692034403,0.5334391654327821,0.831114720812919,0.9862916102310668,1.0,0.5995270013809204,0.6965835094451904,0.6828920245170593,0.3622641509433962,0.06844106463878327,0.16603773584905662,0.8408350348472595,0.8620554804801941,0.8513129949569702,145,1.25,0.4444444444444444,0.5555985905230045,0.21056631207466125,1,1,1,0,0,0,What are the treatments for Stroke ?,Cardiovascular,"The most commonly used treatment for stroke is thrombolysis, which involves administering medications that dissolve clots blocking blood flow to the brain. Other treatments include mechanical thrombectomy (which removes the blockage directly from the brain), and surgery to remove the clot.

Aspirin is often given to prevent future strokes by reducing the formation of blood clots. Anti-platelet drugs like aspirin, clopidogrel (Plavix), and ticagrelor (Brilinta) are used to reduce platelet aggregation and prevent blood clots.

Regular exercise is recommended to improve circulation and decrease the risk of further strokes. A diet rich in fruits, vegetables, nuts, whole grains, and lean protein sources can also help maintain cardiovascular health and reduce the risk of stroke.

In some cases, anticoagulants (like warfarin) may be used to prevent further blood clots after a stroke has occurred. Additionally, medication therapy may be adjusted based on the results of imaging"
0.5623230139414469,0.5674352645874023,0.5083656907081604,0.5427179336547852,0.32653596003850305,0.6958983937066702,0.6995522650998081,0.9720910595790565,0.6666666666666666,0.5427179336547852,0.6212847828865051,0.7213155627250671,0.3072100313479623,0.03785488958990536,0.15673981191222575,0.8169931769371033,0.8251871466636658,0.8210697174072266,150,0.9259259259259259,0.23333333333333334,0.2878989355469292,-0.047537267208099365,8,1,1,0,0,0,what research (or clinical trials) is being done for Alzheimer's Disease ?,Neurological,"There are several ongoing clinical trials aimed at understanding and treating Alzheimer's disease. These trials focus on various aspects of the disease, including:

1. **Drug Development**: Researchers are testing new drugs that target specific proteins involved in Alzheimer's disease, such as beta-amyloid and tau proteins, which accumulate in the brain. These drugs include cholinesterase inhibitors, NMDA receptors antagonists, and protease inhibitors.

2. **Gene Therapy**: Researchers are exploring gene therapies that aim to correct genetic mutations linked to Alzheimer's disease. This approach has shown promise but remains experimental due to safety concerns and technical challenges.

3. **Brain Imaging Studies**: Advances in magnetic resonance imaging (MRI), positron emission tomography (PET), and functional MRI (fMRI) techniques are helping researchers identify early signs of Alzheimer's disease by observing brain activity patterns.

4. **Behavioral and Cognitive Assessment**: Studies are also assessing how people with Alzheimer's adapt to living with the condition, including their emotional responses"
0.6751156051953634,0.7003389000892639,0.6737622817357382,0.686660885810852,0.26232387622197473,0.12646168878268793,0.1845850462275686,0.9966989008732775,1.0,0.686660885810852,0.7391886711120605,0.8082250356674194,0.1340782122905028,0.0056179775280898875,0.08379888268156425,0.8424214124679565,0.7725487947463989,0.8059735894203186,64,0.2119205298013245,0.14,0.4628602862358093,0.3274919390678406,2,1,1,0,0,0,What is (are) Osteoporosis ?,Musculoskeletal,"Osteoporosis is a disease characterized by weakened bones due to a decrease in bone formation and an increase in bone resorption. It is caused by various factors such as aging, certain medications, obesity, smoking, and low estrogen levels in postmenopausal women. The condition increases the risk of fractures, particularly in the hip, spine, and wrists. Treatment options include medication, physical therapy, and lifestyle modifications."
0.5722708503405253,0.5810369253158569,0.6110392610232035,0.6219738125801086,0.24409711360931396,0.6891230987408065,1.3148784397132152,0.9976389120456649,1.0,0.6219738125801086,0.7186893224716187,0.6889753341674805,0.30564784053156147,0.05351170568561872,0.16611295681063123,0.8290735483169556,0.8418779373168945,0.8354266881942749,147,0.930379746835443,0.3611111111111111,0.28817206248641014,-0.0897107794880867,7,1,1,0,0,0,what research (or clinical trials) is being done for Osteoporosis ?,Endocrine/Metabolic,"There are several ongoing research efforts focused on developing treatments for osteoporosis:

1. **Bone Growth Hormones**: Researchers are investigating whether bone growth hormones can be used to stimulate bone formation in individuals with osteoporosis. For example, studies have shown promising results from bisphosphonates which inhibit the activity of osteoclasts, the cells responsible for breaking down bone tissue.
   
2. **Regenerative Medicine Approaches**: There is growing interest in regenerative medicine techniques like stem cell therapy and mesenchymal stem cell (MSC) transplantation to repair and regenerate damaged bone tissue. Some trials aim to study how these therapies affect bone density and fracture rates in patients.

3. **Biomechanical Therapy**: Techniques aimed at improving bone quality through biomechanics, such as orthotic devices designed to support proper alignment of bones, may hold promise for slowing bone loss and reducing fractures in osteoporosis.

4. **Nutritional Supplementation**: Research is exploring whether specific dietary supplements can"
0.7121959527333578,0.7348896265029907,0.7579957246780396,0.8648485541343689,0.3142271240552267,0.2544486579136415,0.2728796667997836,0.9968313538618063,1.0,0.8648485541343689,0.8521692752838135,0.827106773853302,0.4,0.0751173708920188,0.16744186046511628,0.8753745555877686,0.8678172826766968,0.8715795874595642,91,0.7398373983739838,0.5,0.39109801252683,0.14716070890426636,4,1,1,0,0,0,What is (are) Psoriatic Arthritis ?,Musculoskeletal,"Psoriatic arthritis is a type of arthritis that affects people who have psoriasis. It occurs when the immune system mistakenly attacks healthy joints and skin cells, leading to inflammation, swelling, and pain. This condition primarily affects the joints of the hands and feet, causing stiffness, pain, and deformities over time. It can also lead to complications such as high blood pressure, metabolic syndrome, heart disease, anxiety, and depression. Treatment options include medications like methotrexate, biologics, and physical therapy. Early intervention is crucial to minimize joint damage and improve quality of life."
0.5934573213259379,0.597809910774231,0.5532128810882568,0.5904364585876465,0.3095494508743286,0.7726262985504567,1.7742562283676742,0.9817148914291591,1.0,0.5904364585876465,0.8100203275680542,0.7771419882774353,0.3067226890756302,0.08438818565400842,0.1512605042016807,0.8486873507499695,0.8286280632019043,0.8385377526283264,159,0.5112540192926045,0.358974358974359,0.19593222247850564,-0.029146164655685425,17,1,1,0,0,0,What are the treatments for Lung Cancer ?,Respiratory,"The treatments for lung cancer depend on various factors including the stage of the disease, location of the tumor, patient's overall health, and other individual circumstances. Some common treatments include:

1. Surgery (surgery): This involves removing tumors from the chest or lung.
2. Radiation therapy: It uses high-energy X-rays or other types of radiation to kill cancer cells.
3. Chemotherapy: This is a type of treatment that uses drugs to stop the growth of cancer cells.
4. Immunotherapy: This is a type of treatment that helps the immune system recognize and attack cancer cells.
5. Targeted therapy: It uses drugs that target specific molecules involved in cancer cell growth.
6. Palliative care: This is focused on providing relief from symptoms rather than curing the cancer.
7. Supportive care: This includes managing symptoms like pain, difficulty breathing, or fatigue.
8. Genetic testing: To understand why a person developed lung cancer and how to treat it more effectively.

Each treatment approach"
0.6603610714276632,0.6832988858222961,0.7535825173060099,0.7794235944747925,0.24844799439112342,0.30748360464908675,0.6896899035145911,0.9894078548039044,1.0,0.7794235944747925,0.8154693245887756,0.6930152773857117,0.3524904214559387,0.09266409266409267,0.1532567049808429,0.8807600736618042,0.7765588760375977,0.825383722782135,89,0.52046783625731,0.48717948717948717,0.4676838219165802,0.2836008667945862,3,1,1,0,0,0,What are the symptoms of Bronchitis ?,Respiratory,"Chronic bronchitis is characterized by persistent symptoms including chest discomfort, shortness of breath, and coughing, often lasting for more than three weeks without improvement. The cough may also last for several weeks after the primary episode has passed. Other symptoms that may persist for longer periods include production of mucus, sore throat, headaches, fatigue, and fever, although they usually resolve within a few days to a week. In some cases, individuals might experience difficulty speaking or swallowing, and they may become anxious or depressed due to the prolonged suffering."
0.7643499970436096,0.7763227224349976,0.699077308177948,0.7739598751068115,0.18493692080179847,0.08224681598933965,0.09767855997119722,0.9923550168003024,1.0,0.7739598751068115,0.7683607935905457,0.757621705532074,0.18925831202046037,0.06153846153846154,0.09974424552429666,0.8429588079452515,0.7770707607269287,0.8086749315261841,99,0.15045592705167174,0.32653061224489793,0.4930303394794464,0.24766302108764648,6,1,1,0,0,0,What causes Cushing's Syndrome ?,Endocrine/Metabolic,"Cushing's Syndrome is primarily caused by excessive production of the hormone cortisol. When this occurs, it results in the overproduction of cortisol and other related hormones, leading to various symptoms associated with Cushing's Syndrome. The exact cause of excess cortisol production may vary; however, it can be due to conditions such as:

1. Adrenal gland problems (adenoma, adenocarcinoma)
2. Pituitary gland dysfunction (hyperplasia, neoplasia)
3. Insulin resistance
4. Use of certain medications (glucocorticoids, anticonvulsants)
5. Autoimmune disorders
6. Primary hyperaldosteronism

These conditions alter the balance within the body, causing increased levels of cortisol and potentially leading to Cushing's Syndrome."
0.7162305315335592,0.7377468943595886,0.7226885954538981,0.7753980159759521,0.1861055692036947,0.20286735289982363,0.2568213722776922,1.0,1.0,0.7753980159759521,0.7082532644271851,0.7748059034347534,0.19469026548672566,0.04747774480712166,0.11799410029498525,0.8313699960708618,0.722205638885498,0.7729525566101074,78,0.29770992366412213,0.24390243902439024,0.42458241432905197,0.20738327503204346,2,1,1,0,0,0,What is (are) Lung Cancer ?,Respiratory,"Lung cancer is a type of cancer that affects the lungs and can lead to various symptoms such as coughing up blood, shortness of breath, and chest pain. It occurs when abnormal cells in the lungs start growing out of control without treatment. This can occur due to factors like smoking, air pollution, genetic mutations, or exposure to certain chemicals. The disease has no known cure, but early detection and treatment options are available, which can improve outcomes."
0.4754186272621155,0.4870215058326721,0.2833114266395569,0.3187958300113678,0.42875431974728906,0.033975198513626674,0.03413049398677174,1.0,0.0,0.3187958300113678,0.6196029186248779,0.7205682396888733,0.06923076923076923,0.007751937984496125,0.03846153846153846,0.8064332604408264,0.7255511283874512,0.7638571262359619,168,2.625,0.17142857142857143,0.22414356029846452,0.05669722333550453,11,0,1,0,0,1,What is (are) Age-related Macular Degeneration ?,Unrelated,"Age-related macular degeneration (AMD) is a retinal disorder affecting vision in older adults. It occurs when the light-sensitive cells at the back of the eye lose their ability to absorb and process light, leading to a decrease in visual acuity. The cause of AMD is not fully understood, but it may be influenced by genetics, lifestyle factors, and environmental conditions.

There are two main types of AMD:

1. Dry AMD: This form of the disease usually appears first and involves the central part of the retina, which includes the macula. It causes gradual loss of central vision.
2. Wet AMD: This type of AMD progresses rapidly and involves leakage of fluid into the macula. It results in rapid vision loss and may lead to blindness if left untreated.

Both forms of AMD are characterized by the accumulation of pigment deposits within the retina, which eventually damage the underlying tissue, causing vision loss.

Treatment options vary depending on the stage of AMD and may include medication, surgery, dietary changes"
0.6478070418039957,0.6579080820083618,0.7507592837015787,0.765633761882782,0.17915101846059167,0.3960578995748468,0.41501672554998115,0.9967749461646618,1.0,0.765633761882782,0.7281945943832397,0.7489385604858398,0.1774193548387097,0.059459459459459456,0.10752688172043011,0.8560777306556702,0.8162168264389038,0.8356721997261047,66,0.2082018927444795,0.25,0.496884028116862,0.18434053659439087,1,1,1,0,0,0,What to do for Celiac Disease ?,Gastrointestinal,"For Celiac Disease, one must follow a strict gluten-free diet to prevent the absorption of nutrients that can cause malabsorption. This involves avoiding all foods containing gluten (such as wheat, barley, rye, oats, and triticale) and consulting with a healthcare professional who specializes in gastroenterology. Additionally, monitoring for signs like joint pain, reduced functioning of the spleen, and cognitive impairment can provide early intervention and management."
0.7130826115608215,0.7244658470153809,0.7325855096181234,0.739660382270813,0.14973044395446777,-0.05321735536482595,-0.04405663295652995,1.0,1.0,0.739660382270813,0.7372695803642273,0.737429678440094,0.189873417721519,0.01282051282051282,0.10126582278481013,0.8129326701164246,0.8960164189338684,0.8524549007415771,136,4.857142857142857,0.5,0.2660151368472725,-0.0921601951122284,10,1,1,0,0,0,Who is at risk for Osteoporosis? ?,Endocrine/Metabolic,"Osteoporosis can affect anyone regardless of age, but there are several risk factors that make some individuals more vulnerable:

1. **Age**: The risk increases as you get older.
2. **Race**:
   - White or Asian ancestry increases your risk compared to other races.
3. **Family History**:
   - If either parent or sibling has osteoporosis, you have an increased chance of developing it.
4. **Body Frame Size**:
   - People with smaller body frames tend to have a higher risk due to less bone mass accumulation as they age.
5. **Sex Hormones**:
   - Lowered levels of sex hormones such as estrogen during menopause can lead to osteoporosis.
6. **Lifestyle Choices**:
   - Smoking, alcohol consumption, and poor nutrition can contribute to osteoporosis.
7. **Medical Conditions**:
   - Certain chronic diseases like diabetes and kidney disease can impact bone health.
8. **Medications**:"
0.5254699190457662,0.5307178497314453,0.3726368049780528,0.3905889689922333,0.17767012119293213,0.24726246704547675,0.5492886770347457,0.9816730187430752,0.0,0.3905889689922333,0.5239028930664062,0.6920889019966125,0.23175965665236054,0.04329004329004329,0.1459227467811159,0.824911892414093,0.8431600332260132,0.8339360952377319,167,2.5692307692307694,0.3181818181818182,0.3308603040874004,0.027167849242687225,8,0,1,0,0,1,What is (are) Prostate Cancer ?,Unrelated,"Prostate cancer is a type of cancer that starts in the prostate gland, which is a small, walnut-like structure located below the bladder and at the top of the rectum. The prostate gland produces a fluid that helps make sperm and eggs. Prostate cancer typically affects men over age 50, although it can occur at any age.
Prostate cancer can be classified into two main categories based on how it spreads:

1. Localized prostate cancer: This refers to the cancer being confined to the prostate itself and not spreading beyond it. 

2. Metastatic prostate cancer: This type of cancer has already spread outside the prostate and may affect other organs.

It's important to note that prostate cancer is one of the most common forms of cancer worldwide and the risk increases with age. Early detection and treatment options can significantly improve outcomes. If you have symptoms such as difficulty urinating, blood in your urine, or pain during urination, it's essential to consult a healthcare provider for evaluation"
0.6968748768170675,0.6987817287445068,0.592477023601532,0.6689208149909973,0.15502214431762695,0.04350915226923129,0.05108537913963478,0.9650640965088821,1.0,0.6689208149909973,0.46986910700798035,0.567711353302002,0.2447257383966245,0.05932203389830508,0.14345991561181434,0.8205828666687012,0.8222653865814209,0.8214232921600342,145,0.4461538461538462,0.24242424242424243,0.2355378384773548,-0.08691033720970154,9,1,1,0,0,0,What is (are) Heart Failure ?,Cardiovascular,"Heart Failure refers to a group of symptoms characterized by difficulty breathing, fatigue, swelling in the legs, ankles, or face, dizziness, and shortness of breath. It is caused by various factors including:

1. **Coronary Artery Disease** - Inflammation and plaque build-up on the walls of the coronary arteries, narrowing them and reducing the blood flow to the heart muscle.
2. **Heart Attack** - Caused by a blockage in the coronary arteries leading to ischemia or inadequate blood supply to the heart muscle.
3. **Infections** - Such as bacterial or viral infections can cause inflammation and damage to heart tissue.
4. **Heavy Alcohol Use** - Overconsumption can lead to liver damage affecting heart function.
5. **Recreational Drug Use** - Certain drugs like cocaine, amphetamines, and methamphetamine can cause cardiac arrest due to its adverse effects on heart muscles.
6. **Chemotherapy Medicines** - Some chemotherapy drugs can"
0.7022306124369303,0.7125958204269409,0.7128710150718689,0.7417332530021667,0.25939273834228516,0.3814206314533079,0.8904488524696129,1.0,1.0,0.7417332530021667,0.7982453107833862,0.8014610409736633,0.32098765432098764,0.1125,0.1851851851851852,0.8704822063446045,0.8316231966018677,0.8506091237068176,74,0.8409090909090909,0.13333333333333333,0.5872976928949356,0.5040355324745178,0,1,1,0,0,0,What is (are) Kidney Disease ?,Kidney/Renal,"Kidney disease refers to a group of health problems that affect the kidney, which is responsible for removing waste products from the body and maintaining fluid balance. Common types of kidney disease include acute kidney injury, chronic kidney disease, and kidney failure. The latter stage involves irreversible damage to the kidneys, often requiring dialysis or a kidney transplant. It's essential to monitor and manage kidney disease to prevent further damage and maintain overall health."
0.6173251469930013,0.6605330109596252,0.6439553300539652,0.7607570886611938,0.3187355001767477,0.2590390628420341,0.55802092844878,0.9616022424797762,1.0,0.7607570886611938,0.7235434651374817,0.7677058577537537,0.2506527415143603,0.020997375328083986,0.10966057441253264,0.8361009359359741,0.8140151500701904,0.8249102830886841,111,0.39361702127659576,0.3055555555555556,0.4441186964511871,0.3275410234928131,3,1,1,0,0,0,What to do for Gallstones ?,Gastrointestinal,"To manage gallstones, it is important to follow a balanced diet, engage in regular physical activity, and seek timely medical attention if symptoms arise. Maintaining a healthy weight through reduced calorie intake and increased physical activity is crucial for preventing the formation of new stones. Additionally, abdominal ultrasound and cholecystectomy (gallbladder removal), which involves minimally invasive surgery, are associated procedures used to treat gallstones effectively. For individuals who experience severe or concerning symptoms, it is advisable to consult with their healthcare provider promptly, especially when jaundice, high fever, or other complications appear. Regular monitoring of cholesterol levels and lifestyle adjustments are also recommended to reduce the risk of future stone development."
0.699357807636261,0.7263491749763489,0.7226698199907938,0.7729155421257019,0.2321667869885763,0.6287914783557896,1.1316686033310002,0.9781253515588287,1.0,0.7729155421257019,0.7395371198654175,0.803263783454895,0.17005076142131978,0.035623409669211195,0.08883248730964467,0.8342481255531311,0.7505192756652832,0.7901719212532043,133,0.214170692431562,0.4791666666666667,0.32934431781371437,0.05437508970499039,13,1,1,0,0,0,What are the symptoms of Cystic Fibrosis ?,Respiratory,"Symptoms of Cystic Fibrosis can vary widely from person to person and may appear at any age. Common symptoms include:

1. Persistent cough (often dry)
2. Mucus production in the lungs
3. Fatigue and weight loss
4. Increased need for fluids due to increased urination
5. Changes in appetite or difficulty eating
6. Skin infections (such as scabies or athlete's foot)
7. Difficulty breathing
8. Muscle stiffness and joint pain
9. Frequent nosebleeds
10. Skin problems like scarring or thickened skin
11. Digestive issues including constipation, diarrhea, abdominal pain, and nausea.

Some people may experience less common symptoms like bone abnormalities, heart failure, lung disease, liver disease, kidney disease, eye problems, or mental health issues. It's important for individuals with Cystic Fibrosis to monitor their symptoms regularly and seek medical attention when needed."
0.6596572597821554,0.7092392444610596,0.5390806098779043,0.5797098875045776,0.2111897269884745,0.14026758678281742,0.4950172011646269,0.9862713259185213,0.6666666666666666,0.5797098875045776,0.7621707916259766,0.75751131772995,0.3418803418803419,0.1072961373390558,0.16666666666666666,0.8496658802032471,0.7736780047416687,0.8098934888839722,148,0.46984126984126984,0.5714285714285714,0.2530659928917885,-0.12631529569625854,9,1,1,0,0,0,What causes High Blood Cholesterol ?,Cardiovascular,"High blood cholesterol can be caused by several factors including:

1. **Cholesterol Levels**: The presence of excess cholesterol in the blood can lead to atherosclerosis, which is the build-up of plaque on the inner walls of arteries.

2. **Nutritional Factors**: Certain nutrients like saturated fat and trans fatty acids found in foods such as red meat, fried foods, and processed snacks contribute to high cholesterol levels.

3. **Genetic Factors**: Some people have genetic predispositions to high cholesterol due to their family history.

4. **Infections**: Certain infections that affect the liver or pancreas, like hepatitis B or C, can alter cholesterol metabolism and raise cholesterol levels.

5. **Weight**: Being overweight or obese is associated with increased cholesterol levels.

6. **Smoking**: Smoking reduces the production of high-density lipoprotein (HDL), which helps remove cholesterol from the bloodstream.

7. **Alcohol Consumption**: Heavy alcohol consumption has been shown to increase cholesterol levels.

8."
0.674395223458608,0.6874492764472961,0.5447248717149099,0.7123916745185852,0.31124611695607507,0.1751065171618418,0.21590066732299795,1.0,0.6666666666666666,0.7123916745185852,0.5109861493110657,0.6870843768119812,0.27950310559006214,0.075,0.14906832298136644,0.8389381766319275,0.8315894603729248,0.8352476358413696,163,1.0382165605095541,0.25,0.30110280780742565,-0.01264870073646307,8,1,1,0,0,0,Who is at risk for Lung Cancer? ?,Respiratory,"Lung cancer can affect anyone, but there are some risk factors that can increase your likelihood of developing this condition. These include:

1. Smoking - Regular or heavy smoking can significantly raise your risk of lung cancer.
2. Family history - If you have a family member with lung cancer, you may have a greater chance of developing the disease yourself.
3. Age - Older individuals, especially those over 50, are at a higher risk of developing lung cancer due to their longer exposure to environmental pollutants.
4. Occupational exposures - Working in environments with known lung-cancer-causing agents like asbestos, arsenic, or nickel can increase your risk.
5. Exposure to radon - Living in areas with high levels of radon, even in buildings without cracks or leaks, can increase your risk of lung cancer.
6. Genetic predisposition - Having a parent, sibling, or child with lung cancer increases your overall risk of developing the disease.
7. Environmental exposures - Inhalation of certain chemicals"
0.7383769353230795,0.7793368697166443,0.5716133316357931,0.6236732006072998,0.21312427520751953,0.2641715177373101,0.3153910926792685,0.9679012805101185,1.0,0.6236732006072998,0.7426245212554932,0.7369354963302612,0.3004694835680751,0.05687203791469194,0.16901408450704225,0.8324828147888184,0.8433449268341064,0.8378787040710449,155,2.6724137931034484,0.4444444444444444,0.30712046784659225,-0.14011144638061523,8,1,1,0,0,0,What are the symptoms of Polycystic Kidney Disease ?,Kidney/Renal,"The symptoms of Polycystic Kidney Disease (PKD) can vary widely depending on the severity of the disease. Some common symptoms include:

1. **High blood pressure:** This is one of the most common symptoms of PKD. It occurs when there are too many cysts blocking the blood vessels in the kidneys.
2. **Belly, side, or back pain:** This symptom can be caused by the pressure exerted by the cysts on surrounding organs, such as the intestines or bladder.
3. **Blood in the urine:** In severe cases, this symptom is common because the kidney filters waste products from the blood, but it becomes blocked due to the presence of the cysts.
4. **A feeling of fullness in the belly:** As the kidneys become larger and start to press on nearby organs like the bladder, these patients may feel bloated or have difficulty passing gas.
5. **Increased size of the belly from enlarged kidneys:** Over time, the kidneys"
0.6427404085795084,0.6566786766052246,0.7535179456075033,0.8954881429672241,0.20055510600407922,0.3384383362980117,0.9299364106586121,0.9968649787157963,1.0,0.8954881429672241,0.8302571177482605,0.6669884324073792,0.3620689655172414,0.10526315789473684,0.25862068965517243,0.8574331998825073,0.909594714641571,0.8827440738677979,77,1.9743589743589745,0.5333333333333333,0.5592589378356934,0.31659793853759766,1,1,1,0,0,0,What is (are) COPD ?,Respiratory,"COPD stands for Chronic Obstructive Pulmonary Disease. It is a chronic lung disorder characterized by the narrowing of the bronchial tubes, making it difficult for air to flow freely through them. The primary symptoms of COPD include shortness of breath, coughing, and wheezing. Additionally, some people may experience chest tightness, coughing more frequently, and changes in their mucus color or thickness. If these symptoms persist or worsen over time, they should be evaluated by a healthcare professional."
