avg_q_to_ctx_similarity,max_q_to_ctx_similarity,avg_gt_to_ctx_similarity,max_gt_to_ctx_similarity,retrieval_diversity,avg_bm25_score,max_bm25_score,ndcg@k,context_relevance,context_coverage,semantic_similarity,answer_question_relevance,rouge1_f,rouge2_f,rougeL_f,bert_score_precision,bert_score_recall,bert_score_f1,answer_length,length_ratio,key_term_coverage,faithfulness_score,min_sentence_support,unsupported_sentences,is_relevant,should_answer,correct_abstention,incorrect_abstention,hallucination,question,category,generated_answer
0.7019371390342712,0.7596172094345093,0.6719839572906494,0.7780253887176514,0.3005655209223429,0.15648996519729677,0.19938341746355806,1.0,1.0,0.7780253887176514,0.814044713973999,0.8254727721214294,0.05190311418685121,0.034722222222222224,0.04498269896193771,0.8819612264633179,0.719158411026001,0.7922828793525696,15,0.025996533795493933,0.12,0.5056474506855011,0.2736057639122009,1,1,1,0,0,0,What causes Hypothyroidism ?,Endocrine/Metabolic,Autoimmune disease. The most common cause of hypothyroidism is an autoimmune disease called Hashimoto's disease.
0.5030511915683746,0.5428909063339233,0.542855421702067,0.6074470281600952,0.3644085923830668,0.8558465631471722,1.5318707403764398,0.9459361102397645,1.0,0.6074470281600952,0.7104673385620117,0.7412074208259583,0.3434343434343434,0.04067796610169491,0.1750841750841751,0.8372625112533569,0.8437326550483704,0.8404850959777832,141,0.8924050632911392,0.3611111111111111,0.2613788334652781,-0.059612732380628586,8,1,1,0,0,0,what research (or clinical trials) is being done for Osteoporosis ?,Musculoskeletal,"There are several ongoing clinical trials investigating the treatment of osteoporosis:

1. The Women’s Osteoporosis Prevention Trial (WOPP): This study has been studying the effectiveness of hormone replacement therapy (HRT) in reducing fracture risk in postmenopausal women at high risk for osteoporotic fractures.

2. The Bone Loss Prevention Study (BLPS): This trial aims to assess whether low-dose bisphosphonates can reduce the rate of bone loss in older adults who do not currently take drugs that protect against bone loss.

3. The Global Osteoporosis Prospective Study (GOPS): This international study is designed to understand which factors increase or decrease the risk of developing osteoporosis, including genetic, lifestyle, and environmental factors.

4. The National Osteoporosis Foundation: They offer resources and support groups to help individuals with osteoporosis manage symptoms and improve quality of life.

5. The International Osteoporosis Foundation: They provide information and"
0.6238528887430826,0.66131591796875,0.6111394762992859,0.6793837547302246,0.36972536643346154,0.20874465744034598,0.22426475993528958,0.995636721758641,1.0,0.6793837547302246,0.6292364001274109,0.6551761031150818,0.11249999999999999,0.0438871473354232,0.08124999999999999,0.8348003029823303,0.6955359578132629,0.7588314414024353,53,0.09153713298791019,0.1,0.6381025115648905,0.6297279596328735,0,1,1,0,0,0,Who is at risk for Lung Cancer? ?,Respiratory,"People who smoke have the greatest risk of lung cancer. Smoking increases the risk of lung cancer by causing damage to the lungs and increasing the production of harmful substances like carbon monoxide and polycyclic aromatic hydrocarbons. Quitting smoking, even after smoking for many years, significantly lowers the chances of developing lung cancer."
0.6152019699414571,0.6507173180580139,0.44927361607551575,0.5074807405471802,0.23062141736348474,0.1415187787332742,0.16500565925893224,1.0,0.3333333333333333,0.5074807405471802,0.44575464725494385,0.7135038375854492,0.3068783068783069,0.09574468085106384,0.15873015873015872,0.8215144872665405,0.8230559825897217,0.8222845196723938,137,0.5637860082304527,0.2702702702702703,0.3847624521702528,-0.047650497406721115,6,1,1,0,0,0,What is (are) Urinary Tract Infections in Children ?,Kidney/Renal,"Urinary tract infections in children can occur due to various reasons such as bacterial, viral, or fungal infections. Some common causes include:

1. Bacterial Infections:
   - Urethritis: An infection of the urethra, which is the opening at the end of the penis where urine exits.
   - Prostatitis: An inflammation of the prostate gland, a small gland located near the base of the penis and the bladder neck.
   - Chlamydia or Gonorrhea: These are sexually transmitted diseases that can affect the urethra and/or the bladder.
   - Urinary tract infections caused by bacteria in the urine itself (nephrolithiasis), particularly in children with kidney stones.

2. Viral Infections:
   - Genital herpes: An infection that can lead to painful urination and swelling in the genital area.
   - Urogenital Herpes: Another name for genital herpes, affecting the genitals, anus, or rectum.

3"
0.6479026476542155,0.6634538173675537,0.557140568892161,0.5854186415672302,0.3336171507835388,0.44951997667351246,0.6737451962055833,0.984298038739657,1.0,0.5854186415672302,0.8387507200241089,0.7556552290916443,0.2044728434504792,0.064034151547492,0.11714589989350374,0.8476839065551758,0.8054748177528381,0.826040506362915,156,0.20445609436435125,0.52,0.1795777603983879,-0.16158640384674072,9,1,1,0,0,0,How to diagnose Pulmonary Embolism ?,Cardiovascular,"To diagnose pulmonary embolism (PE), healthcare professionals typically conduct a thorough medical evaluation. This includes:

1. Medical history: A detailed review of past medical conditions and current health status helps identify risk factors for PE such as smoking, obesity, diabetes, advanced age, cancer, certain types of surgery, and long-term use of blood thinners.
2. Physical examination: Healthcare providers might palpate the chest area for signs of a large, firm, painful mass, especially in the upper back and sides. They will listen to your heart and lungs and check your breathing patterns.
3. Laboratory tests:
   - Blood tests: These measure levels of certain proteins and clotting factors in your blood, which indicate blood clots and help distinguish between PE and other causes of dyspnea and chest discomfort.
   - Imaging studies: Chest X-ray and CT scans can show signs of a PE. Chest computed tomography angiography (CTA) can provide more detailed images and is considered the gold standard"
0.6701315442721049,0.73816978931427,0.5643978814284006,0.6276489496231079,0.2583072781562805,0.5375017122666241,0.7925290373005699,1.0,0.6666666666666666,0.6276489496231079,0.5537387728691101,0.6879245042800903,0.26382978723404255,0.05150214592274678,0.1702127659574468,0.8253245949745178,0.8568773865699768,0.8408050537109375,165,2.391304347826087,0.2,0.46661466360092163,0.1879582405090332,3,1,1,0,0,0,What is (are) Lung Cancer ?,Respiratory,"Lung cancer is a type of cancer that originates from the lining of the lungs. It affects the respiratory system and can cause various symptoms and complications if left untreated. The primary symptom of lung cancer is often a persistent cough that does not go away. Other common symptoms include shortness of breath, chest pain, hoarseness, and fatigue. These symptoms can occur anywhere along the path of lung cancer, including the lungs themselves or spread to other parts of the body through the bloodstream or lymphatic system. The diagnosis of lung cancer involves several steps, including a thorough medical history review, physical examination, imaging tests such as X-rays, CT scans, or MRI, and possibly biopsies to confirm the presence of cancer cells. Treatment options vary depending on the stage of the cancer and personal health conditions but can include surgery, radiation therapy, chemotherapy, immunotherapy, targeted therapy, or a combination of these approaches. The Mayo Clinic provides comprehensive care and resources for individuals with lung cancer."
0.6122635205586752,0.6971146464347839,0.42905178666114807,0.5756680965423584,0.39278465509414673,0.6139716444299519,1.8419149332898557,0.9163014837654326,0.3333333333333333,0.5756680965423584,0.5307459831237793,0.7235341668128967,0.2267515923566879,0.06385696040868455,0.11210191082802547,0.8248881101608276,0.8066627383232117,0.8156737089157104,151,0.2396825396825397,0.3404255319148936,0.3917231378145516,-0.027009550482034683,7,1,1,0,0,0,What is (are) Kidney Disease ?,Kidney/Renal,"Kidney disease refers to any disorder that affects the function of one or more parts of the kidney. It can be categorized into various types based on the specific organ involved and its primary cause. Some common forms of kidney disease include:

1. **Urinary Tract Infections**: These infections typically occur due to bacteria or yeast, and they may lead to symptoms like frequent urination, pain during urination, fever, or cloudy urine. They are often treated with antibiotics.

2. **Chronic Kidney Disease (CKD)**: This type of kidney disease progresses slowly over time and results from long-term kidney damage. It can be caused by high blood pressure, diabetes, heart failure, or glomerular disease. CKD stages range from mild (Stage 1) to severe (Stage 5).

3. **Nephrotic Syndrome**: This is a group of conditions characterized by high levels of protein in the urine and low levels of albumin in the blood. The underlying cause"
0.3746190369129181,0.42762652039527893,0.4865657687187195,0.5439066886901855,0.6058054963747661,0.3754267873744103,0.6390636966764371,1.0,0.6666666666666666,0.5439066886901855,0.6704563498497009,0.8486589193344116,0.22222222222222227,0.051020408163265314,0.1414141414141414,0.8763262033462524,0.8262566328048706,0.8505551815032959,38,0.2375,0.11627906976744186,0.42065446575482685,0.405025839805603,3,0,1,0,0,1,Is Breast Cancer inherited ?,Unrelated,"Yes, breast cancer is also classified into types based on the kinds of cells found in the tumor. The type of breast cancer is considered in determining your treatment and prognosis. So yes, breast cancer can be inherited."
0.659270445505778,0.6973769664764404,0.5623143215974172,0.7576795816421509,0.30487191677093506,0.08877987473288695,0.11115634332073954,0.8990164712082566,0.3333333333333333,0.7576795816421509,0.6054072380065918,0.6947035789489746,0.3015075376884422,0.03045685279187817,0.17085427135678394,0.8537436723709106,0.768661618232727,0.8089717030525208,95,0.8962264150943396,0.3125,0.49804881811141966,0.32926905155181885,2,1,1,0,0,0,What is (are) Gallstones ?,Gastrointestinal,"Gallstones are hard, solid deposits of digestive liquid that form in your gallbladder. These stones are typically made up of cholesterol, bile salts, and calcium salts. Gallstones can be formed when excess cholesterol or bile salts accumulate in the gallbladder. If gallstones become too large or obstruct the flow of bile to the small intestine, they can cause symptoms like abdominal pain, nausea, vomiting, and diarrhea. In some cases, gallstones can lead to more severe conditions like pancreatitis, which occurs when the inflamed pancreas produces enzymes that attack the lining of the stomach and duodenum."
0.3844415048758189,0.39349472522735596,0.25204508503278095,0.26210325956344604,0.3832876682281494,0.1702752079219969,0.5108256237659907,1.0,0.0,0.26210325956344604,0.7641652822494507,0.7383837699890137,0.25550660792951546,0.06222222222222222,0.16740088105726872,0.8091441988945007,0.8620499968528748,0.8347596526145935,125,1.288659793814433,0.35,0.22342021132890993,0.11629042774438858,13,1,1,0,0,0,What is (are) Wilson Disease ?,Endocrine/Metabolic,"Wilson's disease is a genetic disorder caused by a mutation in the ATP7B gene, which encodes for a protein called Biliary acid transport regulator 1 (BATR1). This mutation leads to a deficiency in the enzyme beta-glucuronidase, resulting in accumulation of copper within the liver, kidneys, brain, and other tissues. The symptoms of Wilson's disease include:
1. Nausea and vomiting
2. Fatigue and weakness
3. Skin changes, including yellowish discoloration (jaundice)
4. Hair loss (telangiectasia)
5. Abnormal liver function tests (e.g., elevated bilirubin levels, decreased albumin levels)
6. Muscle weakness, tremors, or seizures
7. Mental changes, including confusion or memory problems
8. Cognitive difficulties, difficulty learning or remembering things
9. Vision problems
10. Digestive issues, such as diarrhea or constipation

In addition to these physical symptoms"
0.7089817126592001,0.7349662780761719,0.778359035650889,0.8890565633773804,0.2356777389844259,0.1361223303248479,0.15420238307925638,0.9456999786811608,1.0,0.8890565633773804,0.7966558933258057,0.7204641699790955,0.3421052631578947,0.1456953642384106,0.21710526315789472,0.8838090896606445,0.7710348963737488,0.8235792517662048,93,0.4449760765550239,0.32558139534883723,0.6079329748948415,0.4509488046169281,1,1,1,0,0,0,What causes Cystic Fibrosis ?,Respiratory,"Cystic fibrosis is caused by a change in the cystic fibrosis transmembrane conductance regulator (CFTR) gene, which affects the cells that make mucus, sweat, and digestive juices. This gene control the movement of salt and water in and out of cells, and when it does not work properly, it results in thick, sticky mucus in the respiratory, digestive, and reproductive systems, as well as excess salt in sweat. This genetic mutation leads to changes in the amount and function of the CFTR protein, causing impaired transport and accumulation of these substances in tissues."
0.48340009649594623,0.48657867312431335,0.5371224681536356,0.6309636235237122,0.36220377683639526,0.522146648406309,0.9669185025141857,0.9061181771065092,0.6666666666666666,0.6309636235237122,0.7003756761550903,0.7450165748596191,0.3453237410071942,0.06521739130434784,0.1726618705035971,0.8889408111572266,0.8343420028686523,0.8607764840126038,82,0.422680412371134,0.42857142857142855,0.5445368488629659,0.44781094789505005,1,1,1,0,0,0,what research (or clinical trials) is being done for Epilepsy ?,Neurological,"Research on epilepsy is ongoing, focusing on understanding the underlying mechanisms of the condition and developing new treatments. Many studies are conducted to identify risk factors associated with different types of epilepsy, explore potential causes or contributing factors, investigate the effectiveness of different treatments, and assess the long-term outcomes for patients with epilepsy. Additionally, clinical trials are designed to evaluate the safety and efficacy of novel therapies, improve existing treatments, and test new diagnostic tools for early detection and prevention of seizures."
0.500361810127894,0.5632278919219971,0.4782178997993469,0.512641429901123,0.217025617758433,0.21726739985801935,0.23138118465162985,1.0,0.6666666666666666,0.512641429901123,0.6406823396682739,0.7430524826049805,0.15727948990435706,0.02981895633652822,0.08714133900106269,0.8304812908172607,0.8076449036598206,0.8189039826393127,145,0.18193224592220827,0.22448979591836735,0.3009510783271657,-0.052310992032289505,5,1,1,0,0,0,How to diagnose Urinary Tract Infections in Children ?,Kidney/Renal,"In children, diagnosis of a urinary tract infection typically involves several clinical symptoms. Here’s a general overview of how to diagnose UTIs in children:

1. **Symptoms:** The main symptoms of UTIs in children include:
   - Frequent urination (passing more urine than usual)
   - Unusual pain when urinating (painful urination)
   - Burning sensation during urination (urine burning)
   - High fever
   - Chills and shaking
   - Blood in the urine

2. **Physical examination:** A healthcare provider will examine the child's genital area, paying particular attention to signs of infection such as redness or swelling around the genitals.
3. **Urine test:** A simple urine test can detect bacteria present in the sample, indicating a UTI. This test is usually done on the first day of symptoms.
4. **Blood test:** To confirm the presence of bacteria, a blood test might be ordered to check for white blood cells or"
0.618230144182841,0.6849287748336792,0.7126355369885763,0.78537917137146,0.3280916015307108,0.680015296244013,0.934977826403678,0.9951147383436956,1.0,0.78537917137146,0.7098181843757629,0.7041796445846558,0.1871345029239766,0.07058823529411765,0.13450292397660818,0.8225032091140747,0.687013566493988,0.7486778497695923,50,0.17667844522968199,0.45454545454545453,0.7461535930633545,0.7461535930633545,0,1,1,0,0,0,Who is at risk for Heart Attack? ?,Cardiovascular,"People who have heart attack risk factors such as age, smoking, high blood pressure, high cholesterol, diabetes, obesity, metabolic syndrome, family history of heart attacks, not enough exercise, unhealthy diet, emotional stress, illegal drug use, preeclampsia, autoimmune condition, rheumatic fever, and some infections, such as rheumatic fever or blood infections."
0.4487978319327037,0.5774345397949219,0.5189000169436137,0.7026507258415222,0.5310207307338715,0.42698978978222185,0.6745496293370729,0.9909205241992588,0.3333333333333333,0.7026507258415222,0.5456753373146057,0.7684707045555115,0.2564102564102564,0.05217391304347826,0.17094017094017094,0.8236191272735596,0.8372799754142761,0.830393373966217,67,1.34,0.15789473684210525,0.4014739990234375,0.3199029564857483,3,1,1,0,0,0,What is (are) Colorectal Cancer ?,Gastrointestinal,"Colorectal cancer refers to cancer of the colon or rectum, which is the part of the digestive system located between the esophagus and the stomach. It is a type of cancer that originates from the lining of the digestive tract. The colon is responsible for absorbing water and nutrients from digested food while the rectum is involved in storing feces until they are eliminated through the anus."
0.43381616473197937,0.438840389251709,0.39660786588986713,0.45030543208122253,0.22896993160247803,0.0625001736514217,0.08280512708302919,1.0,0.0,0.45030543208122253,0.7725616693496704,0.6974387168884277,0.25615763546798026,0.06965174129353233,0.1477832512315271,0.8296359777450562,0.8760464787483215,0.8522098064422607,153,3.25531914893617,0.38461538461538464,0.22512125689536333,-0.07967561483383179,10,0,1,0,0,1,What causes Dry Eye ?,Unrelated,"Dry eye symptoms occur when your body does not produce enough tears, which help lubricate your eyes and keep them moist. There are several reasons why this may happen:

1. **Lack of Tears**: One major factor contributing to dry eyes is reduced production of tears due to autoimmune diseases such as Sjögren's Syndrome. This can be caused by inflammation in the tear ducts leading to blockage and lack of tears.

2. **Low Salinity** - Saline tears are essential for maintaining the integrity of the eye's surface. However, in patients with Sjögren's Syndrome, their eyes' natural ability to secrete saline tears might be compromised, leading to dryness.

3. **High Levels of Certain Antibodies** - Certain antibodies produced by the immune system attack and break down the tiny structures responsible for producing tears. These antibodies can interfere with the normal functioning of the tear gland, reducing tear production.

4. **Age-Related Changes** - As we age,"
0.5204054911931356,0.5625708103179932,0.5173498392105103,0.6732229590415955,0.32374411821365356,0.7979144008303836,1.8756889142379056,0.8647953978404612,0.3333333333333333,0.6732229590415955,0.6124635934829712,0.7672338485717773,0.27615062761506276,0.05063291139240507,0.1506276150627615,0.8263649940490723,0.8623199462890625,0.8439596891403198,154,1.8780487804878048,0.4090909090909091,0.26528403936670375,-0.15360873937606812,9,1,1,0,0,0,What is (are) Kidney Disease ?,Kidney/Renal,"Kidney disease refers to any disorder that affects the kidneys, which are responsible for filtering wastes and extra fluids out of the bloodstream. There are several types of kidney diseases, including:

1. Acute kidney injury: A sudden increase in blood flow to the kidneys that causes damage to their tissue and functions. This usually occurs after exposure to certain chemicals or infections.

2. Chronic kidney disease (CKD): A gradual decline in kidney function that lasts longer than six months but isn't yet full-blown end-stage renal disease (ESRD). It can occur due to various factors such as high blood pressure, diabetes, obesity, smoking, or autoimmune disorders.

3. Nephrotic syndrome: A type of kidney disease characterized by high levels of protein in the urine and significant fluid retention. The underlying cause may be related to inflammation or immune response.

4. Glomerulonephritis: Inflammation of the glomeruli, the small vessels that filter blood in the kidneys. It can"
0.48458702365557355,0.5157985687255859,0.3258588711420695,0.3471572995185852,0.4300055503845215,0.2623120252578275,0.4037671639330988,1.0,0.0,0.3471572995185852,0.5275229215621948,0.706639289855957,0.05405405405405405,0.0,0.043243243243243246,0.8049995303153992,0.8473025560379028,0.825609564781189,157,7.476190476190476,0.3333333333333333,0.46587992140225004,0.39139384031295776,5,1,1,0,0,0,What is (are) High Blood Cholesterol ?,Cardiovascular,"High blood cholesterol refers to a high concentration of LDL cholesterol (low-density lipoprotein) in the bloodstream, along with a lower-than-normal HDL (high-density lipoprotein) cholesterol concentration. Both types of cholesterol play a crucial role in maintaining proper circulation within the body, but they do so through different pathways.

High cholesterol can lead to plaque buildup on the inner walls of blood vessels, known as arterial plaques. These plaques, once formed, can rupture and cause inflammation and scarring, potentially leading to atherosclerosis, a thickening and narrowing of the arteries. The build-up of these plaques can reduce the ability of the arteries to carry oxygen-rich blood throughout the body effectively.

This process can ultimately result in decreased blood flow to various organs, including the brain and heart, increasing the risk of cardiovascular diseases like heart attack, stroke, and peripheral artery disease. Additionally, high blood cholesterol can also contribute to the development of other conditions associated with atherosclerosis, such as diabetes"
0.6730081637700399,0.6832098364830017,0.6355711023012797,0.6609577536582947,0.27526007095972693,0.46096334323203986,1.083869770905544,0.9865971177778006,1.0,0.6609577536582947,0.6793633699417114,0.7977255582809448,0.15454545454545457,0.027522935779816515,0.11818181818181817,0.7867802977561951,0.821538507938385,0.8037837743759155,129,1.4333333333333333,0.2857142857142857,0.21808479255479243,0.006636206991970539,16,1,1,0,0,0,What are the symptoms of Kidney Disease ?,Kidney/Renal,"Kidney disease can manifest in several ways, but some common signs and symptoms include:

1. Persistent or worsening blood pressure (high blood pressure)
2. Frequent urination, especially at night
3. Fatigue and loss of energy
4. Changes in skin color or appearance
5. Feeling unwell or experiencing confusion
6. Frequent headaches
7. Swelling in the legs, ankles, or feet
8. Fatigue, nausea, or vomiting
9. Decreased appetite or weight loss
10. Confusion or difficulty thinking
11. Night blindness or vision problems
12. Shortness of breath or wheezing
13. Changes in bowel habits like diarrhea or constipation
14. Skin rash or discoloration
15. Frequent urination at any time of day
16. Changes in the amount or quality of urine output
17. Pain in the lower back, abdomen, or pelvis
1"
0.5314741134643555,0.6431885957717896,0.5160309076309204,0.5951769351959229,0.44749367237091064,0.33447390590528703,0.43576722310826566,0.9312045867949197,0.3333333333333333,0.5951769351959229,0.4828587472438812,0.7210294008255005,0.3014354066985646,0.03846153846153846,0.13875598086124402,0.8343022465705872,0.8031471967697144,0.8184282779693604,154,0.5441696113074205,0.3684210526315789,0.2851292782209136,-0.1327752321958542,8,1,1,0,0,0,What to do for Cirrhosis ?,Gastrointestinal,"To manage and treat cirrhosis, several key steps are recommended:

1. **Lifestyle Changes**: Adopt healthy habits that support overall health, such as maintaining a balanced diet rich in fruits, vegetables, whole grains, lean protein sources, and moderate amounts of healthy fats. Limit alcohol consumption, as excessive alcohol intake contributes to liver damage and progression of cirrhosis.

2. **Medication Management**: Depending on the underlying cause of cirrhosis, medications might be prescribed to help manage symptoms like bleeding issues, abdominal pain, or fluid retention. These medications can prevent complications and improve quality of life.

3. **Regular Medical Follow-ups**: Regular appointments with a healthcare provider, particularly a gastroenterologist, are crucial to monitor the progress of cirrhosis and detect potential complications promptly. This includes monitoring blood tests for indicators of liver function and assessing liver size through ultrasound or CT scan.

4. **Nutritional Support**: Proper nutrition helps sustain the body’s energy levels and aids in recovery from stress"
0.6095498402913412,0.6389005184173584,0.6427358786265055,0.7106704115867615,0.37851178646087646,0.36457202962325513,0.4148141962925107,0.9632021327378151,1.0,0.7106704115867615,0.7053054571151733,0.7334108352661133,0.11328745367919534,0.036036036036036036,0.057173107464266806,0.8250716924667358,0.8129586577415466,0.8189704418182373,141,0.07975113122171945,0.36,0.2064336436715993,-0.10255469381809235,8,1,1,0,0,0,What are the treatments for Kidney Disease ?,Kidney/Renal,"The treatments for kidney disease depend on the underlying cause of the disease, its stage, and the patient's overall health. Some common approaches include:

1. **Medications**: Depending on the specific cause of the kidney disease, medication may be prescribed to treat the underlying condition that is causing the disease, such as hypertension, high cholesterol, or diabetes.

2. **Nutrition**: A balanced diet rich in fruits, vegetables, lean proteins, whole grains, and low-fat dairy products can help manage proteinuria and other symptoms associated with kidney disease.

3. **Therapy**: In some cases, therapy including hemodialysis, peritoneal dialysis, or continuous renal replacement therapy (CRRT) may be necessary to replace the filtration function of the damaged kidneys.

4. **Dietary Modifications**: Patients often need to avoid certain foods that exacerbate their condition, such as those high in sodium, phosphorus, and oxalates.

5. **Exercise**: Regular physical activity can"
0.6510626276334127,0.73816978931427,0.7852293054262797,0.8054202795028687,0.2959359486897787,0.39827140603980565,0.6563790393467656,0.9862749515572956,1.0,0.8054202795028687,0.7088080048561096,0.7854319214820862,0.27312775330396477,0.08888888888888888,0.1938325991189427,0.8427679538726807,0.7864565849304199,0.8136391639709473,63,0.37058823529411766,0.075,0.5176388621330261,0.3277403712272644,2,1,1,0,0,0,What is (are) Lung Cancer ?,Respiratory,"Lung cancer is a type of cancer that begins in the lungs. It affects the tissue lining the airways, which allows oxygen into the bloodstream and removes carbon dioxide from it. This cancerous growth can spread to nearby tissues or form a metastasis. There are different types of lung cancer, including non-small cell lung cancer (NSCLC), small cell lung cancer (SCLC), and others."
0.29969080289204914,0.307030588388443,0.17939074834187826,0.2090495377779007,0.3240916132926941,0.1551769136234947,0.46553074087048407,0.8991017473998191,0.0,0.2090495377779007,0.40869244933128357,0.8000510931015015,0.1562853907134768,0.018161180476730987,0.09739524348810873,0.8085374236106873,0.7643426656723022,0.7858192324638367,155,0.25,0.2553191489361702,0.26795346150174737,0.03441804274916649,8,0,1,0,0,1,What is (are) Medicare and Continuing Care ?,Unrelated,"Medicare and Continuing Care refer to two different concepts within the context of healthcare systems.

1. **Medicare**: Medicare is a government health insurance program for individuals aged 65 or older, certain younger people with disabilities, and some young adults with serious medical conditions that impair their ability to work. It covers a wide range of healthcare services, including hospital stays, physician visits, prescription drugs, and more.

2. **Continuing Care**: Continuing Care refers to a model of care where individuals receive comprehensive primary care and ongoing follow-up from a team of specialists, including endocrinologists, nephrologists, geriatricians, and other healthcare professionals. This approach aims to provide holistic care, ensuring that patients have access to appropriate treatments and support as they navigate the challenges of chronic diseases like prediabetes, type 2 diabetes, and chronic kidney disease over time.

In summary, Medicare provides coverage for various healthcare services, while continuing care offers an integrated, multi-specialty approach that supports individuals"
0.6752680540084839,0.7066491842269897,0.6601472894350687,0.7762056589126587,0.31431667009989417,0.5962692392615873,1.1239307517882413,0.8958545086455462,1.0,0.7762056589126587,0.6879597306251526,0.7612486481666565,0.32786885245901637,0.09090909090909091,0.21311475409836064,0.8292011618614197,0.8682440519332886,0.8482735753059387,162,2.0,0.26666666666666666,0.39476877972483637,-0.10841662436723709,4,1,1,0,0,0,What is (are) Heart Failure ?,Cardiovascular,"Heart Failure refers to a range of conditions where the heart is unable to pump blood effectively due to various factors such as weakening or damage to the heart muscle, narrowing of the coronary arteries, high blood pressure, inflammation of the heart muscle, or structural defects. The term ""heart failure"" encompasses different subtypes based on the severity of the condition:

1. Chronic Heart Failure: This type of heart failure typically progresses gradually and is characterized by persistent symptoms that limit normal daily activities.

2. Acute Heart Failure: This form of heart failure arises suddenly and is often life-threatening, requiring immediate intervention.

3. Left Ventricular Hypertrophy (LVH): It is an advanced stage of heart failure affecting only one chamber of the heart (the left ventricle). It is often seen in patients who have suffered a previous heart attack or undergone surgery involving the heart muscle.

4. Right Ventricular Dysfunction: This subtype involves damage to the right ventricle, which helps in oxygenating the blood."
0.584492007891337,0.6003790497779846,0.6089568932851156,0.7824040055274963,0.3978073398272196,0.4382761030236538,1.0798794896244444,0.8712502247435221,0.6666666666666666,0.7824040055274963,0.6191909313201904,0.7103769779205322,0.16049382716049385,0.038869257950530034,0.09700176366843033,0.8353797197341919,0.7898659706115723,0.8119855523109436,152,0.1557377049180328,0.3,0.22083417046815157,-0.09384140372276306,11,1,1,0,0,0,What causes Causes of Diabetes ?,Endocrine/Metabolic,"Diabetes can be caused by several factors:

1. **Genetics**: Certain genetic variations can increase the risk of developing type 1 and type 2 diabetes.

2. **Weight**: Being overweight or obese puts extra stress on the body, potentially leading to increased insulin sensitivity and a higher likelihood of developing type 2 diabetes.

3. **Age**: As people age, their risk of developing diabetes generally increases due to hormonal changes and the natural decline of certain bodily functions.

4. **Physical activity**: Regular physical activity can help reduce the risk of developing diabetes, particularly if it includes aerobic exercise and weight-bearing exercises like walking.

5. **Lifestyle Choices**: Smoking, poor diet, excessive alcohol consumption, and not getting enough sleep can all contribute to an increased risk of developing diabetes.

6. **Other Health Conditions**: Some health conditions such as polycystic ovary syndrome (PCOS), thyroid disorders, and certain medications can also increase the risk of developing diabetes.

7. **Environmental"
0.3814455568790436,0.4347010552883148,0.35947444041570026,0.41193658113479614,0.28087103366851807,0.2839403081756731,0.6031156450516875,1.0,0.0,0.41193658113479614,0.5385469198226929,0.4401777386665344,0.18421052631578946,0.0439882697947214,0.11403508771929824,0.8282691836357117,0.796480119228363,0.8120636343955994,130,0.23722627737226276,0.21739130434782608,0.24518605694174767,0.13877542316913605,4,0,1,0,0,1,What is (are) Dry Eye ?,Unrelated,"Dry Eyes are the primary symptom of Sjögren's Syndrome, characterized by burning, itching, or gritty sensations in the eyes that can be exacerbated by physical activities, exposure to wind, cold, or dry air. These symptoms can significantly impact daily life and quality of life due to the discomfort and reduced visual acuity caused by the lack of tear film.

Sjögren's Syndrome also affects other bodily systems including the salivary glands, joints, and skin, leading to additional symptoms such as joint pain, swelling, and stiffness; swollen salivary glands, especially those behind the ear and in front of the ears; skin rashes or dry skin; vaginal dryness; prolonged fatigue; and persistent dry cough. Additionally, some people with Sjögren's Syndrome experience dry mouth (xerostomia), which can interfere with normal speech, swallowing, and eating."
0.49664055307706195,0.5371232032775879,0.6003222862879435,0.7415070533752441,0.40025440851847327,0.5434729815739038,1.0812921154842976,0.9056884776747852,1.0,0.7415070533752441,0.5888938307762146,0.730065107345581,0.04912696063924238,0.01658276576843352,0.031370227878070436,0.804516613483429,0.8006454110145569,0.8025763630867004,107,0.03366897419760856,0.34,0.2252570785243403,-0.04639346897602081,10,1,1,0,0,0,What are the treatments for Asthma ?,Respiratory,"The treatments for Asthma include:

1. **Medication**: Medications such as inhaled corticosteroids, long-acting beta agonists, and other bronchodilators help open up the airways. These medications come in the form of inhalers or nebulizers.

2. **Inhalation Devices**:
   - **Long Acting Beta Agonists (LABAs)**: Used mostly during nighttime, these help prevent inflammation and narrowing of the airway.
   - **Short-Acting Beta Agonists (SABAs)**: Useful for quick relief from mild symptoms, they increase airflow by relaxing the muscles around the airways.
   - **Short-acting Inhaled Anticholinergics** (SIAAs): These reduce excess mucus production and swelling in the lungs.

3. **Pseudoephedrine**:
   - Helps relieve nasal congestion and runny nose.

4. **Mucolytics**:
   - Stimulate the"
0.7151348988215128,0.7453345060348511,0.6897629300753275,0.76186203956604,0.30008208751678467,0.17368710436209236,0.41085189499221364,0.9958156509785759,1.0,0.76186203956604,0.748055636882782,0.8061206340789795,0.3659043659043659,0.10855949895615866,0.1704781704781705,0.8357597589492798,0.791904091835022,0.8132411241531372,135,0.3770949720670391,0.6326530612244898,0.704127848148346,0.6523536443710327,0,1,1,0,0,0,What causes Cardiomyopathy ?,Cardiovascular,"Acquired cardiomyopathy occurs when there is damage or dysfunction in the heart muscle itself. This damage could be caused by a number of factors, including:

  * High blood pressure, such as hypertension
  * Damage to the heart from a heart attack
  * Rapid heart rate
  * Problems with heart valves
  * Infections like COVID-19 or certain viral illnesses
  * Certain medications like chemotherapy or radiation treatments
  * Metabolic issues like diabetes or thyroid disease
  * Genetic mutations
  * Conditions related to pregnancy, such as preeclampsia
  * Iron overload through hemochromatosis
  * The development of small, irregularly shaped proteins called amyloids in the heart
  * Disorders involving the connective tissues, such as sarcoidosis
  * Use of alcohol or illegal drugs, like cocaine and amphetamines
  * Certain types of cancer treatment, such as chemotherapy

Inherited cardiomyopathy, on"
0.7460777958234152,0.7588584423065186,0.7332356770833334,0.7468634843826294,0.22709413369496667,0.43356884151058206,0.6293869351114875,0.9960582368921255,1.0,0.7468634843826294,0.6941543817520142,0.7799047231674194,0.29245283018867924,0.057142857142857134,0.16981132075471697,0.8572216629981995,0.8529796600341797,0.8550954461097717,84,0.6885245901639344,0.17142857142857143,0.6913386583328247,0.6124374866485596,0,1,1,0,0,0,What causes Alzheimer's Disease ?,Neurological,"Alzheimer's disease is caused by the accumulation of two main proteins in the brain - amyloid plaques and neurofibrillary tangles. These plaques and tangles disrupt normal brain function and lead to the death of brain cells, ultimately causing the brain to shrink and lead to cognitive impairment and memory loss. The exact mechanisms by which these proteins accumulate and contribute to Alzheimer's disease are still under investigation, but they likely involve genetic and environmental factors, as well as alterations in metabolism and oxidative stress."
0.5135843952496847,0.528557538986206,0.41380298137664795,0.5019508600234985,0.30794807275136316,0.8114381814154005,1.3903942213064946,0.9132107173789151,0.3333333333333333,0.5019508600234985,0.8266339302062988,0.739943265914917,0.3626373626373626,0.07182320441988951,0.1593406593406593,0.8459277153015137,0.8428436517715454,0.8443828821182251,132,0.5789473684210527,0.4523809523809524,0.16932784502084056,0.0009561609476804733,11,1,1,0,0,0,What are the treatments for Gout ?,Musculoskeletal,"The treatment options for Gout depend on the severity and frequency of the attacks. Here are some general guidelines:

1. **Medication**: Antiallergic medications (such as aspirin or ibuprofen) are effective for reducing inflammation. Nonsteroidal anti-inflammatory drugs (NSAIDs), such as naproxen or ibuprofen, may also be prescribed. However, NSAIDs have been associated with increased risk of heart attack or stroke, especially in people over 65 years old. Corticosteroids can reduce acute flares, but they carry significant side effects and are not recommended for long-term use.

2. **Allopurinol**: This medication helps lower uric acid levels in the blood. It works by blocking the enzyme found in the liver that converts purine to uric acid. Allopurinol may be used alone or in combination with other medications like diuretics and NSAIDs.

3. **Proton pump inhibitors (PPI"
0.5337040225664774,0.5731419920921326,0.3402295708656311,0.3595576584339142,0.4338476757208506,0.7833398519428961,1.432699865953161,1.0,0.0,0.3595576584339142,0.7822158932685852,0.7541899085044861,0.2696629213483146,0.0903954802259887,0.1853932584269663,0.8586446046829224,0.8313153386116028,0.844758927822113,86,0.32452830188679244,0.3541666666666667,0.24355303744475046,0.17008361220359802,6,1,1,0,0,0,What are the treatments for Lung Cancer ?,Respiratory,"The treatment options for lung cancer vary depending on several factors including the type of tumor, stage (or extent) of disease, and patient preferences. Treatment usually begins with surgery, radiation therapy, chemotherapy, targeted therapy, immunotherapy, or a combination of these approaches. Surgery involves removing as much of the cancerous tissue as possible. Radiation therapy uses high-energy beams to destroy cancer cells. Chemotherapy drugs kill rapidly dividing cancer cells, while targeted therapy drugs attack cancer cells selectively. Immunotherapy boosts the body’s immune system to fight cancer cells."
0.7460777958234152,0.7588584423065186,0.7192188501358032,0.7317566871643066,0.22709413369496667,0.43356884151058206,0.6293869351114875,0.9920434438843054,1.0,0.7317566871643066,0.7002565860748291,0.7817724943161011,0.1963394342762063,0.08013355592654423,0.12645590682196342,0.844457745552063,0.8090900182723999,0.8263956308364868,83,0.16733870967741934,0.3673469387755102,0.6740358074506124,0.5958320498466492,0,1,1,0,0,0,What causes Alzheimer's Disease ?,Neurological,"Alzheimer's disease is primarily caused by the accumulation of amyloid-beta and tau proteins within the brain, leading to the formation of amyloid plaques and neurofibrillary tangles. The precise mechanisms behind the development of these plaques and tangles are complex and involve a variety of genetic, environmental, and lifestyle factors, including the presence of particular genetic mutations that increase the risk of developing Alzheimer's disease. Additionally, stress, obesity, diabetes, high cholesterol, smoking, and physical inactivity have also been linked to increased risk of Alzheimer's."
0.6368075211842855,0.6485299468040466,0.582351803779602,0.7206532955169678,0.3466681639353434,0.30567047165294786,0.6369001761758233,0.9286449070684325,1.0,0.7206532955169678,0.8466866612434387,0.7437382936477661,0.27312775330396477,0.10176991150442477,0.18061674008810572,0.8938143253326416,0.7455775737762451,0.8129940629005432,77,0.2064343163538874,0.42857142857142855,0.644743287563324,0.54161536693573,0,1,1,0,0,0,What is (are) Bronchitis ?,Respiratory,"Bronchitis is an inflammation of the lining of your bronchial tubes, which are responsible for carrying air to and from your lungs. This inflammation can cause coughing, mucus production, chest discomfort, and shortness of breath. There are two main types of bronchitis: acute and chronic. Acute bronchitis is caused by viral or bacterial infections and typically resolves within a few weeks. Chronic bronchitis is characterized by persistent inflammation and can be related to smoking or other irritants."
0.6122635205586752,0.6971146464347839,0.3983820676803589,0.43123525381088257,0.39278465509414673,0.6139716444299519,1.8419149332898557,0.9773380004779489,0.0,0.43123525381088257,0.5259785652160645,0.7227985858917236,0.28048780487804875,0.012269938650306747,0.15853658536585366,0.8159317970275879,0.819403350353241,0.817663848400116,156,0.9017341040462428,0.12903225806451613,0.4177240872134765,0.004295559599995613,5,1,1,0,0,0,What is (are) Kidney Disease ?,Kidney/Renal,"Kidney disease refers to a group of conditions characterized by progressive damage to the kidneys that eventually lead to decreased kidney function. It is classified into two main categories:

1. **Chronic kidney disease**: This is a slow, ongoing process where the kidneys gradually lose their ability to filter waste products and regulate fluid balance in the body. It can progress over time, leading to complications such as high blood pressure, edema, and reduced quality of life.
2. **Glomerulonephritis**: This type of kidney disease occurs when the filtration system of the kidneys becomes damaged, leading to inflammation and the production of small blood vessels called glomeruli within the kidneys. The most common types of glomerulonephritis are IgA nephropathy, lupus nephritis, and SLE nephritis, among others.

Both forms of kidney disease require prompt diagnosis and management to prevent further harm to the kidneys and maintain overall health. Early detection through regular check-ups with a healthcare professional is crucial"
0.5078053375085195,0.5880978107452393,0.4954844613869985,0.5346171855926514,0.41044519344965613,0.4194772079584317,0.918879330994615,0.9742999806243341,0.6666666666666666,0.5346171855926514,0.734348475933075,0.7933330535888672,0.12290502793296092,0.022598870056497175,0.0893854748603352,0.8108755350112915,0.8636561632156372,0.8364340662956238,159,8.368421052631579,0.6666666666666666,0.2392154810562109,-0.03317026048898697,9,1,1,0,0,0,What to do for Short Bowel Syndrome ?,Gastrointestinal,"Short bowel syndrome is a type of irritable bowel syndrome characterized by the failure of the intestine to function normally. The condition can result from various causes such as surgery, trauma, or diseases like Crohn's disease or inflammatory bowel disease. Here are some general steps and strategies that may help manage short bowel syndrome:

1. **Nutritional Support**: Ensure adequate protein, electrolytes, and vitamins through a balanced diet rich in fruits, vegetables, lean proteins, and whole grains. Nutritional deficiencies can exacerbate symptoms and impact overall health negatively.

2. **Hydration**: Drinking sufficient amounts of fluid helps maintain normal body functions and reduces the risk of dehydration which is a common symptom of short bowel syndrome.

3. **Rest**: Resting adequately is crucial for recovery and healing. It allows the body to focus on repair rather than fighting off infections.

4. **Supportive Care**: This includes monitoring vital signs regularly, ensuring proper hydration, and addressing any complications that arise due to infection or malnutrition."
0.6248958706855774,0.7440373301506042,0.690057655175527,0.8672018051147461,0.2969232201576233,0.37198517218839466,0.44640311287084855,0.9909876850830325,1.0,0.8672018051147461,0.8375684022903442,0.7723592519760132,0.3116883116883117,0.08877284595300261,0.14545454545454545,0.8370304107666016,0.7590523958206177,0.7961365580558777,131,0.5137254901960784,0.5714285714285714,0.4757347840529222,0.19001761078834534,7,1,1,0,0,0,What are the symptoms of Sleep Apnea ?,Respiratory,"Sleep apnea is a condition characterized by repeated pauses or interruptions in breathing during sleep. Some of the common symptoms of obstructive sleep apnea (OSA) include:

1. Loud snoring
2. Snorting sounds during sleep
3. Gasping for air during sleep
4. Awakenings due to a dry mouth
5. Morning headaches
6. Difficulty staying asleep or experiencing insomnia
7. Excessive daytime sleepiness (hypersomnia)
8. Difficulty concentrating or thinking clearly
9. Irritability or restlessness
10. Fatigue during the day

Central sleep apnea (CSA), on the other hand, occurs when the brain does not properly communicate with the muscles responsible for controlling breathing. Symptoms may include:
- Continuous loud snoring 
- Nocturnal hypoglycemia (low blood sugar levels)
- Impaired cognitive function
- Irregular heartbeat
- Fatigue and irritability
- Nighttime choking sensations

In both"
0.6301547686258951,0.674124002456665,0.6478768587112427,0.7503800392150879,0.2862681349118551,0.7607522321409846,1.3184560489695696,1.0,1.0,0.7503800392150879,0.7268691658973694,0.703449010848999,0.270509977827051,0.0979955456570156,0.164079822616408,0.8376126289367676,0.8265112638473511,0.8320249319076538,147,0.4651898734177215,0.3488372093023256,0.3324341061883248,-0.053758859634399414,9,1,1,0,0,0,What is (are) Colorectal Cancer ?,Gastrointestinal,"Colorectal cancer refers to two different types of cancer that originate in the digestive tract, specifically the colon and rectum. Both types involve growths in the lining of these organs. One form, adenocarcinoma, typically originates from the inner lining of the colon. The other, mucinous carcinoma, usually occurs in the lining of the rectum.

The main symptom associated with colorectal cancer varies depending on its stage:

1. **Symptoms**: 
   - Changes in bowel habits like more frequent diarrhea or constipation.
   - Rectal bleeding or blood in the stool.
   - Persistent abdominal discomfort, including cramping, gas, or pain.
   - Feeling that the bowel does not empty completely during a bowel movement.
   - Weakness or fatigue.
   - Weight loss without trying.

2. **Risk Factors**:
   - Age: Most individuals over the age of 50 are at higher risk due to the increased number of people diagnosed with colon cancer each year"
0.6595227718353271,0.663037896156311,0.705602208773295,0.7637239098548889,0.2364169955253601,-0.042744236239905635,-0.04118256273743559,0.9971260526649849,1.0,0.7637239098548889,0.5734513998031616,0.5530378222465515,0.1603563474387528,0.0447427293064877,0.0979955456570156,0.8214436173439026,0.7429398894309998,0.7802220582962036,70,0.18324607329842932,0.14893617021276595,0.42751670132080716,0.17017115652561188,4,1,1,0,0,0,Who is at risk for Diabetes? ?,Endocrine/Metabolic,"Excess weight. Being overweight or obese is a main risk. Waist size. Storing fat mainly in the belly rather than in the hips and thighs raises the risk. The risk of type 2 diabetes is higher in people assigned male at birth whose waists measure more than 40 inches (101.6 centimeters). For people assigned female at birth, a waist measure of more than 35 inches (88.9 centimeters) raises the risk."
0.584492007891337,0.6003790497779846,0.500614732503891,0.5650302171707153,0.3978073398272196,0.4382761030236538,1.0798794896244444,0.936279770706128,0.3333333333333333,0.5650302171707153,0.5595955848693848,0.7104286551475525,0.19756097560975608,0.04889975550122249,0.10243902439024391,0.8418853282928467,0.7576242685317993,0.7975354194641113,143,0.212481426448737,0.38,0.29644433523599917,-0.09384140372276306,6,1,1,0,0,0,What causes Causes of Diabetes ?,Endocrine/Metabolic,"The primary cause of prediabetes is a disturbance in the normal balance of glucose levels within the body. This occurs due to a number of reasons, including:

1. Genetic Factors: Prediabetes is often linked to genetic predisposition. If someone in your family has had prediabetes or diabetes, there is a higher chance that you might develop similar conditions.

2. Lifestyle Factors: A sedentary lifestyle, excessive intake of sugar and refined carbohydrates, and obesity all contribute to the development of prediabetes. Additionally, poor nutrition, lack of physical activity, and smoking habits increase the risk of developing prediabetes.

3. Medical Conditions: Certain health issues such as polycystic ovary syndrome (PCOS), thyroid disorders, and some cancers like colorectal cancer also contribute to prediabetes.

4. Hormonal Imbalances: Certain hormonal imbalances, such as high testosterone levels, can interfere with insulin production and metabolism, contributing to prediabetes.

5. Metabolic"
0.5602794488271078,0.578296422958374,0.4952716330687205,0.5332858562469482,0.33523962895075476,0.6447092456182627,1.4231911729469489,0.9703330796847901,0.3333333333333333,0.5332858562469482,0.8319894075393677,0.7360856533050537,0.3636363636363636,0.0972972972972973,0.2245989304812834,0.8330481052398682,0.8829450011253357,0.857271134853363,118,1.6619718309859155,0.47368421052631576,0.2118180404332551,-0.07160809636116028,10,1,1,0,0,0,What are the treatments for COPD ?,Respiratory,"The treatment for COPD aims to manage symptoms and reduce the progression of the disease. Here are the main approaches:

1. **Medication**:
   - **Bronchodilators** (inhalers): These drugs relax the muscles around the airways, making them more open, thus improving airflow.
   - **Anticholinergics** (oral tablets): Used to relieve chest congestion and reduce coughing.
   - **Short-acting beta agonists** (inhalers): Used to quickly open the airways and relieve symptoms during asthma attacks.
   - **Long-acting beta agonists** (pills or inhalers): Used to permanently open the airways.

2. **Inhaled corticosteroids** (inhalers): Help to reduce inflammation in the airways and keep them open.
3. **Oxygen therapy** (pressurized gas): Administered through a mask worn by the patient to increase oxygen levels in the blood.
4."
0.6301547686258951,0.674124002456665,0.6052083571751913,0.6614149808883667,0.2862681349118551,0.7607522321409846,1.3184560489695696,1.0,1.0,0.6614149808883667,0.6976203918457031,0.7640538811683655,0.34523809523809523,0.06024096385542169,0.1904761904761905,0.8436108827590942,0.887427568435669,0.8649647235870361,110,1.9298245614035088,0.5454545454545454,0.4708560307820638,0.1714460849761963,3,1,1,0,0,0,What is (are) Colorectal Cancer ?,Gastrointestinal,"Colorectal cancer refers to a type of cancer that originates from the cells lining the innermost part of the digestive tract, which includes the large intestine (colon) and the rectum. It primarily affects the colon and rectum, although some cases occur in the entire small intestine. This type of cancer can spread to nearby lymph nodes and organs like the liver, lungs, bones, brain, or prostate. Colorectal cancer is one of the leading causes of cancer death globally. Early detection and treatment are crucial for improving outcomes. Treatment options include surgery, chemotherapy, radiation therapy, immunotherapy, and targeted therapies based on the stage of the cancer and patient’s overall health status."
0.5936364730199178,0.6101504564285278,0.5695865750312805,0.6345641613006592,0.27436830600102746,1.4291197730357244,2.1498620908909762,0.9760828869111775,1.0,0.6345641613006592,0.6923391222953796,0.6960676908493042,0.3851851851851852,0.12030075187969924,0.1925925925925926,0.8776111602783203,0.8848967552185059,0.8812389373779297,66,0.9850746268656716,0.3333333333333333,0.5421006480852762,0.4901491403579712,1,1,1,0,0,0,Who is at risk for Urinary Tract Infections in Children? ?,Kidney/Renal,"Children under 2 years old are most at risk for urinary tract infections (UTIs) because they're not strong enough yet to fight off these infections. They might get UTIs if they have a blockage in the urinary tract, such as a kidney stone or an enlarged prostate. Additionally, newborns are prone to UTIs due to vesicoureteral reflux, which causes urine to back up into the ureters."
0.6593496600786845,0.7008882164955139,0.5311718384424845,0.5650302171707153,0.23227355877558387,0.23956314072634008,0.5774653592352171,0.9742844835631674,1.0,0.5650302171707153,0.6584901213645935,0.7510102987289429,0.21317365269461078,0.06482593037214886,0.11257485029940117,0.845346212387085,0.7532762289047241,0.7966598868370056,157,0.23328380386329867,0.2978723404255319,0.31982663846932924,-0.1258428990840912,6,1,1,0,0,0,What causes Causes of Diabetes ?,Endocrine/Metabolic,"The exact cause of diabetes is multifactorial and complex, but several underlying factors contribute to its development:

1. Genetics: Studies have shown that certain genetic variations increase the risk of developing type 2 diabetes. Genetic factors alone do not necessarily cause diabetes, but they can increase the likelihood of developing it.

2. Environmental Factors: Certain environmental conditions, such as obesity, lack of physical activity, high blood pressure, and unhealthy eating habits, can contribute to the development of diabetes. These factors interact with genetic predispositions to raise the risk of developing type 2 diabetes.

3. Age: As people age, their bodies produce fewer insulin-producing cells, leading to impaired glucose metabolism and an increased risk of diabetes.

4. Lifestyle: Lifestyle choices, including diet, exercise, smoking, and stress, can affect diabetes risk. Unhealthy lifestyle habits like these can lead to weight gain, poor nutrition, and metabolic disorders that increase the risk of diabetes.

5. Viruses and Infections: Some viruses and"
0.6822431882222494,0.7504417300224304,0.5958934823671976,0.7301244735717773,0.3248447378476461,0.20357511209682408,0.23739675896064702,0.9114064692031209,1.0,0.7301244735717773,0.6656181812286377,0.8094930052757263,0.22619047619047622,0.024096385542168672,0.11904761904761904,0.8506234884262085,0.8649442195892334,0.8577240705490112,89,1.155844155844156,0.17647058823529413,0.39230977892875674,0.3003718852996826,4,1,1,0,0,0,How to diagnose COPD ?,Respiratory,"To diagnose COPD, a healthcare provider will perform a physical examination. During this exam, they will look for signs of lung damage, such as redness or swelling around the lungs. They might also listen to your chest for signs of wheezing or abnormal breathing sounds. Additionally, they may use a device called a spirometer to measure how well you're able to blow air out of your lungs. If necessary, they might order tests like chest X-rays, CT scans, or blood tests to rule out other causes of your symptoms."
0.6778149207433065,0.6887019276618958,0.7819679578145345,0.8922255039215088,0.3371934096018473,0.38827572992542597,0.4361003525782685,0.9126055444743821,1.0,0.8922255039215088,0.7999948859214783,0.7056872844696045,0.3843843843843844,0.1027190332326284,0.1861861861861862,0.8484838604927063,0.8435166478157043,0.8459929823875427,157,0.9075144508670521,0.3333333333333333,0.3989584520459175,-0.09472299367189407,4,1,1,0,0,0,What is (are) Celiac Disease ?,Gastrointestinal,"Celiac disease is an autoimmune disorder characterized by the body's immune system attacking its own intestinal tissue. This damage leads to malabsorption of nutrients from food, which can lead to serious health complications. There are several types of celiac disease:

1. **Type I:** This form of celiac disease affects the lining of the small intestine, causing it to become inflamed and unable to properly digest and absorb nutrients from food. It accounts for most cases of celiac disease.

2. **Type II:** Although less common, Type II celiac disease is similar to Type I but occurs when the body's response to gluten triggers inflammation in the small intestine rather than destroying the gut lining.

3. **Hereditary Type:** In some cases, celiac disease can be inherited genetically, making it more common among close relatives.

4. **Dermatitis Herpetiformis:** This subtype of celiac disease is characterized by an allergic reaction to gluten in the small intestine leading to blisters or so"
0.40131773551305133,0.4406975507736206,0.310399462779363,0.4359155297279358,0.599794973929723,0.6834530055788047,1.1568656862184643,1.0,0.0,0.4359155297279358,0.5039668083190918,0.7455093860626221,0.33333333333333337,0.012903225806451613,0.14102564102564102,0.8382129073143005,0.8451851606369019,0.8416846394538879,158,0.9875,0.30434782608695654,0.3577360776918275,0.04230693727731705,7,0,1,0,0,1,Who is at risk for Cataract? ?,Unrelated,"Based on the provided information:

Cataracts are a common degenerative eye condition affecting 20% of adults over age 40 globally. There is no known genetic predisposition for cataracts; however, some risk factors exist:

- Age: Cataracts typically develop after age 50 due to the gradual loss of the clear lens inside the eye.
- Eye injury: Traumatic injuries to the eye, such as those from falling onto the eye or being hit in the eye area, may cause permanent damage leading to cataracts.
- Diabetes: People with diabetes have a higher chance of developing cataracts, possibly due to the increased production of free radicals that can cause oxidative stress and damage to the lens.
- Previous surgeries involving the eye: Certain eye surgeries like cataract extraction or LASIK can leave behind a cloudy lens.
- Other health conditions: Some diseases like thyroid disorders and certain cancers can lead to changes in the lens.
- Environmental exposure: Exposure to"
0.63750026623408,0.6693146228790283,0.5778657495975494,0.7015063166618347,0.33639470736185706,0.5157351637588558,0.717165509311997,0.9608084900281931,0.6666666666666666,0.7015063166618347,0.788533627986908,0.8007616996765137,0.22531293463143257,0.04184100418410042,0.10848400556328235,0.8558246493339539,0.7655670642852783,0.8081836700439453,154,0.28153564899451555,0.391304347826087,0.3441188111901283,-0.11550139635801315,9,1,1,0,0,0,How to diagnose Cystic Fibrosis ?,Respiratory,"To diagnose Cystic Fibrosis (CF), doctors use a combination of tests:

1. **Initial Diagnosis**: Cystic fibrosis is typically diagnosed through newborn screening, where certain genetic markers are screened for in infants. This helps detect the condition early in life. However, some cases of CF may only present with symptoms later in life.

2. **Further Tests**: After initial diagnosis, further tests confirm the diagnosis by measuring specific proteins and hormones related to cystic fibrosis. This includes analyzing blood samples, saliva, or urine. Genetic testing can also determine the specific mutation causing the disease.

3. **Follow-Up**: Regular follow-ups are crucial for monitoring the progression of the disease, assessing treatment effectiveness, and adjusting therapy as needed. These visits may involve imaging studies like CT scans, MRI, or X-rays to evaluate lung function and the extent of organ damage.

4. **Specialized Care**: Patients with CF require specialized care including close monitoring of lung function, pancreatic enzyme levels, and"
0.641953706741333,0.7174045443534851,0.4730134805043538,0.5219703912734985,0.3111512859662374,0.8283675199067023,2.1143230173645287,0.9805460660172131,0.6666666666666666,0.5219703912734985,0.5285260677337646,0.7496628761291504,0.22568093385214005,0.0392156862745098,0.12451361867704282,0.8099913597106934,0.8122434020042419,0.8111157417297363,156,1.471698113207547,0.24242424242424243,0.27859632458005634,-0.10538839548826218,11,1,1,0,0,0,Who is at risk for Osteoporosis? ?,Endocrine/Metabolic,"People who are at risk for osteoporosis are:

1. Women (and men) who are white or of Asian descent. Studies show that these groups have a higher risk of developing osteoporosis compared to non-Hispanic whites. This is due to factors like aging, genetics, family history, and lifestyle choices.

2. Individuals who have low calcium intake, which can lead to decreased bone density and an increased risk of fractures. Calcium deficiency is known to accelerate bone loss and can make it harder for the body to build new bone.

3. Those with certain medical conditions, such as celiac disease, inflammatory bowel disease, kidney or liver disease, multiple myeloma, rheumatoid arthritis, or obesity. These conditions may affect how well the body uses calcium or can lead to weakened bones.

4. People who smoke heavily, drink excessive amounts of alcohol, or use corticosteroids, which can interfere with bone healing processes.

5. Patients on medications that suppress the immune system"
0.4848060607910156,0.5003424286842346,0.4081707000732422,0.4260357618331909,0.46532579263051355,0.276943406162282,0.31473441276908115,1.0,0.0,0.4260357618331909,0.6312275528907776,0.7582452893257141,0.2429906542056075,0.02830188679245283,0.11214953271028036,0.8075422644615173,0.8200480937957764,0.8137471079826355,142,1.7974683544303798,0.2857142857142857,0.32050775066018106,-0.0424838624894619,5,1,1,0,0,0,What are the complications of Wilson Disease ?,Endocrine/Metabolic,"The question pertains to complications associated with Wilson Disease. Let's gather the relevant details from our provided context:

1. **Peripheral Artery Disease (PAD)**:
   - Caused by atherosclerosis leading to peripheral artery disease (PAD)
   - Common complications include critical limb ischemia, which is the death of tissue due to an injury or infection affecting blood vessels supplying the extremities; symptoms include open sores on the limbs that don't heal. Treatment options include amputation of the affected limb.

2. **Raynaud's Disease**:
   - Secondary Raynaud's is severe if it leads to reduced blood flow to fingers or toes, causing tissue damage. However, this is not common.
   - Complete blockage of blood vessels in the affected area can result in skin sores or dead tissue, which is more challenging to treat.

3. **Psoriatic Arthritis**:
   - Psoriatic arthritis can lead to a severe condition called arthritis mutilans,"
0.5557897686958313,0.5746034383773804,0.44616525371869403,0.6830129623413086,0.5287341574827831,0.7530719524026644,1.191618610070517,0.9943007731047863,0.3333333333333333,0.6830129623413086,0.41687917709350586,0.732262909412384,0.2598187311178248,0.07902735562310029,0.1812688821752266,0.8363981246948242,0.7982162237167358,0.8168612718582153,101,0.4353448275862069,0.24489795918367346,0.17428469695150853,-0.1341407299041748,15,1,1,0,0,0,Who is at risk for Gout? ?,Musculoskeletal,"The risk factors for developing gout include:

1. High levels of uric acid in the body.
2. A diet rich in red meat and shellfish.
3. Drinking beverages sweetened with fruit sugar (fructose).
4. Alcohol consumption, especially of beer.
5. Being overweight.
6. Certain diseases and conditions increasing uric acid levels.
7. Certain medications that can increase uric acid levels, such as low-dose aspirin and ACE inhibitors.
8. Age and sex, with men being more susceptible than women.
9. Recent surgery or trauma, as well as certain vaccinations, which can trigger a gout attack.
10. Having a family history of gout."
0.46644313136736554,0.5453597903251648,0.48509759704271954,0.5511319637298584,0.5148104826609294,0.44701309139210227,0.5055827179837815,0.9996700238857885,0.3333333333333333,0.5511319637298584,0.881230354309082,0.8117534518241882,0.3523316062176166,0.06282722513089005,0.1450777202072539,0.8378129005432129,0.8586465716362,0.8481017351150513,139,1.904109589041096,0.43478260869565216,0.2475146111100912,-0.04589144140481949,4,0,1,0,0,1,What are the symptoms of Endometrial Cancer ?,Unrelated,"Endometrial cancer is a type of cancer that develops from the lining of the uterus. It usually does not cause any symptoms until it has spread beyond the uterine wall. However, some women may experience symptoms such as:

  * Heavy menstrual bleeding or spotting between periods
  * Pelvic pain or discomfort
  * Abnormal vaginal bleeding
  * Lower abdominal pain
  * Fatigue or weakness
  * Unexplained weight loss
  * Bleeding or bleeding from the rectum or vagina
  * Sudden, unexplained weight gain
  * Breast pain or swelling
  * Fatigue or weakness
  * Weight loss or increase in appetite
  * Abdominal bloating or fullness
  * Coughing or wheezing
  * Fatigue or weakness
  * Frequent urination or leakage of urine

These symptoms can be difficult to diagnose because they are non-specific and can occur for many reasons. Women who experience any of"
0.6531185507774353,0.7323336601257324,0.5887097915013632,0.6655559539794922,0.36425381898880005,0.4170820850103701,0.7450881296348406,1.0,1.0,0.6655559539794922,0.8801081776618958,0.7592363357543945,0.3833333333333333,0.05042016806722689,0.15833333333333333,0.8371399641036987,0.873571515083313,0.8549677729606628,154,1.811764705882353,0.6,0.2767145744739817,-0.09602095186710358,10,1,1,0,0,0,How to diagnose Stroke ?,Neurological,"Diagnosis of a stroke typically involves several steps:

1. **Assessment**: The first step is an initial assessment to determine if there is a stroke. This includes asking about the onset of symptoms, noting any changes in motor function, speech, and cognitive abilities, and taking vital signs (temperature, heart rate, breathing rate).

2. **Physical examination**: A physical exam helps to assess whether the patient has any neurological deficits. This includes checking for signs of altered sensory perception (such as numbness), loss of muscle strength (paralysis), and difficulty with movement or coordination.

3. **Imaging studies**: Imaging tests like CT scan or MRI scans provide detailed images of the brain structure. These tests can show areas of swelling or bleeding caused by a stroke, which can help confirm the diagnosis.

4. **Neurological evaluation**: A neurologist will evaluate the patient’s responses to stimuli and ability to communicate. They will test fine motor skills, coordination, and judgment. Additionally, they"
0.716472327709198,0.7770346999168396,0.7562773823738098,0.8547365069389343,0.25764232873916626,0.720177348177561,1.8188676897823826,0.9999693077053528,1.0,0.8547365069389343,0.8336420655250549,0.7485377192497253,0.2209631728045326,0.05128205128205129,0.14164305949008502,0.8898491859436035,0.7429418563842773,0.8097866773605347,54,0.18430034129692832,0.3877551020408163,0.6825758516788483,0.6076009273529053,0,1,1,0,0,0,How to prevent Heart Attack ?,Cardiovascular,"To prevent a heart attack, it's important to adopt a healthy lifestyle by avoiding smoking, maintaining a healthy weight with a heart-healthy diet, getting regular exercise, managing stress, and controlling other health conditions. Additionally, taking prescribed medications and seeking regular health checks from healthcare professionals can also significantly lower the risk of heart attack."
0.6468334197998047,0.709541916847229,0.4219715694586436,0.555519700050354,0.37144162257512414,0.6262698480676386,1.0481595775614947,0.8766902245008578,0.3333333333333333,0.555519700050354,0.5948527455329895,0.6491857767105103,0.23986486486486489,0.05084745762711865,0.11824324324324324,0.8438401818275452,0.7489970922470093,0.7935949563980103,155,0.34598214285714285,0.3958333333333333,0.255066454410553,-0.11760169267654419,10,1,1,0,0,0,What to do for Polycystic Kidney Disease ?,Kidney/Renal,"To manage and control the symptoms of polycystic kidney disease, one should focus on several key areas:

1. **Blood Pressure Management**: Regularly taking blood pressure medications prescribed by a healthcare provider can help keep blood pressure under control. This is crucial because high blood pressure can worsen the effects of polycystic kidney disease and lead to further organ damage.

2. **Lifestyle Changes**: Adopting a healthier lifestyle is essential. A low-salt diet rich in fruits, vegetables, and whole grains helps manage blood pressure and maintain overall health. Maintaining a healthy weight is also vital since obesity is linked to increased blood pressure and kidney damage.

3. **Physical Activity**: Regular exercise, particularly moderate-intensity activities such as walking, swimming, or cycling, can improve blood flow and lower blood pressure. Aim for at least 30 minutes of moderate physical activity most days of the week.

4. **Limit Alcohol Use**: Excessive alcohol consumption increases blood pressure and can accelerate kidney"
0.6406949758529663,0.6710941195487976,0.5491644243399302,0.6703237295150757,0.30389392375946045,0.15795668063209642,0.18008441464157215,0.9314443556716195,0.6666666666666666,0.6703237295150757,0.633754312992096,0.8338977694511414,0.234375,0.01568627450980392,0.1015625,0.8198027610778809,0.8105588555335999,0.8151546120643616,152,0.4342857142857143,0.3617021276595745,0.24831875010083118,-0.059765882790088654,9,1,1,0,0,0,How to prevent Diabetes ?,Endocrine/Metabolic,"To prevent diabetes, there are several strategies that can be implemented:

1. **Maintain a Healthy Lifestyle**: Engage in regular physical exercise, eat a balanced diet rich in fruits, vegetables, whole grains, lean proteins, and healthy fats, and limit intake of sugars and unhealthy fats.

2. **Control Blood Sugar Levels**: Regularly monitor blood sugar levels through routine testing and work closely with healthcare providers to adjust medication dosages according to the individual’s needs.

3. **Lifestyle Changes**: Adopting healthy habits like getting enough sleep, managing stress, and avoiding excessive alcohol consumption can all contribute positively to overall health.

4. **Regular Medical Check-ups**: Attend annual check-ups and screenings to detect early signs of diabetes before symptoms develop.

5. **Screenings**: Take advantage of screening programs offered by healthcare facilities, especially those targeting high-risk populations, to identify individuals who could benefit from additional monitoring or intervention.

6. **Manage Chronic Conditions**: Control other chronic conditions like hypertension, hyperlip"
0.6451921661694845,0.7089095711708069,0.6714109579722086,0.856128990650177,0.2969411412874857,0.25802892593421506,0.49814767627359224,0.925335177749584,1.0,0.856128990650177,0.757951021194458,0.7901075482368469,0.26666666666666666,0.13452914798206278,0.20444444444444446,0.9184412956237793,0.8280502557754517,0.87090665102005,44,0.24043715846994534,0.2391304347826087,0.5598732978105545,0.3859260678291321,2,1,1,0,0,0,What is (are) Meningitis ?,Neurological,"Meningitis is an infection and inflammation of the fluid and membranes surrounding the brain and spinal cord. These membranes are known as meninges. There are two types of meningitis: bacterial and viral. Both types can be caused by bacteria, viruses, fungi, or other organisms."
0.6234956383705139,0.644853949546814,0.6176829139391581,0.6936315298080444,0.31513975063959754,0.712676846092578,0.7997608198779704,0.9824089358383863,1.0,0.6936315298080444,0.6795353889465332,0.6246711611747742,0.1678004535147392,0.04555808656036446,0.09977324263038548,0.8585329055786133,0.6966254711151123,0.7691510915756226,52,0.13720316622691292,0.2765957446808511,0.4035015795379877,0.1383969485759735,6,1,1,0,0,0,Who is at risk for Atrial Fibrillation? ?,Cardiovascular,"The risk of atrial fibrillation (AFib) increases as you grow older. Things that can increase the risk of atrial fibrillation (AFib) include: Age. Caffeine, nicotine or illegal drug use. Drinking too much alcohol. Changes in the level of body minerals. Heart conditions or heart surgery. Heart attack or heart surgery. Obese people."
0.6149551669756571,0.6349933743476868,0.6547269225120544,0.8501598834991455,0.4032667477925619,0.18355150766339468,0.25353404123441986,0.9097489488910554,1.0,0.8501598834991455,0.7131907939910889,0.6937069892883301,0.36123348017621143,0.13333333333333333,0.19383259911894274,0.836084246635437,0.7765877842903137,0.8052384853363037,142,1.6705882352941177,0.5357142857142857,0.3871203104654948,-0.06198498606681824,9,1,1,0,0,0,What to do for Gallstones ?,Gastrointestinal,"If you suspect you have gallstones or are experiencing signs or symptoms related to them, it is important to seek immediate medical attention. Signs and symptoms of a serious gallstone complication include abdominal pain that is so severe that it can't be satiated, yellowing of the skin and whites of the eyes (jaundice), and a high fever with chills.

To prevent gallstones, follow these tips:

1. Stick to regular meal times. Skipping meals can increase the risk of gallstones.
2. Gradually lose weight if needed. Rapid weight loss increases the risk of gallstones.
3. Consume more high-fiber foods like fruits, vegetables, and whole grains.
4. Maintain a healthy weight by eating fewer calories and exercising regularly.
5. If you reach a healthy weight, continue a healthy lifestyle to help maintain it.

For additional information about gallstones, visit the Mayo Clinic Press website."
0.3672248025735219,0.42389094829559326,0.2699240098396937,0.3357321619987488,0.6147269407908122,0.23469049106304193,0.5124855103013619,1.0,0.0,0.3357321619987488,0.5937702655792236,0.7197538018226624,0.13570274636510501,0.017799352750809058,0.06623586429725364,0.8362475633621216,0.8044973611831665,0.8200652599334717,131,0.11738351254480286,0.2,0.3363420565923055,0.2938522398471832,6,0,1,0,0,1,How to diagnose Anxiety Disorders ?,Unrelated,"Anxiety disorders are typically diagnosed through a combination of clinical interviews and standardized diagnostic instruments. A mental health professional will conduct an interview to understand how the individual experiences anxiety and their interactions with others. They may ask questions about specific episodes of anxiety, including when they started, what triggers them, how they feel during attacks, and whether these feelings have become overwhelming over time. Additionally, a healthcare provider may administer standardized tests like the Generalized Anxiety Disorder-7 (GAD-7) or the Hospital Anxiety and Depression Scale (HADS). These tools measure symptoms across different domains, helping to identify patterns and severity. Other diagnostic criteria include the presence of specific symptoms, such as excessive worry or fear, persistent worries about everyday events, or avoidance behaviors, which may be present in individuals experiencing anxiety."
0.5276286602020264,0.5881834626197815,0.580630342165629,0.7079793214797974,0.4100947479406992,1.2737714424386852,1.8245872589605112,0.9993564583934758,1.0,0.7079793214797974,0.7670015096664429,0.803064227104187,0.2201405152224824,0.06807511737089202,0.1358313817330211,0.8430232405662537,0.8202579617500305,0.831484854221344,154,0.22094691535150646,0.42857142857142855,0.22031734162010252,-0.04323703050613403,18,1,1,0,0,0,What are the treatments for Colorectal Cancer ?,Gastrointestinal,"The treatments for colorectal cancer depend on the stage of the disease and the patient's overall health. Common treatment options include:

1. Surgery: This involves removing parts of the colon or rectum along with nearby lymph nodes. In some cases, the entire colon might be removed.

2. Radiation therapy: This uses high-energy radiation to destroy cancer cells. It may be given before or after surgery.

3. Chemotherapy: This uses drugs to stop cancer cells from dividing and growing. It is used to treat advanced colorectal cancer.

4. Targeted therapy: This works by targeting specific molecules on cancer cells. It is used when other treatments have failed.

5. Immunotherapy: This boosts the immune system’s ability to fight cancer cells. It is effective when chemotherapy doesn’t work well.

6. Medical support: This includes medications, nutrition, pain management, and psychological support.

7. Supportive care: This includes managing side effects like nausea, vomiting, diarrhea, fatigue, and loss of"
0.584576149781545,0.6058535575866699,0.5446312129497528,0.6839495897293091,0.41503067811330163,0.18641585522958146,0.257223846166694,0.8715738027054957,0.6666666666666666,0.6839495897293091,0.7643481492996216,0.6695091724395752,0.3924050632911393,0.1794871794871795,0.2911392405063291,0.896025538444519,0.8531229496002197,0.874048113822937,65,0.7065217391304348,0.375,0.5472376793622971,0.5043294429779053,0,1,1,0,0,0,What is (are) Hemorrhoids ?,Gastrointestinal,"Hemorrhoids are swollen veins in the anus and lower rectum. They are like varicose veins and can develop inside the rectum as internal hemorrhoids or around the anus as external hemorrhoids. There are different types of hemorrhoids, including internal hemorrhoids that don't cause symptoms and internal hemorrhoids that do cause symptoms such as itching, swelling, and pain. External hemorrhoids can also occur and require treatment."
0.6596301595369974,0.7148827314376831,0.5888888041178385,0.6431738138198853,0.3783124883969625,0.530702416336391,0.8101464327607418,1.0,1.0,0.6431738138198853,0.8694943189620972,0.7643771171569824,0.389776357827476,0.09646302250803858,0.1853035143769968,0.8466930389404297,0.8604419231414795,0.8535121083259583,147,0.8855421686746988,0.3888888888888889,0.17576894350349903,-0.09522593766450882,11,1,1,0,0,0,How to diagnose Heart Failure ?,Cardiovascular,"Diagnosing heart failure involves several steps:

1. **Physical Exam**: A healthcare provider will assess your general health status, including your age, gender, overall fitness level, and previous medical history.

2. **Blood Tests**: Blood tests like a complete blood count (CBC), liver function test, and kidney function test can help determine the cause of the condition and identify any potential complications.

3. **Cardiac Function Testing**: This includes an echocardiogram (cardiac ultrasound) which measures how much blood your heart pumps. An electrocardiogram (ECG) is used to check for abnormalities in electrical activity inside your heart.

4. **Serum Tests**: Depending on the cause, specific serum tests may be ordered. For example, a cardiac biomarker test looks for proteins in your blood that reflect heart damage.

5. **Other Diagnostic Tests**: These include x-rays, CT scans, and MRIs to examine the size and shape of the heart and its valves, and imaging"
0.6704885760943095,0.6927506327629089,0.7497350970904032,0.7715442180633545,0.24382481972376502,0.20752777614269388,0.5622987408243321,0.9944873170884264,1.0,0.7715442180633545,0.844041109085083,0.7637649774551392,0.3448275862068966,0.05263157894736842,0.1724137931034483,0.8240669965744019,0.8581791520118713,0.8407772183418274,66,1.1578947368421053,0.26666666666666666,0.7773652076721191,0.7773652076721191,0,1,1,0,0,0,What are the symptoms of Diabetes ?,Endocrine/Metabolic,"The main symptoms of Diabetes include:

- Feeling more thirsty than usual
- Urinating a lot
- Bed-wetting in children who have never wet the bed during the night
- Feeding more than normal
- Loss of weight without trying
- Irritability or other mood changes
- Feeling tired and weak
- Blurry vision
- Talking to your doctor if you notice any of these symptoms."
0.6861017743746439,0.717242956161499,0.7275103330612183,0.7793682813644409,0.2934050957361857,0.34678339882438003,0.5817207819127092,0.9893831278382483,1.0,0.7793682813644409,0.7944519519805908,0.8554627895355225,0.22469135802469134,0.06683168316831684,0.11604938271604938,0.8449025750160217,0.8232627511024475,0.8339423537254333,146,0.21987951807228914,0.58,0.4522465633021461,0.1983480453491211,5,1,1,0,0,0,How to prevent Alzheimer's Disease ?,Neurological,"To prevent Alzheimer's disease, one should:
- Keep your mind active by doing mental-stimulating activities like reading, solving puzzles, and playing word games. 
- Stay physically and socially active through physical exercise and social interactions. 
- Follow a balanced diet rich in fruits, vegetables, whole grains, lean protein sources, and healthy fats, especially those found in fish and nuts. 
- Avoid smoking as smoking has been linked to increased risks of both cardiovascular diseases and dementia. 
- Increase your vitamin D levels by eating specific foods or taking supplements. 
- Manage cardiovascular risk factors such as high blood pressure, high cholesterol, and diabetes. 
- Protect your eyesight by wearing hearing aids if necessary.  
- Engage in mental and social activities throughout your life to maintain cognitive function. 

Additionally, maintaining a healthy lifestyle, including good sleep habits and avoiding alcohol abuse, could potentially help prevent Alzheimer's disease."
0.5415145754814148,0.617848813533783,0.4673457046349843,0.542381763458252,0.2837699055671692,0.06927862254615708,0.14314075482692976,0.9854057232165613,0.3333333333333333,0.542381763458252,0.7709738612174988,0.7742015719413757,0.3474903474903475,0.07782101167315175,0.2162162162162162,0.8719698190689087,0.8475499153137207,0.8595864772796631,89,0.536144578313253,0.43243243243243246,0.3346351459622383,0.1676187962293625,6,1,1,0,0,0,What is (are) Rheumatoid Arthritis ?,Musculoskeletal,"Rheumatoid arthritis is an autoimmune disorder characterized by inflammation of the lining of the joints (synovitis). It affects multiple joints throughout the body and causes them to become stiff and painful upon movement. Other common symptoms include fatigue, fever, and difficulty in eating. The disease typically starts as small joint involvement and can progress to affecting larger joints. Treatment options involve medications such as non-steroidal anti-inflammatory drugs (NSAIDs), biologics, physical therapy, and surgery in severe cases. Early diagnosis and treatment can significantly improve outcomes and reduce long-term joint damage."
0.47352556387583417,0.5163176655769348,0.4781447450319926,0.507416307926178,0.3037265737851461,0.08117038529088288,0.08406438415262654,1.0,0.3333333333333333,0.507416307926178,0.8393939137458801,0.6987829208374023,0.3679245283018868,0.07582938388625592,0.17924528301886794,0.8575117588043213,0.8446391224861145,0.8510268330574036,162,0.5955882352941176,0.3333333333333333,0.16714233000363624,-0.13664355874061584,14,1,1,0,0,0,What to do for Kidney Dysplasia ?,Kidney/Renal,"Kidney dysplasia is a genetic disorder affecting the development of the kidneys during pregnancy. It occurs when the developing kidney does not form properly due to mutations in genes involved in embryonic development. Here are some general steps that might be recommended if someone has been diagnosed with kidney dysplasia:

1. Consult a healthcare provider: Initially, consult with a pediatrician who specializes in fetal medicine or genetics to discuss the diagnosis and management plan. 

2. Genetic testing: Depending on the specific genetic mutation causing kidney dysplasia, genetic testing can help determine whether family members may also be at risk.

3. Follow-up care: Regular monitoring is crucial to detect any developmental issues before they become severe. This often includes prenatal ultrasounds to assess the growth and development of the child.

4. Medical intervention: If kidney dysplasia is detected, surgical correction or treatment might be necessary. These procedures aim to correct the abnormality and restore normal kidney function.

5. Lifestyle modifications: Following a healthy"
0.632499615351359,0.7053335905075073,0.6230793793996176,0.7305227518081665,0.39174244801203406,0.43545495165058856,0.5411478807330359,0.9923203009465811,1.0,0.7305227518081665,0.7469470500946045,0.7514915466308594,0.2924528301886793,0.04761904761904762,0.16981132075471697,0.8345599174499512,0.8700647354125977,0.8519425392150879,153,2.283582089552239,0.21739130434782608,0.4456844460219145,-0.004541333764791489,7,1,1,0,0,0,What are the symptoms of Rheumatoid Arthritis ?,Musculoskeletal,"Symptoms of rheumatoid arthritis may include:
- Painful, warm, swollen joints. 
- Joint stiffness that most often is worse in the mornings and after periods of rest. It can last for 45 minutes or longer. 
- Tiredness, fever, and not wanting to eat.
- Rheumatoid arthritis may affect just a few joints at first. Most often, these are the small joints of the hands and the feet. 
- As the disease gets worse, symptoms may spread to more joints. These most often include the wrists, elbows, hips, knees and ankles. 
- Most of the time, symptoms affect the same joints on both sides of the body.
- Many people who have rheumatoid arthritis also have symptoms that affect more than the joints. Areas that may be affected include: Nerve tissue. 
- Rheumatoid arthritis symptoms may vary in how bad they are. They may come and go. Periods when the condition becomes more active,"
0.6488270958264669,0.7899119853973389,0.5466647942860922,0.7327295541763306,0.46450935800870263,0.6368199170985841,1.136947036513476,0.9982806509017262,0.3333333333333333,0.7327295541763306,0.7499614953994751,0.8392586708068848,0.16299559471365638,0.05309734513274336,0.11013215859030838,0.8523549437522888,0.7448159456253052,0.7949651479721069,56,0.13559322033898305,0.375,0.8112609386444092,0.8112609386444092,0,1,1,0,0,0,What are the complications of Ulcerative Colitis ?,Gastrointestinal,"The complications of ulcerative colitis include severe bleeding, severe dehydration, loss of red blood cells (anemia), bone loss (osteoporosis), inflammation of the skin, joints, and eyes, an increased risk of colon cancer, rapid swelling of the colon (toxic megacolon), an increased risk of blood clots in veins and arteries, and delayed growth and development in children."
0.586104134718577,0.7229717373847961,0.6151145100593567,0.834907054901123,0.33523962895075476,0.6183493597840831,1.34411151544441,1.0,0.6666666666666666,0.834907054901123,0.8590357303619385,0.7691214084625244,0.34977578475336324,0.04524886877828055,0.14349775784753363,0.8300516605377197,0.8729451894760132,0.8509582281112671,140,1.75,0.5909090909090909,0.35637543474634487,-0.09990672767162323,6,1,1,0,0,0,How to prevent COPD ?,Respiratory,"To prevent Chronic Obstructive Pulmonary Disease (COPD), which includes emphysema and chronic bronchitis, there are several steps individuals can take:

1. **Avoid Smoking**: As mentioned in the context, smoking is the main known cause of COPD. Stopping smoking immediately after diagnosis can significantly improve lung function and reduce symptoms.

2. **Quit Smoking**: Even if you’ve previously tried to quit but failed, keeping trying until you succeed. Quitting helps decrease lung damage, reducing your risk of future exacerbations.

3. **Protect Yourself from Exposure to Chemicals**: If working with hazardous chemicals, use protective equipment like respirators or masks.

4. **Get Regularly Vaccinated**: Flu, pneumococcal, and COVID-19 vaccinations all help protect against serious illnesses associated with COPD.

5. **Maintain Good Respiratory Health**: Avoiding environmental pollutants and maintaining a healthy lifestyle by exercising regularly and eating a balanced diet can also help manage COP"
0.65322212378184,0.6599781513214111,0.7315466205279032,0.7541013956069946,0.2453777392705282,0.5691163205202417,1.44912109661754,0.9914768935086935,1.0,0.7541013956069946,0.7861460447311401,0.7731429934501648,0.20588235294117643,0.0594059405940594,0.12745098039215688,0.8463245034217834,0.8361261487007141,0.8411943912506104,50,0.3246753246753247,0.18421052631578946,0.6820179522037506,0.6358804106712341,0,1,1,0,0,0,Who is at risk for Kidney Disease? ?,Kidney/Renal,"People with specific medical conditions, such as diabetes, lupus, amyloidosis, reflux nephropathy, and infections like HIV, hepatitis, and malaria, are at increased risk of developing kidney disease. Additionally, individuals with abnormal kidney structure or frequent use of medications known to damage the kidneys are also more prone to kidney disease."
0.5700700283050537,0.617848813533783,0.49556878209114075,0.5268945097923279,0.339558482170105,0.29610181939404256,0.486524696347428,0.9855568269567329,0.3333333333333333,0.5268945097923279,0.7381221652030945,0.7584352493286133,0.25691699604743085,0.043650793650793655,0.13438735177865613,0.8440707921981812,0.8224775195121765,0.8331342935562134,125,0.33156498673740054,0.4166666666666667,0.38836390400926274,0.10479456931352615,4,1,1,0,0,0,What is (are) Rheumatoid Arthritis ?,Musculoskeletal,"Rheumatoid Arthritis (RA) is a chronic autoimmune disorder characterized by inflammation of the synovial membrane, the tissue lining the inside of the joints, causing pain, swelling, tenderness, warmth, redness, stiffness, weakness, and fatigue. It affects multiple joints throughout the body, typically starting with the small joints like the hands and feet. RA is associated with a higher risk of developing other autoimmune diseases, including Sjögren's syndrome and lupus. The exact cause remains unknown but is believed to involve genetic predisposition combined with environmental triggers such as infections and hormonal influences. Treatment focuses on managing symptoms and reducing joint damage through medications such as nonsteroidal anti-inflammatory drugs (NSAIDs), corticosteroids, biological therapies, and physical therapy. Early diagnosis and treatment can significantly improve outcomes and quality of life."
0.36282408237457275,0.45445773005485535,0.19096124668916067,0.27432894706726074,0.8078933159510294,1.5296793363174614,3.330158338512411,0.9691149975728741,0.0,0.27432894706726074,0.4177510738372803,0.7452430129051208,0.15384615384615383,0.008620689655172414,0.09401709401709402,0.8239626288414001,0.821292519569397,0.822625458240509,149,1.7951807228915662,0.16666666666666666,0.12347122547881943,-0.042508549988269806,14,1,1,0,0,0,What are the treatments for Balance Problems ?,Neurological,"There are several treatments for balance problems:

  1. Physical Therapy: This involves exercises designed to strengthen the muscles and improve flexibility of the legs, arms, core, and posture. These exercises help to maintain proper alignment and prevent falls.
  2. Occupational Therapy: This focuses on modifying daily routines to make them safer and easier to perform. This may involve adjusting home environments, workplace tasks, or sports equipment.
  3. Medications: Certain medications, such as anti-inflammatory drugs or muscle relaxants, may be prescribed to alleviate pain and stiffness associated with balance disorders.
  4. Biomechanical Evaluation: This involves assessing the biomechanics (movement patterns) of the patient to identify potential areas of weakness that need to be addressed during rehabilitation.
  5. Electrical Stimulation: This technique uses electrical impulses to stimulate the nervous system, potentially improving coordination and balance.
  6. Cognitive Behavioral Therapy: This therapy aims to help individuals change negative thought patterns and behaviors"
0.6110900243123373,0.6910789012908936,0.5625074903170267,0.5774259567260742,0.307980477809906,0.2877239761543155,0.3257550322781221,0.9972300132732937,1.0,0.5774259567260742,0.619931697845459,0.7545338869094849,0.268370607028754,0.05144694533762058,0.14057507987220447,0.8187867403030396,0.796244740486145,0.80735844373703,153,0.9745222929936306,0.3448275862068966,0.23758800900899446,-0.11361091583967209,11,1,1,0,0,0,How to prevent High Blood Pressure ?,Cardiovascular,"To prevent high blood pressure, follow these lifestyle modifications:

1. **Manage Your Weight**: Maintaining a healthy body mass index (BMI) below 24 kg/m² can significantly reduce the risk of developing hypertension. Losing even modest amounts of weight can lead to significant reductions in blood pressure.

2. **Exercise Regularly**: Aim for at least 150 minutes of moderate aerobic activity per week or 75 minutes of vigorous activity per week, or an equivalent combination of the two. Activities such as brisk walking, cycling, or swimming are excellent choices.

3. **Eat a Healthy Diet**: Incorporate a variety of nutrient-rich fruits, vegetables, lean proteins, and whole grains into your meals. Avoid excessive sodium intake, saturated and trans fats, and processed foods.

4. **Limit Alcohol Consumption**: Men should limit their alcohol intake to one drink per day, and women should limit theirs to two drinks per day. Excessive alcohol consumption has been linked to high blood pressure.

5"
0.5387155810991923,0.5559595823287964,0.43321295579274494,0.5034350156784058,0.36425381898880005,0.35281164433520656,0.6509886882426952,0.9966906755267575,0.3333333333333333,0.5034350156784058,0.6607077121734619,0.6935420632362366,0.30000000000000004,0.033707865168539325,0.17777777777777778,0.8510558605194092,0.8599607944488525,0.8554851412773132,95,1.1585365853658536,0.20833333333333334,0.47337064146995544,0.3197673261165619,2,1,1,0,0,0,What is (are) Stroke ?,Neurological,"Stroke refers to an interruption of blood supply to part of the brain, resulting in tissue death and neurologic deficit. It is a medical emergency that occurs when blood flow to the brain is reduced or blocked. The most common type of stroke is a hemorrhagic stroke, caused by bleeding within or outside the blood vessels of the brain. The other type, known as a ischemic stroke, results from a lack of oxygen-rich blood reaching the brain's tissue. Both types can result in severe neurological impairment and can lead to death if not treated promptly."
0.528117815653483,0.6153204441070557,0.539519190788269,0.6655137538909912,0.37353700399398804,0.8296699789984755,1.3990664770473455,1.0,0.3333333333333333,0.6655137538909912,0.6642751097679138,0.7136614918708801,0.09834558823529412,0.023919043238270474,0.05238970588235294,0.8362012505531311,0.7831071019172668,0.808783769607544,148,0.0744466800804829,0.16,0.2817084259268912,-0.051616370677948,9,1,1,0,0,0,What are the treatments for Stroke ?,Cardiovascular,"There are several treatments available for stroke, which aim to restore function in affected areas of the brain and provide relief from symptoms:

1. **Thrombolysis (tissue plasminogen activator)**: This therapy involves administering medication to dissolve blood clots that have formed in the brain. It is often used after an ischemic stroke where clotting has already occurred but not yet broken down by natural processes.

2. **Endovascular therapy** (stenting, embolization): This approach uses catheters and other devices inserted into blood vessels near the site of the stroke to remove blockages or to deliver medications directly to the area of injury. Endovascular therapy may be used in cases where thrombolytic therapy is contraindicated.

3. **Surgical intervention**: In some cases, surgery might be necessary to remove damaged parts of the brain or to implant new ones. This procedure helps reconnect blood flow to the brain and restore neural function.

4. **Physical"
0.6738593180974325,0.7481504678726196,0.6341324845949808,0.7199906706809998,0.2826533714930216,0.513707316901795,0.8855856694547991,0.9963044973641464,1.0,0.7199906706809998,0.6815071702003479,0.7418513298034668,0.4586466165413534,0.2121212121212121,0.2631578947368421,0.8459215760231018,0.8652808666229248,0.8554917573928833,141,0.9929577464788732,0.6129032258064516,0.8860617876052856,0.8860617876052856,0,1,1,0,0,0,What are the symptoms of Stroke ?,Neurological,"Some symptoms of stroke include:

  * Trouble speaking and understanding what others are saying
  * Confusion, slurred speech or difficulty understanding speech
  * Trouble seeing in one or both eyes
  * Numbness, weakness or paralysis in the face, arm or leg
  * Trouble walking, stumbling or losing balance or coordination
  * Sudden headache
  * Vomiting, dizziness and a change in consciousness
  * Blurred or blackened vision in one or both eyes
  * Trouble speaking
  * Slurred speech
  * Loss of muscle movement in the face, arm or leg
  * Difficulty talking or swallowing
  * Trouble thinking
  * Emotional symptoms
  * Pain or numbness in the affected area
  * Changes in behavior and self-care

It's important to note that some of these symptoms may be caused by other conditions, so it's crucial to seek immediate medical attention if you suspect a stroke."
0.6826589306195577,0.6887019276618958,0.6549400289853414,0.7033383250236511,0.31529267628987634,0.5601419015356105,0.9178211713327151,0.9911234530439482,1.0,0.7033383250236511,0.7970592975616455,0.7242348194122314,0.37575757575757573,0.11585365853658539,0.18181818181818182,0.8555530905723572,0.837001621723175,0.8461756706237793,150,0.8522727272727273,0.4666666666666667,0.6155909784138203,0.3014652729034424,2,1,1,0,0,0,What is (are) Celiac Disease ?,Gastrointestinal,"Celiac disease is an autoimmune disorder that affects the small intestine, specifically its lining. This condition occurs when the body's immune system mistakenly attacks and damages the cells in the lining of the small intestine, causing inflammation and damage. When this happens, it interferes with the ability of the intestine to absorb certain nutrients necessary for proper growth and development. 

Some common symptoms of celiac disease include abdominal pain, bloating, constipation, diarrhea, weight loss, and anemia. Adults with celiac disease may also experience issues like bone thinning, nerve damage, joint pain, and neurological symptoms like ADHD, learning difficulties, and seizures. Children may show symptoms related to the digestive system such as diarrhea and chronic constipation. Additionally, celiac disease is linked to other conditions such as dermatitis herpetiformis, which causes an itchy, blistery rash.

The diagnosis of celiac disease involves various tests such as a blood test (serum alpha-fetoprotein), a biopsy"
0.6193095445632935,0.66131591796875,0.5747370521227518,0.5869939923286438,0.28339874744415283,0.3416269905380355,0.3872516567049269,0.988877306517083,1.0,0.5869939923286438,0.5123284459114075,0.7887253165245056,0.078125,0.015873015873015872,0.078125,0.8986632227897644,0.804209291934967,0.8488166928291321,11,0.1,0.06382978723404255,0.6452888250350952,0.6452888250350952,0,1,1,0,0,0,Who is at risk for Lung Cancer? ?,Respiratory,People who smoke are at the highest risk for lung cancer.
0.5412622690200806,0.6147133111953735,0.4437730709711711,0.4607941508293152,0.2383442918459574,0.24763892750923513,0.5586910329138375,1.0,0.0,0.4607941508293152,0.672683835029602,0.7650682330131531,0.27353463587921845,0.0641711229946524,0.10657193605683837,0.8364460468292236,0.8281645774841309,0.832284688949585,141,0.3389423076923077,0.5434782608695652,0.20220647466679414,-0.041943635791540146,12,1,1,0,0,0,What are the treatments for Osteoarthritis ?,Musculoskeletal,"Treatments for osteoarthritis include:

1. **Weight management**: Maintaining a healthy body weight can reduce strain on joints by making them lighter and less likely to wear out prematurely.

2. **Physical therapy**: Regular exercise and stretching exercises can help maintain range of motion and improve strength and flexibility.

3. **Medication**: Nonsteroidal anti-inflammatory drugs (NSAIDs) such as ibuprofen or naproxen can provide relief from pain and swelling. Steroids may also be used in severe cases. 

4. **Chondroitin sulfate and glucosamine**: These supplements have been shown to help reduce inflammation and support joint health.

5. **Joint replacement surgery**: In severe cases where non-surgical options fail, total knee or hip replacements can be performed.

6. **Acupuncture**: This traditional Chinese medicine practice involves inserting thin needles into specific points on the skin to relieve pain and promote healing.

7. **Occupational therapy**: For people who need assistance"
0.5723357796669006,0.624247133731842,0.3911505738894145,0.45194733142852783,0.35711046059926355,0.9649162826611181,1.4933948434231519,0.9771830396700952,0.0,0.45194733142852783,0.7280720472335815,0.7479509711265564,0.3280423280423281,0.0855614973262032,0.17989417989417988,0.8425241708755493,0.8467221260070801,0.8446179032325745,85,0.85,0.1111111111111111,0.33724460005760193,0.20549696683883667,4,1,1,0,0,0,What are the treatments for Huntington's Disease ?,Neurological,"Medicines are available to help manage the symptoms of Huntington's disease. These medicines include antipsychotics (such as paliperidone), lithium, and cholinesterase inhibitors (such as donepezil). Antipsychotics may help with behavioral changes associated with the disease, while lithium and cholinesterase inhibitors may help with motor fluctuations. However, these treatments can't prevent the physical, mental, and behavioral decline caused by the disease. In some cases, surgery may also be considered, such as deep brain stimulation, which involves stimulating specific parts of the brain to help manage symptoms."
0.4744192361831665,0.4973261058330536,0.45945535103480023,0.5125083327293396,0.542995423078537,0.47243128783510063,0.48977538052070785,0.9941895963147637,0.3333333333333333,0.5125083327293396,0.8234593272209167,0.8260132074356079,0.191869918699187,0.03588907014681893,0.11707317073170731,0.829756498336792,0.7728861570358276,0.8003122806549072,133,0.266,0.5333333333333333,0.265163612862428,0.07785627245903015,18,1,1,0,0,0,What are the symptoms of Wilson Disease ?,Endocrine/Metabolic,"The symptoms of Wilson Disease include:

1. Nausea and vomiting
2. Fatigue 
3. Dizziness and lightheadedness 
4. Weakness or tremors
5. Joint pain
6. Changes in hair color and texture
7. Changes in eye color (blue or green)
8. Changes in nail growth
9. Changes in bone density and shape
10. Skin changes, including dark spots, blue veins, or rough patches
11. Mental changes, such as confusion, depression, mood swings, or memory problems
12. Increased levels of copper in the body
13. Kidney damage, which can lead to failure and require dialysis
14. Liver damage, leading to jaundice and abdominal discomfort
15. Bone damage due to calcium buildup in bones
16. Heart damage due to calcium deposits in the walls of blood vessels
17. Nerve damage due to calcium buildup in the brain"
0.5731602112452189,0.6032779216766357,0.5437890887260437,0.5785362720489502,0.2697684566179911,0.30174953531109416,0.6672460863294437,0.9954490908051008,0.6666666666666666,0.5785362720489502,0.7553613185882568,0.7295552492141724,0.2761904761904762,0.04784688995215312,0.15238095238095237,0.833203136920929,0.837291955947876,0.8352425694465637,134,0.4652777777777778,0.4,0.29851900327664155,-0.05609467253088951,10,1,1,0,0,0,What are the treatments for Urinary Tract Infections in Children ?,Kidney/Renal,"Urinary tract infections (UTIs) are common in children, particularly in girls. There are several ways to treat UTIs in children:

1. **Prescription Medications**:
   - Antibiotics are often used to treat UTIs in children. These drugs target the specific type of bacteria causing the infection.
   - Examples include amoxicillin, ciprofloxacin, or azithromycin, depending on the type of bacteria detected.

2. **Probiotics**
   - Sometimes, probiotics such as Lactobacillus acidophilus are given to children who are prone to UTIs due to their gut microbiota imbalance. Probiotics help restore balance and support immune function.

3. **Urine Testing**
   - Routine urine testing can identify the presence of bacteria or other pathogens. This can help determine whether antibiotics are needed or if alternative treatments like oral rehydration salts are appropriate.

4. **Medication Management**
   - Pain management options might include over"
0.3324708739916484,0.40213990211486816,0.3429877758026123,0.3728749752044678,0.7271397809187572,0.6007410261708409,1.4310249116399585,0.9909616947974597,0.0,0.3728749752044678,0.7522330284118652,0.7749139070510864,0.2939068100358423,0.036101083032490974,0.14336917562724016,0.8381859064102173,0.8328282833099365,0.8354985117912292,153,1.2338709677419355,0.4444444444444444,0.10459835939109326,-0.13084253668785095,15,1,1,0,0,0,What to do for Cyclic Vomiting Syndrome ?,Gastrointestinal,"Cyclic vomiting syndrome (CVS) is characterized by recurrent episodes of severe nausea, vomiting, and abdominal cramping. The condition typically occurs after periods of improved appetite, weight gain, and less frequent episodes of CVS. To manage this condition, patients should:

1. **Monitor symptoms**: Keep track of when the episodes start and how long they last, noting any triggers like certain foods, alcohol, or stress.
2. **Identify triggers**: Try to identify what specific factors trigger the episodes. Common triggers include spicy foods, dairy products, caffeine, and alcohol.
3. **Avoid triggers**: Try to avoid eating or consuming those items during the episodes. It’s helpful to write down what you eat before each episode to help remember your triggers.
4. **Hydration**: Be sure to stay well hydrated throughout the day. Drinking plenty of water helps prevent dehydration, which can exacerbate symptoms.
5. **Rest**: Ensure adequate sleep and rest between episodes to reduce the severity of the attacks."
0.5303225417931875,0.5559595823287964,0.41536208987236023,0.4623856842517853,0.41146764159202576,0.4792308802276932,1.0721682328225657,0.9751127134566445,0.0,0.4623856842517853,0.4820554256439209,0.6180903911590576,0.33633633633633625,0.07250755287009063,0.18018018018018017,0.830145537853241,0.8300673961639404,0.8301063776016235,143,0.7371134020618557,0.2894736842105263,0.4656665011176041,0.06212066486477852,2,1,1,0,0,0,What is (are) Stroke ?,Neurological,"A stroke occurs when blood flow to an area of the brain is blocked, causing brain tissue death and potentially permanent injury. There are two types of strokes:

  * Ischemic stroke - In this type, blockage occurs due to narrowing or clotting in an artery supplying blood to the brain.
  * Hemorrhagic stroke - In this type, bleeding into the brain occurs due to a ruptured blood vessel.

Risk factors for stroke include high blood pressure, diabetes, high cholesterol, obesity, physical inactivity, and a personal or family history of stroke. Lifestyle changes like quitting smoking and maintaining a healthy weight can lower risk. 

The symptoms of stroke typically include difficulty speaking or understanding speech, numbness or weakness on one side of the body, trouble seeing in one eye, difficulty walking, loss of balance or coordination, and confusion. Prompt treatment can significantly improve outcomes."
0.4557884732882182,0.592388391494751,0.28241414825121564,0.3404504060745239,0.30854332447052,0.5479485976754812,1.5294396158664592,1.0,0.0,0.3404504060745239,0.4396980106830597,0.7074683308601379,0.1372549019607843,0.009852216748768473,0.06862745098039215,0.7979115843772888,0.777679443359375,0.787665605545044,96,0.30094043887147337,0.1276595744680851,0.5563319027423859,0.46872013807296753,1,1,1,0,0,0,What are the treatments for Diabetes ?,Endocrine/Metabolic,"The main treatments for type 1 and type 2 diabetes include:

  * Lifestyle changes such as diet and physical activity
  * Medications like insulin, sulfonylureas, metformin, glargine, and other oral hypoglycemic agents
  * Specialized devices called Continuous Glucose Monitors (CGMs) which continuously monitor and display glucose levels
  * Insulin pumps which deliver insulin directly into the bloodstream

In addition to these therapies, it is also important to manage complications associated with diabetes such as eye problems, nerve damage, kidney disease, and cardiovascular disease. Regular monitoring and follow-up with healthcare providers is crucial for managing diabetes effectively."
0.6148324608802795,0.7510311603546143,0.6589599847793579,0.820673942565918,0.3305189410845438,0.7569078373431216,1.3108456746632822,1.0,1.0,0.820673942565918,0.9020706415176392,0.8195611238479614,0.4,0.11267605633802817,0.25116279069767444,0.8722816109657288,0.8435080647468567,0.8576536178588867,93,0.7380952380952381,0.4166666666666667,0.5282365481058756,0.31186845898628235,2,1,1,0,0,0,What are the symptoms of Colorectal Cancer ?,Gastrointestinal,"The symptoms of colorectal cancer typically include changes in bowel habits like more frequent diarrhea or constipation, rectal bleeding or blood in the stool, ongoing discomfort in the belly area such as cramps, gas, or pain, a feeling that the bowel doesn't empty all the way during a bowel movement, weakness or tiredness, and losing weight without trying. However, some patients might not experience any symptoms until later stages of the disease when the cancer has spread beyond the early stages. It's important for individuals experiencing these symptoms to seek prompt medical attention."
0.5567147135734558,0.6237255930900574,0.428090900182724,0.4898490011692047,0.24734584490458167,0.5496871830886426,1.3539440718658722,0.9766447313484989,0.0,0.4898490011692047,0.6064918041229248,0.655303955078125,0.2127659574468085,0.03225806451612903,0.13829787234042554,0.8137721419334412,0.8758447766304016,0.8436682820320129,147,3.5853658536585367,0.3333333333333333,0.30004211176525464,-0.023645823821425438,7,1,1,0,0,0,What to do for Urinary Tract Infections in Children ?,Kidney/Renal,"For children who develop a urinary tract infection (UTI), there are several recommendations made by healthcare providers:

1. **Maintaining Hydration**: Encourage the child to drink plenty of fluids, including water, to help flush out bacteria from the bladder and urethra. This is important as dehydration can exacerbate symptoms and increase the risk of complications such as blood in urine.

2. **Try Cranberry Juice or Products**: Some studies suggest that consuming cranberry juice or products containing cranberries might reduce the risk of UTIs in children. However, more research is needed to confirm this benefit and to understand its mechanisms.

3. **Avoid Deodorizing Products**: Certain types of deodorant sprays, powders, or other feminine hygiene products can irritate the urethra, increasing the risk of UTIs. It is recommended to avoid these products during periods of increased risk of UTIs.

4. **Change Birth Control Method**: For women who use diaphragms, spermicides"
0.5492858489354452,0.5676103830337524,0.479546179374059,0.5883432626724243,0.41431728998819983,0.24574336583572176,0.30190328836042174,1.0,0.3333333333333333,0.5883432626724243,0.44364604353904724,0.5735588073730469,0.25,0.05970149253731343,0.14705882352941177,0.8365551233291626,0.8777887225151062,0.8566761016845703,102,3.0,0.23076923076923078,0.3860630691051483,0.11017441749572754,4,1,1,0,0,0,What is (are) Stroke ?,Cardiovascular,"Stroke is a medical condition characterized by an interruption of blood flow to the brain due to blockage or clot formation in the arteries leading to the brain. This disruption leads to loss of brain tissue and symptoms like confusion, slurred speech, difficulty speaking, numbness, weakness, and paralysis on one side of the body. The severity and duration of symptoms depend on the size and location of the blocked artery. Treatment aims to restore blood flow and reduce brain damage by administering medication and performing procedures such as thrombectomy or mechanical thrombolysis. Early intervention is crucial to minimize cognitive and functional impairment."
0.6574335892995199,0.7174045443534851,0.5292323132356008,0.5552634000778198,0.2929050922393799,0.5434194879896703,1.24000750555212,0.9840860366153443,0.6666666666666666,0.5552634000778198,0.4904087781906128,0.7438511848449707,0.10697674418604651,0.009345794392523366,0.06046511627906977,0.8412811756134033,0.7298018932342529,0.7815864682197571,71,0.15812917594654788,0.08333333333333333,0.6559445460637411,0.5927252769470215,0,1,1,0,0,0,Who is at risk for Osteoporosis? ?,Musculoskeletal,"People who have a family history of osteoporosis are at increased risk for developing the condition. This includes women who have had a family member with osteoporosis, as well as men whose mothers or fathers have had hip fractures due to osteoporotic bone diseases. Additionally, people who have had certain medications, such as prednisone and cortisone, may also be at increased risk for osteoporosis due to their effects on bone density."
0.48708513379096985,0.5062852501869202,0.5232769648234049,0.578870415687561,0.4432016511758169,0.5616501668337173,1.019843975783716,0.9822385924245547,0.6666666666666666,0.578870415687561,0.7498363852500916,0.6883912086486816,0.306368330464716,0.09671848013816925,0.15490533562822717,0.8486236929893494,0.8267658948898315,0.8375522494316101,161,0.3824228028503563,0.40816326530612246,0.27988123741339554,-0.019016679376363754,9,1,1,0,0,0,what research (or clinical trials) is being done for Kidney Disease ?,Kidney/Renal,"Kidney disease, specifically chronic kidney disease (CKD), is a complex condition characterized by gradual damage to the kidneys over time. As such, ongoing research plays a crucial role in understanding its pathophysiology and identifying effective treatment options. Some areas of research related to CKD include:

1. **Prevention:** Preventive measures aimed at reducing the risk of developing kidney disease are actively pursued. These efforts often focus on lifestyle modifications, such as maintaining a healthy weight, limiting alcohol intake, avoiding excessive exposure to certain substances like tobacco and heavy metals, and exercising regularly.

2. **Diagnosis:** The development of more sensitive diagnostic tools has been a significant area of research. The goal is to improve early detection of kidney disease, which can lead to earlier intervention and potentially better outcomes.

3. **Treatment:** The treatment landscape for CKD varies significantly depending on the stage of the disease and the patient's specific needs. This includes monitoring blood pressure, controlling diabetes mellitus, and managing high blood sugar"
0.37744835019111633,0.5155655741691589,0.3510866512854894,0.5231699347496033,0.593821793794632,0.8233330041307779,1.4404705456678055,1.0,0.3333333333333333,0.5231699347496033,0.4388401508331299,0.38103944063186646,0.1032258064516129,0.0,0.06451612903225806,0.7575011849403381,0.8400519490242004,0.7966436743736267,105,2.142857142857143,0.11764705882352941,0.3656468540430069,0.2023201584815979,3,0,1,0,0,1,What are the treatments for Leukemia ?,Unrelated,"Chemo is usually the first line treatment for ALL. For some patients who don't respond well to chemotherapy, there are other options like:

  * Autologous hematopoietic stem cell transplantation (HCT)
  * Allo-HSCT
  * T-cell receptor (TCR) therapy
  * Immune checkpoint inhibitors
  * CAR-T cell therapy
  * Transplantation with matched related donor (MRD)
  * Transplantation with mismatched unrelated donor (MUD)

There are also newer approaches such as:

  * Prognostic score (PS) classification (PS0-PS4): Patients with high-risk PS2 are eligible for allogeneic HSCT.
  * Prognostic Score (PS) classification (PS0-PS4): Patients with high-risk PS3 are eligible for autologous HCT.
  * Prognostic score (PS) classification (PS0-PS4): Patients with high"
0.5920577247937521,0.6910789012908936,0.6007839242617289,0.7138177156448364,0.2389229337374369,0.32030634853804835,0.3924260104055365,1.0,0.6666666666666666,0.7138177156448364,0.7277743816375732,0.8375405073165894,0.11962616822429906,0.03377110694183865,0.06355140186915888,0.8763691782951355,0.7762258648872375,0.8232632875442505,49,0.10208333333333333,0.26,0.5750814576943716,0.47178199887275696,1,1,1,0,0,0,How to prevent High Blood Pressure ?,Cardiovascular,"The best way to prevent high blood pressure is to maintain a healthy lifestyle. This involves eating a balanced diet, exercising regularly, controlling your weight, avoiding smoking, and reducing stress. Additionally, managing chronic conditions like diabetes and high cholesterol can help reduce the risk of developing high blood pressure."
0.6686333616574606,0.7713052034378052,0.42915646235148114,0.5153369903564453,0.3855615258216858,0.6349580171915199,1.874048055373009,0.9449724636316715,0.3333333333333333,0.5153369903564453,0.42073434591293335,0.7745495438575745,0.225201072386059,0.0510752688172043,0.1126005361930295,0.8239985108375549,0.8203483819961548,0.8221693634986877,156,0.28415300546448086,0.4489795918367347,0.3119712620973587,-0.07603468000888824,7,1,1,0,0,0,How to prevent Peripheral Arterial Disease (P.A.D.) ?,Cardiovascular,"To prevent Peripheral Arterial Disease (PAD), which is a condition characterized by narrowed or blocked arteries in the legs, the best approach involves adopting a healthy lifestyle. This includes:

1. **Avoid Smoking**: Quitting smoking is essential as it damages the walls of the arteries and increases the risk of PAD development.
2. **Eat a Healthy Diet**: Choose foods rich in fiber, antioxidants, and omega-3 fatty acids. Limit intake of high-sugar, saturated, and trans fats to reduce inflammation and promote vascular health.
3. **Exercise Regularly**: Engage in physical activity that boosts cardiovascular fitness, such as brisk walking, swimming, cycling, or any form of aerobic exercise. However, consult with healthcare providers before starting new exercise routines to ensure they are safe and appropriate for your individual needs.
4. **Maintain a Healthy Weight**: Being overweight or obese can increase the risk of PAD, so maintaining a healthy body mass index (BMI) through regular physical activity and balanced nutrition is"
0.6198525826136271,0.6622185111045837,0.5521838665008545,0.6023691892623901,0.3870203495025635,0.5846657075192762,1.118799949419191,1.0,1.0,0.6023691892623901,0.8308157920837402,0.7573314309120178,0.1599247412982126,0.03770028275212064,0.10159924741298212,0.8564178943634033,0.7685246467590332,0.8100941777229309,147,0.16030534351145037,0.46,0.20888079206148782,-0.058391764760017395,11,1,1,0,0,0,How to diagnose Ulcerative Colitis ?,Gastrointestinal,"To diagnose ulcerative colitis, a healthcare provider will conduct a thorough physical exam and review your symptoms, family history, and lifestyle. They might ask about your diet, medications, and recent illnesses. Depending on the severity of symptoms, they may order tests to assess for:

1. **Bloodwork**: Tests like the Hemoglobin A1c test can help measure hemoglobin levels, an indicator of overall health and nutrition.

2. **Stool Test**: Conducting a stool sample analysis can provide information on the presence of certain substances that are characteristic of ulcerative colitis. Commonly seen in stools include red blood cells, white blood cells, and bacteria.

3. **Biopsy**: A small tissue sample taken from the affected area by a doctor, especially near the rectum, can help confirm the diagnosis. Biopsies are used to look for specific types of cells that are characteristic of ulcerative colitis.

4. **Imaging Studies**: X-rays, CT scans, or MRI"
0.5586254199345907,0.6303596496582031,0.5409961640834808,0.6946098804473877,0.29250417153040564,0.6836298080944029,1.7623496484116097,0.915933260296424,0.3333333333333333,0.6946098804473877,0.7568014860153198,0.7564747333526611,0.1782178217821782,0.04255319148936171,0.10466760961810467,0.8580158948898315,0.8139018416404724,0.8353769183158875,95,0.15912897822445563,0.22448979591836735,0.522553414106369,0.3004084825515747,1,1,1,0,0,0,What are the treatments for Alzheimer's Disease ?,Neurological,"The treatments for Alzheimer's Disease primarily focus on symptom management rather than curing the disease itself. Medications, such as cholinesterase inhibitors and memantine, aim to improve cognitive function by increasing levels of certain neurotransmitters in the brain. Additionally, therapies like exercise, diet, and social engagement have been shown to potentially delay the progression of Alzheimer's disease and improve quality of life for individuals living with it. However, it's important to note that these interventions are not typically used to ""cure"" Alzheimer's disease; they serve to mitigate its effects and improve the overall well-being of patients."
0.5412622690200806,0.6147133111953735,0.5193440119425455,0.5644497871398926,0.2383442918459574,0.24763892750923513,0.5586910329138375,1.0,0.6666666666666666,0.5644497871398926,0.7312685251235962,0.782854437828064,0.3172413793103448,0.034722222222222224,0.13103448275862067,0.8287906646728516,0.823913037776947,0.8263446092605591,152,1.0935251798561152,0.27586206896551724,0.21740458547495878,-0.041943635791540146,11,1,1,0,0,0,What are the treatments for Osteoarthritis ?,Musculoskeletal,"The treatments for osteoarthritis typically focus on managing the symptoms and slowing the progression of the disease. Some of the key treatment options include:

1. **Weight Management**: Maintaining a healthy weight can help reduce pressure on affected joints and potentially slow the progression of the disease.

2. **Physical Therapy**: Regular physical therapy exercises can help maintain muscle strength and flexibility, which can relieve pain and improve joint function.

3. **Medication**: Nonsteroidal anti-inflammatory drugs (NSAIDs) such as ibuprofen and naproxen are effective at reducing inflammation and pain. Other medications may also be prescribed depending on specific conditions and individual needs.

4. **Surgery**: In severe cases where non-operative measures have failed, surgery may be considered, such as arthroscopic surgery or joint replacement if appropriate.

5. **Acupuncture**: This traditional Chinese medicine practice involves inserting thin needles into specific points along the body to treat various health issues, including pain relief and joint function improvement.

6"
0.5047789414723715,0.523229718208313,0.5782764752705892,0.6236807107925415,0.41477849086125695,0.8102018982786161,1.2241616970689868,1.0,1.0,0.6236807107925415,0.8403580188751221,0.7219836115837097,0.17884780739466896,0.04823428079242033,0.09286328460877043,0.8589675426483154,0.7743437886238098,0.8144634366035461,145,0.14173998044965788,0.30612244897959184,0.2489889532327652,-0.09192484617233276,10,1,1,0,0,0,What are the treatments for Hyperthyroidism ?,Endocrine/Metabolic,"The treatments for Hyperthyroidism include:

1. Anti-Thyroid Medicines: These medications reduce the amount of thyroid hormones produced by the thyroid gland. They work by inhibiting the production of thyroid hormones or interfering with their action.

2. Radioiodine Therapy: This procedure uses radioactive iodine to destroy the thyroid tissue. It works by binding to the thyroid cells, effectively blocking them from absorbing thyroid hormones.

3. Surgery: If the hyperthyroidism is due to a benign tumor in the thyroid, surgery might be necessary to remove it. However, if the hyperthyroidism is due to an underlying health issue, surgery might not be recommended.

4. Lifestyle Changes: Maintaining a healthy diet rich in iodine, regular exercise, and adequate sleep can help manage the symptoms of hyperthyroidism.

5. Supportive Care: Other therapies like stress reduction techniques, relaxation exercises, and cognitive-behavioral therapy might also be beneficial for managing symptoms.

6. Blood"
0.5336418350537618,0.6154545545578003,0.5263993541399637,0.6078391075134277,0.2774675289789835,0.643664926814861,1.2302828254437659,0.9585285660001217,0.3333333333333333,0.6078391075134277,0.9160919785499573,0.7563069462776184,0.4591194968553459,0.12658227848101264,0.23270440251572327,0.8608053922653198,0.8772672414779663,0.8689584136009216,155,0.9281437125748503,0.6111111111111112,0.2785140224067228,-0.06740573048591614,10,1,1,0,0,0,What are the treatments for Sleep Apnea ?,Respiratory,"There are several treatment options for Sleep Apnea:

1. Lifestyle Changes:
   - Weight Loss: Losing weight can improve the airflow through the nasal passages, thus reducing sleep apnea symptoms.
   - Quit Smoking: Smoking can constrict the airways and worsen symptoms.
   - Avoid Alcohol: Drinking alcohol may increase the likelihood of sleep apnea episodes.
   - Exercise Regularly: Physical activity helps strengthen the neck muscles around the neck, improving breathing during sleep.

2. Continuous Positive Airway Pressure (CPAP): This involves wearing a mask over your nose or mouth while sleeping. It creates a pressure that opens the airway and ensures smooth breathing. CPAP machines are available at various levels of comfort and pressure.
   
3. Oral Appliances: These appliances, often made from plastic or metal, are used to push the jaw forward and open the airway during sleep. They can be worn at night and removed during the day.

4. Surgery: In some cases, surgery might be necessary"
0.4579300880432129,0.4792442321777344,0.4548007746537526,0.4820460379123688,0.5059138437112172,0.7386924224387773,1.2871023242273505,0.9918673095111042,0.0,0.4820460379123688,0.8284128904342651,0.7378395795822144,0.39548022598870064,0.11363636363636365,0.23163841807909605,0.8539295196533203,0.8262796401977539,0.8398770689964294,150,0.6696428571428571,0.35,0.3457205643256505,0.2917201817035675,5,1,1,0,0,0,What are the symptoms of Cyclic Vomiting Syndrome ?,Gastrointestinal,"Cyclic Vomiting Syndrome is characterized by recurrent episodes of nausea and vomiting lasting from 48 hours to several days between attacks. There are four main categories of Cyclic Vomiting Syndrome:

  * First Category: Recurrent Nausea and Vomiting (RV) – The patient experiences multiple episodes of nausea and vomiting per week.
  * Second Category: Periodic Vomiting – Patients experience nausea and vomiting once every few months, and the duration of each attack ranges from a few minutes to several hours.
  * Third Category: Periodic Vomiting – Patients experience nausea and vomiting once every few years, and the duration of each attack varies widely.
  * Fourth Category: Periodic Vomiting – Patients experience nausea and vomiting once every month, and the duration of each attack ranges from a few hours to several days.

In addition to the above-mentioned symptoms, patients of Cyclic Vomiting Syndrome may experience other symptoms such as abdominal pain, constipation,"
0.4852425456047058,0.540373682975769,0.3554954578479131,0.5712808966636658,0.5112581253051758,0.6741306958362383,1.564414948864242,0.7674139935632488,0.3333333333333333,0.5712808966636658,0.4837726056575775,0.7131824493408203,0.16388888888888892,0.019498607242339833,0.08055555555555556,0.8155461549758911,0.7980051636695862,0.8066803216934204,134,0.23024054982817868,0.2608695652173913,0.23410612823707716,-0.10379765927791595,13,1,1,0,0,0,What are the treatments for Osteoporosis ?,Musculoskeletal,"The treatment for osteoporosis typically includes:

1. Calcium supplements or fortified foods: Calcium helps build strong bones by increasing bone density. It's recommended to consume at least 1,000 mg of calcium per day from food sources like dairy products, leafy greens, and fortified cereals.

2. Vitamin D: Vitamin D aids in the absorption of calcium from the diet. Adequate sunlight exposure or supplementation is crucial. A vitamin D deficiency is linked to osteoporosis.

3. Physical activity: Regular weight-bearing exercises such as walking, jogging, weightlifting, and dancing help build stronger bones. Resistance training also strengthens muscles around the bones.

4. Weight management: Maintaining a healthy body weight can reduce the risk of developing osteoporosis.

5. Medications: For people who do not respond to lifestyle changes, medications such as bisphosphonates (e.g., Fosamax), denosumab (Rituxan), calcitonin (Actress"
0.5325923562049866,0.5731419920921326,0.45762841900189716,0.5213377475738525,0.3980465432008108,0.7055052270108725,0.9777175535446869,0.9855528676126539,0.3333333333333333,0.5213377475738525,0.7364741563796997,0.7974768877029419,0.32432432432432434,0.07339449541284403,0.18018018018018017,0.863732099533081,0.8771320581436157,0.8703805208206177,70,1.7073170731707317,0.2777777777777778,0.37007293850183487,0.16819164156913757,2,1,1,0,0,0,What are the treatments for Lung Cancer ?,Respiratory,"The treatment for lung cancer depends on several factors including the stage (extent) of the cancer, the location of the cancer, and any other health problems you might have. Treatment options for lung cancer can range from surgery to radiation therapy, chemotherapy, targeted therapies, immunotherapy, or a combination of these. In some cases, a combination of treatments may be used. Early detection and prompt treatment are key to improving outcomes."
0.5188333988189697,0.5762555599212646,0.41637500127156574,0.5206661820411682,0.37353700399398804,0.8643045024276147,1.52243557824486,1.0,0.3333333333333333,0.5206661820411682,0.6478536128997803,0.6822016835212708,0.3955223880597015,0.07518796992481203,0.1865671641791045,0.836529016494751,0.8558758497238159,0.8460918664932251,154,1.375,0.5384615384615384,0.3156860318655769,-0.04939449578523636,8,1,1,0,0,0,what research (or clinical trials) is being done for Stroke ?,Neurological,"There are several ongoing research initiatives and clinical trials related to stroke, which aim to improve outcomes and develop new approaches for treating this devastating condition.

1. **Transcranial Direct Current Stimulation (tDCS)**: Researchers are exploring the use of tDCS, a non-invasive form of electrical stimulation, to treat stroke patients. This study aims to assess its effectiveness in stimulating certain areas of the brain during rehabilitation exercises after stroke.

2. **Neuromodulation**: Techniques like deep brain stimulation (DBS) are being tested as potential treatments for stroke. These methods involve surgically implanting electrodes into specific parts of the brain and stimulating those regions to modulate function.

3. **Gene Therapy**: Researchers are studying gene therapies that target genetic factors associated with stroke risk. For example, they aim to modify genes that increase the body’s ability to clear plaque buildup in the arteries, thus reducing the likelihood of stroke.

4. **Stroke Rehabilitation Programs**: Many hospitals and clinics offer specialized"
0.6834194660186768,0.7410695552825928,0.6739200154940287,0.721229076385498,0.2605746388435364,0.59638180154174,1.2424653459997737,1.0,1.0,0.721229076385498,0.675218939781189,0.6723840236663818,0.2872340425531915,0.07526881720430108,0.13829787234042554,0.8799811601638794,0.7760065793991089,0.8247297406196594,59,0.42142857142857143,0.19047619047619047,0.46642889380455016,0.16436588764190674,3,1,1,0,0,0,What are the symptoms of Hypothyroidism ?,Endocrine/Metabolic,"The symptoms of hypothyroidism depend on the severity of the condition. Problems tend to develop slowly, often over several years. At first, you may barely notice the symptoms of hypothyroidism, such as fatigue and weight gain. Or you may think they are just part of getting older. But as your metabolism continues to slow, you may develop more-obvious problems."
0.5337154765923818,0.6101444959640503,0.5104316373666128,0.6506922841072083,0.44593358039855957,0.551395820783415,1.3882775734752515,0.996504034519585,0.3333333333333333,0.6506922841072083,0.8294403553009033,0.7873600125312805,0.2807017543859649,0.03636363636363636,0.14035087719298245,0.894173264503479,0.8735665082931519,0.883749783039093,24,0.7741935483870968,0.3076923076923077,0.40875057876110077,0.2807314097881317,1,1,1,0,0,0,How many people are affected by Hemorrhoids ?,Gastrointestinal,"Hemorrhoids affects approximately 18% of adults worldwide. It is more common among women than men, and most cases develop after the age of 40."
0.4931605060895284,0.5250301361083984,0.35491455097993213,0.6274003386497498,0.4979029496510824,0.970417685664458,2.001252992535121,1.0,0.3333333333333333,0.6274003386497498,0.5520392656326294,0.6985375881195068,0.3145161290322581,0.056910569105691054,0.16129032258064516,0.8138430118560791,0.8448799848556519,0.8290711045265198,129,1.1120689655172413,0.36,0.27716909535229206,-0.09081071615219116,7,1,1,0,0,0,"What are the treatments for Diabetes, Heart Disease, and Stroke ?",Cardiovascular,"Diabetes, Heart Disease, and Stroke are three major conditions that can impact various aspects of a person's life, including their health, quality of life, and functional status. Here's an overview of the main treatments for each:

1. **Stroke:** The treatment for stroke varies depending on the type of stroke and severity. Commonly used therapies include:
   - Thrombolytic therapy (also known as thrombolysis): Administering medications like tissue plasminogen activator (tPA) to dissolve blood clots.
   - Endovascular therapy (percutaneous transluminal angioplasty and stenting): Using balloons, stents, or other devices to reopen narrowed blood vessels.
   - Transcatheter arterial embolization (TAE): Injecting materials into a blocked artery to restore blood flow.
   
2. **Heart Disease:** Treatment for heart disease involves managing risk factors like hypertension, cholesterol, smoking, and obesity, and addressing underlying conditions like"
0.4852425456047058,0.540373682975769,0.43231173356374103,0.5035926103591919,0.5112581253051758,0.6741306958362383,1.564414948864242,0.9370209576709208,0.3333333333333333,0.5035926103591919,0.8380725383758545,0.8295241594314575,0.3739376770538243,0.039886039886039885,0.141643059490085,0.8806183338165283,0.8344054222106934,0.8568892478942871,103,0.42386831275720166,0.4772727272727273,0.39880475103855134,0.16119267046451569,4,1,1,0,0,0,What are the treatments for Osteoporosis ?,Musculoskeletal,"The primary treatments for osteoporosis are bisphosphonates, which work by strengthening and increasing the density of bone tissue. These drugs slow down the breakdown of bone tissue and increase the production of new bone tissue, making it more resistant to fracture. Other options may include hormone replacement therapy, vitamin D supplements, calcium and other minerals, physical therapy, and weight-bearing exercises. Additionally, avoiding smoking and maintaining a healthy lifestyle, such as a balanced diet and regular exercise, can help manage the condition and reduce the risk of fractures. It's important to consult with healthcare providers for personalized recommendations based on individual needs and circumstances."
0.7048736810684204,0.7648347616195679,0.6451381842295328,0.7679480910301208,0.27837357918421424,0.3786776533016078,0.4352396214791162,0.9025379680851061,1.0,0.7679480910301208,0.6693320274353027,0.7987038493156433,0.28125,0.03937007874015748,0.125,0.8660475611686707,0.7404031753540039,0.7983118891716003,74,0.4111111111111111,0.3,0.6095817536115646,0.4400796890258789,1,1,1,0,0,0,What is (are) Graves' Disease ?,Endocrine/Metabolic,"Graves' Disease is a type of autoimmune disorder characterized by hyperthyroidism, which is an overproduction of thyroid hormones by the thyroid gland. This condition results in symptoms such as weight loss, increased heart rate, sweating, difficulty sleeping, and anxiety. Graves' Disease is more common in women and occurs primarily in individuals aged 30-60 years. It is caused by the body's immune system mistakenly attacking healthy thyroid tissue, leading to excessive production of thyroid hormones."
0.5188333988189697,0.5762555599212646,0.3626925051212311,0.5264555215835571,0.37353700399398804,0.8643045024276147,1.52243557824486,1.0,0.3333333333333333,0.5264555215835571,0.3922596275806427,0.5753726363182068,0.19658119658119658,0.055674518201284794,0.09829059829059829,0.816653847694397,0.8306103944778442,0.8235729932785034,149,0.19451697127937337,0.34,0.27992096059024335,-0.0493943989276886,7,1,1,0,0,0,what research (or clinical trials) is being done for Stroke ?,Neurological,"Stroke research and clinical trials focus primarily on improving patient outcomes and reducing the risk of stroke recurrence. Some ongoing studies include:

1. **Mechanical thrombectomy**: This involves the use of a device called an endovascular支架（内血管支架），which is designed to be inserted into a narrowed artery within the brain to remove a clot that has formed there. This procedure is often performed during a stroke and can reduce the likelihood of further damage.

2. **Neuroprotective agents**: Researchers are exploring various neuroprotective medications to inhibit the damage caused by stroke by protecting brain cells from injury and death.

3. **Transcranial magnetic stimulation (TMS)**: TMS is a non-invasive therapy where low-level magnetic fields are used to stimulate specific areas of the brain associated with controlling movement, memory, and emotion.

4. **Endovascular procedures**: These include procedures like stenting and emboli removal that aim to open narrow arteries in the brain and clear clots or"
0.5387155810991923,0.5559595823287964,0.6708236932754517,0.772956132888794,0.36425381898880005,0.35281164433520656,0.6509886882426952,1.0,1.0,0.772956132888794,0.8190046548843384,0.6700749397277832,0.2870662460567823,0.08860759493670886,0.1608832807570978,0.8426324129104614,0.7730843424797058,0.8063615560531616,157,0.33547008547008544,0.5434782608695652,0.4110918272053823,-0.009574656374752522,4,1,1,0,0,0,What is (are) Stroke ?,Cardiovascular,"Stroke is a medical condition characterized by a disruption in blood supply to the brain due to an embolism, thrombosis, or occlusion of a cerebral artery, typically leading to neurological impairment and death. There are two main types of stroke:

1. Acute ischemic stroke: Occurs when there is a blockage in a blood vessel supplying blood to the brain, causing insufficient blood flow.

2. Acute hemorrhagic stroke: Involves bleeding within the cerebral parenchyma without an external source of blood clotting.

Strokes can lead to various complications and disabilities depending on the extent of the damage and where in the brain the blood vessels are blocked. Common complications include:

- Paralysis affecting one side of the body
- Difficulty speaking or swallowing
- Memory loss and confusion
- Emotional changes
- Changes in behavior and self-care
- Pain sensations

Effective treatment involves early recognition, rapid response, and appropriate management to minimize further damage and improve outcomes. Treatment options"
0.3155645827452342,0.3378395736217499,0.28258536756038666,0.38477784395217896,0.4135785301526388,-0.07873177417784692,0.0,0.9067407846883433,0.0,0.38477784395217896,0.6646236181259155,0.8206121921539307,0.022480931352870333,0.0064282844515869825,0.016057808109193095,0.8253669142723083,0.70192551612854,0.758657693862915,38,0.01539708265802269,0.06,0.44226571917533875,0.3894210457801819,2,0,1,0,0,1,What are the treatments for Neuroblastoma ?,Unrelated,"Unfortunately, there is no question or context provided about Neuroblastoma that would lead to an answer about its treatment options. If you could provide more information or a different disease, I'd be happy to help find relevant information."
0.5519970059394836,0.6389005184173584,0.5799878040949503,0.6875041723251343,0.5154617528120677,0.4834621325745145,0.9537503260208966,1.0,0.6666666666666666,0.6875041723251343,0.8070735931396484,0.6881679892539978,0.17279046673286988,0.051741293532338306,0.0913604766633565,0.8286473155021667,0.8068803548812866,0.8176189661026001,147,0.17294117647058824,0.42857142857142855,0.22422626499946302,-0.10255469381809235,10,1,1,0,0,0,What are the treatments for Kidney Disease ?,Kidney/Renal,"Treatment for Kidney Disease includes:

1. **Maintaining a Healthy Lifestyle**: Living a healthy lifestyle helps manage the disease effectively. This includes maintaining a healthy weight, smoking cessation, regular physical activity, avoiding excessive alcohol consumption, and managing medical conditions like hypertension and high cholesterol.

2. **Medication Management**: Non-steroidal anti-inflammatory drugs (NSAIDs) should be taken only under supervision. Taking too much aspirin for a prolonged period can lead to kidney damage.

3. **Lifestyle Changes**: Maintaining a balanced diet rich in fruits, vegetables, lean protein sources, and whole grains, and limiting intake of saturated fats, salt, and refined sugars, can help improve kidney function.

4. **Nutrition**: Eating plenty of fiber-rich foods can help manage blood sugar and reduce the risk of kidney stones. Water consumption should be increased to promote kidney health.

5. **Regular Physical Activity**: Engaging in moderate-intensity exercise can enhance overall health and potentially slow the progression of"
0.5882137815157572,0.6823796033859253,0.3916884660720825,0.4695515036582947,0.4089583158493042,0.48212131496747057,0.5423365472933056,1.0,0.0,0.4695515036582947,0.3163600265979767,0.7017066478729248,0.1722846441947566,0.015094339622641508,0.0898876404494382,0.7970083951950073,0.8201658725738525,0.8084213137626648,157,1.3771929824561404,0.20833333333333334,0.37410789728164673,-0.11043746024370193,9,1,1,0,0,0,What is (are) High Blood Pressure ?,Cardiovascular,"High blood pressure (hypertension), also known as hypertension, refers to an abnormally high blood pressure level that occurs when the heart has to work extra hard to pump blood throughout the body.

There are generally three main forms of high blood pressure:

1. **Elevated systolic pressure** - This is the highest pressure reading taken during a blood pressure check. It indicates the pressure on the arterial walls while the heart beats.
   
2. **Diastolic pressure** - This is the second highest pressure reading taken during a blood pressure check. It describes the pressure between beats.

3. **Diastolic pressure** - This is the lowest pressure reading taken during a blood pressure check. It indicates the pressure on the arterial walls after the heart has stopped beating.

In addition to these two measurements, there are different stages of high blood pressure based on the systolic pressure alone. When the systolic pressure is 140 mmHg or higher, or when the diastolic"
0.5427743991216024,0.6904004812240601,0.46085641781489056,0.6061349511146545,0.3554981748263041,0.08285283133133096,0.10215088509654197,1.0,0.3333333333333333,0.6061349511146545,0.690197765827179,0.7885330319404602,0.1917808219178082,0.05555555555555555,0.1232876712328767,0.8120042085647583,0.8437355756759644,0.8275658488273621,82,1.3015873015873016,0.2,0.6629154980182648,0.5055893063545227,0,1,1,0,0,0,Who is at risk for Stroke? ?,Cardiovascular,"The risk of stroke can vary depending on several factors, including age, race or ethnicity, sex, personal or family history, and other risk factors such as high blood pressure, obesity, physical inactivity, heavy or binge drinking, use of illegal drugs, high cholesterol, obstructive sleep apnea, cardiovascular disease, COVID-19 infection, other factors associated with stroke, and smoking. Additionally, some risk factors cannot be completely controlled, such as age, sex, and race or ethnicity, while others can be managed through lifestyle changes or medications."
0.30059779683748883,0.3753434717655182,0.2902895013491313,0.3372211456298828,0.40014320611953735,0.0,0.0,0.9629834320669527,0.0,0.3372211456298828,0.7777107954025269,0.6166490316390991,0.3282051282051282,0.07253886010362695,0.1846153846153846,0.8622820377349854,0.8550015091896057,0.8586263656616211,103,1.1318681318681318,0.42857142857142855,0.21668512672185897,0.06311333924531937,5,1,1,0,0,0,What is (are) Hemochromatosis ?,Endocrine/Metabolic,"Hemochromatosis is an autosomal dominant genetic disorder characterized by excessive accumulation of iron in the body due to mutations in the HFE gene. It affects multiple organs including the heart, liver, pancreas, and kidneys. Individuals with hemochromatosis typically show signs of liver disease, such as jaundice, cirrhosis, or end-stage liver failure. There is no specific treatment available to reverse the effect of iron accumulation; however, dietary changes, regular monitoring, and possibly medication might help manage some of its associated complications. Genetic counseling is crucial for individuals considering prenatal testing or organ donation, as there may be risks involved if one partner is affected."
0.35449541608492535,0.3833794593811035,0.4200452963511149,0.5347673296928406,0.5826478203137715,0.49397490874675826,1.335700106408954,0.9223276804199453,0.3333333333333333,0.5347673296928406,0.29353705048561096,0.685021162033081,0.15450643776824036,0.0,0.10300429184549356,0.8256417512893677,0.7977902889251709,0.8114771246910095,79,0.5,0.034482758620689655,0.5202117711305618,0.38419705629348755,2,0,1,0,0,1,What is (are) Problems with Smell ?,Unrelated,"Problems with smell are a common symptom of Alzheimer's disease and other forms of dementia. The changes in the brain caused by these diseases can affect the ability to smell substances like alcohol, medications, or chemicals. This can make it difficult for individuals with Alzheimer's disease to remember where they put their belongings, for example. Other common symptoms of smell problems in dementia patients include confusion and disorientation, difficulty distinguishing between smells, and an inability to recognize familiar scents."
0.2720256845156352,0.3183721601963043,0.2693704018990199,0.2948722243309021,0.5942208170890808,0.14090386823204806,0.24196521048577255,1.0,0.0,0.2948722243309021,0.8148513436317444,0.7574275732040405,0.3069306930693069,0.09452736318407962,0.19801980198019803,0.8387690782546997,0.7577278017997742,0.7961915731430054,153,0.5930232558139535,0.25,0.15679868403822184,-0.03265666216611862,12,0,1,0,0,1,What is (are) Endometrial Cancer ?,Unrelated,"Endometrial cancer refers to a type of gynecological cancer that starts in the lining of the uterus (the womb). This type of cancer typically affects women after menopause. However, some young women may develop this cancer before reaching menopause due to hormonal changes brought on by puberty.

There are several types of endometrial cancer:

1. Adenocarcinoma - This type accounts for the majority of cases and is the most common type of endometrial cancer. It originates from glandular tissue within the lining of the uterus.
2. Squamous cell carcinoma - Also known as squamous endometrial cancer, this type involves the growth of squamous epithelial cells instead of the normal glandular cells found in the uterine lining.
3. Basal cell carcinoma - This type is less common but still important to recognize because it occurs in a similar manner to adenocarcinoma, although it arises from basal cells instead of glandular cells.
4. Transitional cell"
0.6752680540084839,0.7066491842269897,0.6030504107475281,0.64483243227005,0.31431667009989417,0.5962692392615873,1.1239307517882413,0.9757628089958416,1.0,0.64483243227005,0.6202365756034851,0.7701658010482788,0.06122448979591836,0.020833333333333332,0.06122448979591836,0.8088057041168213,0.8058650493621826,0.8073326945304871,82,8.2,0.18181818181818182,0.5231170554955801,0.33529505133628845,2,1,1,0,0,0,What is (are) Heart Failure ?,Cardiovascular,"Heart failure refers to a condition where the heart is unable to pump sufficient amounts of blood throughout the body due to various factors such as weakened heart muscles, blockages in the coronary arteries, high blood pressure, heart valve dysfunction, inflammation of the heart muscle, irregular heart rhythms, and congenital heart defects. It can lead to symptoms like shortness of breath, swelling in the legs, and fatigue. Treatment options include lifestyle changes, medication adjustments, and sometimes surgery or a heart assist device."
0.6418195764223734,0.6599841117858887,0.7430412371953329,0.8444744348526001,0.25209013621012366,0.3409665967573567,0.35643887516276934,0.948505975883094,1.0,0.8444744348526001,0.6097211241722107,0.7058509588241577,0.11846689895470383,0.021052631578947368,0.09756097560975609,0.833191990852356,0.7754545211791992,0.8032870888710022,40,0.1568627450980392,0.08333333333333333,0.5320734679698944,0.4458656907081604,1,1,1,0,0,0,What is (are) Alzheimer's Disease ?,Neurological,"Alzheimer's disease is a condition where the brain develops abnormal deposits of beta-amyloid proteins and tau proteins, disrupting normal communication between brain cells. This leads to the gradual loss of neurons and ultimately results in brain shrinkage and cognitive decline."
0.6991770466168722,0.759368896484375,0.7687878410021464,0.8530043959617615,0.22363605101903283,0.6313283500631622,0.9990146245609031,0.9936550023768964,1.0,0.8530043959617615,0.7519700527191162,0.7417856454849243,0.1492537313432836,0.038543897216274096,0.08955223880597016,0.8467655181884766,0.7058236598968506,0.7698973417282104,60,0.14962593516209477,0.1956521739130435,0.6612553298473358,0.5261455774307251,0,1,1,0,0,0,Who is at risk for Metabolic Syndrome? ?,Endocrine/Metabolic,"People who are older (age), Hispanic, obese, diabetic during pregnancy, or if they have a family history of type 2 diabetes. Additionally, those with other diseases like steatotic liver disease, polycystic ovary syndrome, and sleep apnea, and those who do not engage in regular physical activity and have an unhealthily diet may also be at increased risk for metabolic syndrome."
0.5700700283050537,0.617848813533783,0.44215386112531024,0.48107218742370605,0.339558482170105,0.29610181939404256,0.486524696347428,0.9998574144583922,0.0,0.48107218742370605,0.6318612098693848,0.6978130340576172,0.24158415841584158,0.03578528827037774,0.12673267326732676,0.8251155018806458,0.8078067302703857,0.816369354724884,140,0.38997214484679665,0.24444444444444444,0.3288563286716288,0.09837156534194946,10,1,1,0,0,0,What is (are) Rheumatoid Arthritis ?,Musculoskeletal,"Rheumatoid Arthritis (RA) is a chronic autoimmune disorder that affects the joints, causing inflammation, pain, swelling, and deformity. It also affects other parts of the body such as the skin, heart, lungs, and eyes. The exact cause of RA is not fully understood, but it's believed to be due to an immune system attack against healthy tissue.

The disease typically starts in young adulthood, often affecting the hands, wrists, knees, hips, and ankles first. However, it can affect any part of the body, including the feet, spine, and jaw. Symptoms include:

1. Joint pain and tenderness
2. Swelling of the affected joints
3. Redness and warmth around the joint area
4. Morning stiffness lasting from 30 minutes to several hours
5. Fatigue and weakness

RA can be managed through various treatment options, including medication (steroids, non-steroidal anti-inflammatory drugs (NSAIDs), biologic"
0.6057518323262533,0.6323435306549072,0.6342246333758036,0.7711211442947388,0.3710613052050272,0.34715681541059856,0.7659510191084978,0.8927815083223813,0.6666666666666666,0.7711211442947388,0.7616134881973267,0.6353327035903931,0.34201954397394135,0.09150326797385622,0.1563517915309446,0.8577165603637695,0.8373212218284607,0.847396194934845,156,0.3406113537117904,0.6304347826086957,0.30742607414722445,-0.15826347470283508,9,1,1,0,0,0,What is (are) Osteoporosis ?,Endocrine/Metabolic,"Osteoporosis is a condition where there is decreased bone density and structural changes within the bones. It primarily affects postmenopausal women and older adults, but can also occur in younger individuals due to factors such as genetics, certain medications, or chronic disease. The main symptoms of osteoporosis include:

1. Back pain: This pain may be caused by a broken or compressed bone in the spine.
2. Loss of height: Over time, osteoporosis causes the bones to break down more quickly than they can grow back.
3. Sudden weight loss or gain
4. A bone that breaks much more easily than expected: This could happen during physical activities like exercise or falling.
5. Increased risk of fractures: As the bones become weaker, the risk of breaking increases significantly.
6. Decreased muscle mass: Weak bones make it harder for muscles to work properly, leading to fatigue and reduced strength.
7. Unexplained falls: Osteoporosis increases the likelihood of falls"
0.6856913566589355,0.7118179798126221,0.7936652700106303,0.8521227836608887,0.20786348978678382,0.25010875305374897,0.5659652139329542,0.9731803723162137,1.0,0.8521227836608887,0.7438375949859619,0.7076144218444824,0.3795620437956204,0.125,0.21897810218978103,0.8877512216567993,0.8167134523391724,0.8507519960403442,90,0.4787234042553192,0.358974358974359,0.4366613894701004,0.15614129602909088,2,1,1,0,0,0,What is (are) Lupus ?,Musculoskeletal,"Lupus is an autoimmune disorder characterized by inflammation of various organs and tissues throughout the body. It can affect any part of the body, but it commonly affects the skin, joints, lungs, heart, kidneys, and brain. The exact cause of lupus is unknown, but it is believed to involve a complex interplay between genetic factors, environmental triggers, and immune system dysfunction. There is no cure for lupus, but treatments can help manage symptoms and slow the progression of the disease. Common treatment options include medications, physical therapy, and lifestyle modifications."
0.7085285782814026,0.7666497230529785,0.7792957226435343,0.8553761839866638,0.32317815224329627,0.2588257459052162,0.5923075904753825,1.0,1.0,0.8553761839866638,0.8147963285446167,0.8215646147727966,0.2522522522522523,0.02727272727272727,0.14414414414414414,0.8781384229660034,0.7629461288452148,0.8164994120597839,50,0.29069767441860467,0.225,0.6077958246072134,0.3569202125072479,1,1,1,0,0,0,What causes Bronchitis ?,Respiratory,"Bronchitis is caused by various types of infections including viral infections like influenza and colds, bacterial infections, and environmental irritants such as pollutants. It can also be triggered by smoking. In addition, some people may develop chronic bronchitis, which is a persistent inflammation of the bronchial tubes due to smoking."
0.6476345260938009,0.6690683364868164,0.6289825836817423,0.7662652134895325,0.31381318966547644,0.470306587772178,0.8129801493190091,0.9455114856070903,1.0,0.7662652134895325,0.7564317584037781,0.7296754121780396,0.12140575079872205,0.02988260405549626,0.07667731629392971,0.8705770373344421,0.7526758909225464,0.8073447346687317,75,0.09014423076923077,0.28,0.5698143169283867,0.21912238001823425,1,1,1,0,0,0,What is (are) Atrial Fibrillation ?,Cardiovascular,"Atrial fibrillation (AFib) is an irregular and often very rapid heart rhythm caused by abnormal electrical activity in the upper chambers of the heart (atria). This irregular rhythm can lead to blood clots in the heart, increased risk of stroke, heart failure, and other complications. Symptoms can vary from no noticeable symptoms to episodes that last minutes to hours. Treatment options for AFib typically include medications, cardiac pacing or defibrillation devices, and sometimes surgical interventions."
0.6155603726704916,0.6570487022399902,0.6265181104342142,0.7126849293708801,0.2954388658205668,0.4738352286619567,1.0279363569553903,0.9928936545273794,1.0,0.7126849293708801,0.7327003479003906,0.7363843321800232,0.3412698412698412,0.104,0.19047619047619044,0.8687697052955627,0.7771590948104858,0.8204149007797241,88,0.5146198830409356,0.3157894736842105,0.39198969304561615,0.22172695398330688,3,1,1,0,0,0,What are the symptoms of Short Bowel Syndrome ?,Gastrointestinal,"Short bowel syndrome (SBS) refers to a condition characterized by a reduction in the length of the small intestine due to damage or malformation. It results from the failure of the body to form new small intestine tissues after injury, which leads to reduced nutrient absorption and potential complications such as dehydration and electrolyte imbalances. However, there are no specific symptoms associated with short bowel syndrome; instead, the main symptom is the inability to absorb nutrients effectively. This leads to significant issues in digestion, metabolism, and overall health."
0.5181397497653961,0.6147133111953735,0.38235633571942645,0.4584176242351532,0.332605262597402,0.2835337072177735,0.6078269114367844,0.9094803297483461,0.0,0.4584176242351532,0.6928947567939758,0.7591803073883057,0.3383084577114428,0.07035175879396985,0.13930348258706468,0.842399001121521,0.8815778493881226,0.8615432381629944,136,2.2295081967213113,0.7391304347826086,0.26919179203520927,-0.043715961277484894,10,1,1,0,0,0,What are the treatments for Osteoarthritis ?,Musculoskeletal,"Treatment options for osteoarthritis include:

  1. Medications: Nonsteroidal anti-inflammatory drugs (NSAIDs) such as ibuprofen or naproxen can relieve pain and reduce swelling. Also used are corticosteroids injections into affected areas to reduce inflammation.
  2. Physical therapy: This helps strengthen muscles around the affected joint, reducing stress on the joint.
  3. Weight management: Maintaining a healthy weight can help ease pressure on the joints.
  4. Surgery: Sometimes surgery is necessary to repair damaged cartilage or remove bone spurs.
  5. Lifestyle changes: Including exercise, staying active, eating a healthy diet, and avoiding smoking can all help manage the condition and improve joint health.
  6. Injections: In some cases, corticosteroid injections can provide temporary relief of joint pain and swelling.

It's important to note that while treatment options can help alleviate pain and improve joint function, they cannot reverse"
0.47352556387583417,0.5163176655769348,0.49350687861442566,0.5195920467376709,0.3037265737851461,0.08117038529088288,0.08406438415262654,0.9973728447022396,0.3333333333333333,0.5195920467376709,0.6080273389816284,0.6986647248268127,0.0975609756097561,0.012345679012345678,0.07317073170731707,0.8025895357131958,0.8599436283111572,0.8302772641181946,144,8.0,0.5,0.21238972033773149,-0.13664358854293823,13,1,1,0,0,0,What to do for Kidney Dysplasia ?,Kidney/Renal,"Kidney dysplasia is a rare genetic disorder that affects the kidneys and causes them to grow abnormally. There is no specific treatment for kidney dysplasia; however, some measures can help manage its symptoms:

1. **Monitor Blood Pressure**: High blood pressure can worsen kidney dysfunction. Regular monitoring of blood pressure is recommended to manage this symptom.

2. **Nutritional Support**: Proper nutrition is crucial for maintaining good kidney health. Avoiding excessive sodium intake and ensuring adequate water intake can help reduce the burden on the kidneys.

3. **Avoid Potassium**: Potassium is a necessary nutrient, but consuming too much can increase blood pressure and affect heart health. Monitor potassium intake carefully.

4. **Medication Management**: Depending on the severity of kidney dysplasia, medications like angiotensin-converting enzyme inhibitors (ACE inhibitors) or angiotensin receptor blockers (ARBs) might be prescribed to control hypertension.

5. **Regular Check-ups**: Keeping close tabs on kidney"
0.6095498402913412,0.6389005184173584,0.45522041122118634,0.4760037660598755,0.37851178646087646,0.36457202962325513,0.4148141962925107,0.9683072093004274,0.0,0.4760037660598755,0.4530588388442993,0.8106701970100403,0.12778603268945024,0.014903129657228018,0.0713224368499257,0.807353138923645,0.7745109796524048,0.7905911207199097,128,0.22338568935427575,0.1875,0.20216890249866992,-0.09587126225233078,14,1,1,0,0,0,What are the treatments for Kidney Disease ?,Kidney/Renal,"The treatments for Kidney Disease depend on the underlying cause of the disease. However, some common treatments include:

1. Lifestyle changes:
   - Maintaining a healthy weight through regular physical activity and balanced diet.
   - Avoiding smoking and reducing exposure to secondhand smoke.
   - Quitting alcohol if necessary.
   - Managing stress through relaxation techniques like meditation or yoga.

2. Medications:
   - Non-steroidal anti-inflammatory drugs (NSAIDs) to manage pain and inflammation.
   - Angiotensin-converting enzyme (ACE) inhibitors or angiotensin receptor blockers (ARBs) to reduce blood pressure.
   - Blood thinners to prevent clots.
   - Antibiotics to treat infections.
   - Hypoglycemic agents to manage diabetes.
   - Insulin therapy to manage diabetes if appropriate.
   - Corticosteroids to relieve inflammation.
   
3. Dialysis:
   - A process used when kidney function has become so impaired that no"
0.565658450126648,0.6825350522994995,0.3255993326505025,0.33915096521377563,0.3083212375640869,0.17114088626919832,0.21140221709706053,0.9896435350934958,0.0,0.33915096521377563,0.3979335427284241,0.6980440616607666,0.1900826446280992,0.024861878453038676,0.10192837465564739,0.8217057585716248,0.7882599234580994,0.8046354055404663,162,0.29136690647482016,0.25,0.41584773196114433,-0.12081931531429291,4,1,1,0,0,0,What is (are) Diabetes ?,Endocrine/Metabolic,"Diabetes refers to a group of metabolic disorders characterized by high levels of blood sugar (glucose). There are two main types:

1. **Type 1 Diabetes**: Also known as juvenile diabetes or insulin-dependent diabetes, this condition occurs due to insufficient production of insulin by the pancreas. The immune system attacks the beta cells, which are responsible for producing insulin, leading to the inability of the body to regulate blood sugar levels effectively.

2. **Type 2 Diabetes**: More common among adults but also seen in children, it's caused by resistance to insulin by the body's own cells (insulin-resistant). This happens when the pancreas stops making enough insulin or when the body becomes resistant to its effects, resulting in elevated blood glucose levels.

Both types can lead to serious health complications if left untreated, including complications related to cardiovascular disease, nerve damage, kidney failure, and blindness. Early detection and management through regular check-ups and adherence to a healthy lifestyle are crucial for preventing these complications."
0.715857724348704,0.7614861726760864,0.5006620287895203,0.6952995657920837,0.2518587509791056,0.7483944232787422,1.2692678351500768,0.8518243236214957,0.3333333333333333,0.6952995657920837,0.6630030274391174,0.7699551582336426,0.268370607028754,0.04501607717041801,0.15335463258785942,0.8527774810791016,0.7884604930877686,0.819358766078949,116,0.5918367346938775,0.20689655172413793,0.4172869722048442,0.3211401700973511,5,1,1,0,0,0,What is (are) Polycystic Kidney Disease ?,Kidney/Renal,"Polycystic kidney disease (PKD) is a genetic disorder characterized by the formation of multiple small cysts in various parts of the body, primarily affecting the kidneys. These cysts typically develop over time, causing progressive renal impairment and potentially leading to end-stage kidney failure. PKD is a multifactorial condition that can be influenced by environmental factors, genetic predispositions, and lifestyle choices, such as diet and exercise habits. It is an inherited condition and is typically passed down through families. While the exact causes of PKD remain unclear, studies suggest that mutations in specific genes within the human genome play a significant role in its development and progression. Additionally, PKD can also occur spontaneously, known as sporadic PKD."
0.6377715667088827,0.693362832069397,0.6054347157478333,0.7145207524299622,0.463522752126058,0.27039175538882826,0.498803734408251,1.0,1.0,0.7145207524299622,0.7061437964439392,0.7984753847122192,0.102112676056338,0.02821869488536155,0.06866197183098592,0.8759037256240845,0.8039916753768921,0.8384084701538086,94,0.08818011257035648,0.18,0.6847076416015625,0.6043416261672974,0,1,1,0,0,0,What causes Gout ?,Musculoskeletal,"Gout occurs when urate crystals accumulate in your joint, causing the inflammation and intense pain of a gout attack. This accumulation is primarily caused by an imbalance between the production of uric acid in your body and its elimination from your system. The exact mechanism involves the breakdown of purines - natural compounds produced by your body - which contribute to uric acid formation. High levels of uric acid, resulting from insufficient excretion by your kidneys, lead to an increase in urate crystals accumulating in the tissues around your joints, leading to gout attacks."
0.5246313512325287,0.5774345397949219,0.5207853019237518,0.5454562902450562,0.41317903995513916,0.483679698640836,0.7602889226924165,1.0,0.6666666666666666,0.5454562902450562,0.8269668817520142,0.7897467613220215,0.12461059190031153,0.06269592476489029,0.08099688473520249,0.8782880902290344,0.8012054562568665,0.8379778861999512,24,0.08053691275167785,0.16326530612244897,0.5322710871696472,0.5322710871696472,0,1,1,0,0,0,What is (are) Colorectal Cancer ?,Gastrointestinal,Colorectal cancer refers to both types of cancer that begin in the colon (large intestine) and the rectum (last part of the digestive tract).
0.5560567180315653,0.6105745434761047,0.3874136606852214,0.4225126802921295,0.339558482170105,0.23014710261478002,0.26412457143719315,1.0,0.0,0.4225126802921295,0.6952714323997498,0.763098955154419,0.2892561983471075,0.06224066390041494,0.14462809917355374,0.8406996726989746,0.8279870748519897,0.8342949151992798,151,0.44807121661721067,0.4666666666666667,0.3102745379321277,-0.005972275510430336,9,1,1,0,0,0,How to diagnose Rheumatoid Arthritis ?,Musculoskeletal,"Rheumatoid arthritis (RA) is diagnosed through several methods including:

1. Medical history review: The physician reviews your personal medical history and family history to identify any previous symptoms of RA. This includes details about the onset of symptoms, duration, and progression of the disease.

2. Physical examination: A thorough physical examination by the healthcare provider will be conducted, which may include evaluation of the joints, skin, and other areas affected by the condition. This helps in identifying any signs of inflammation and swelling that are characteristic of RA.

3. Laboratory tests:
   - Blood tests like complete blood count (CBC), erythrocyte sedimentation rate (ESR), and C-reactive protein (CRP) can measure inflammation levels in the body.
   - Rheumatoid factor (RF) can help determine if antibodies against the immune system are present in the blood, which is often seen in RA.
   - Antinuclear antibody test (ANA) can show if certain specific proteins are present"
0.5345957279205322,0.6067546010017395,0.5873967607816061,0.7996083498001099,0.3705992897351583,0.4304454238833418,0.9674861447519928,0.8603132978477411,0.6666666666666666,0.7996083498001099,0.8364974856376648,0.7015945315361023,0.36900369003690037,0.08178438661710037,0.2066420664206642,0.8698103427886963,0.802621066570282,0.8348660469055176,102,0.576271186440678,0.25,0.5528893589973449,0.3508896827697754,1,1,1,0,0,0,What is (are) Cirrhosis ?,Gastrointestinal,"Cirrhosis is a serious liver disease characterized by inflammation and scarring of the liver tissue. This process results in the development of scar tissue, which can cause damage to surrounding tissues and organs. The severity of the condition depends on how far the liver has been damaged and what factors contributed to its onset, such as long-term exposure to alcohol or viral infections. Treatment options for cirrhosis may vary depending on the underlying cause and extent of liver damage. It is important to seek prompt medical attention if you suspect you may be suffering from cirrhosis to ensure appropriate diagnosis and management."
0.660559078057607,0.6901317834854126,0.7634691198666891,0.8257123231887817,0.27181053161621094,0.5545914592010548,1.0021055996360697,0.9974540355108952,1.0,0.8257123231887817,0.8034453392028809,0.7722660899162292,0.1739130434782609,0.054231717337715694,0.09844134536505333,0.8450137376785278,0.8285484313964844,0.8367000818252563,148,0.13857677902621723,0.42,0.8160672783851624,0.8160672783851624,0,1,1,0,0,0,What are the symptoms of Parkinson's Disease ?,Neurological,"The symptoms of Parkinson's Disease can vary greatly from person to person, but some common ones include:

  * Tremors, which are rhythmic shaking usually starting in the hands or fingers but spreading to other parts of the body (such as the feet or jaw)
  * Slowed movement, making simple tasks more difficult, such as getting out of a chair, showering, or getting dressed
  * Rigidity in muscles, causing your arms to move shorter and jerkingly
  * Loss of automatic movements like blinking or smiling
  * Changes in speech, such as speaking softly or quickly, slurring, or having difficulty articulating words
  * Changes in writing, such as being cramped and small
  * Difficulty with thinking, memory, and reasoning, leading to dementia or other conditions affecting thinking
  * Problems with emotions, including irritability, concern, depression, and anxiety
  * Difficulties with bladder, such as urgency and inability to pass stool regularly"
0.6433218121528625,0.6954805850982666,0.6712384819984436,0.760215699672699,0.2265737851460775,0.6165959133682745,0.9099428586766465,1.0,1.0,0.760215699672699,0.8110761642456055,0.8431065082550049,0.31718061674008813,0.04444444444444444,0.14096916299559473,0.8458302021026611,0.7871077060699463,0.8154130578041077,98,0.7716535433070866,0.36363636363636365,0.3774826443857617,0.22430281341075897,7,1,1,0,0,0,What are the symptoms of Metabolic Syndrome ?,Endocrine/Metabolic,"Symptoms of metabolic syndrome can include:

1. Large waist size (also known as central obesity)
2. High blood sugar
3. Being thirsty more frequently than normal
4. Experiencing frequent urination compared to normal
5. Feeling very tired, especially after a meal
6. Having blurry vision or difficulty seeing clearly

These symptoms are often associated with the syndrome but not all individuals will experience them. Some may also develop other complications if they do not take necessary steps to manage their condition. Regular monitoring by a healthcare provider is essential for early detection and effective management of metabolic syndrome."
0.6223288575808207,0.669590950012207,0.6645492315292358,0.7983584403991699,0.33425007263819373,0.500810116857021,0.9152312620472063,0.9523917879423774,1.0,0.7983584403991699,0.8752355575561523,0.7314081788063049,0.4657534246575343,0.13888888888888887,0.2602739726027397,0.8918583989143372,0.8934316635131836,0.8926444053649902,79,1.2741935483870968,0.4444444444444444,0.5789384245872498,0.2684396505355835,1,1,1,0,0,0,What is (are) Parkinson's Disease ?,Neurological,"Parkinson's disease is a movement disorder of the nervous system that worsens over time. It affects the brain and the nerves that connect it to muscles throughout the body. The primary symptom of Parkinson's disease is a steady decrease in motor function over time. Other symptoms include tremors, difficulty walking, stiffness, and problems with coordination and balance. While Parkinson's disease cannot be cured, treatment options like medications and physical therapy can help manage symptoms and improve quality of life."
0.47689225276311237,0.4984608292579651,0.4874785343805949,0.5783980488777161,0.5355266729990642,0.11334311842862181,0.1501130663781123,0.9510053346891824,0.6666666666666666,0.5783980488777161,0.8217993378639221,0.7895681858062744,0.26119402985074625,0.05263157894736842,0.16417910447761194,0.8722151517868042,0.8343256711959839,0.8528497815132141,71,0.3604060913705584,0.15151515151515152,0.5281390647093455,0.4257805645465851,1,1,1,0,0,0,What causes Hemochromatosis ?,Endocrine/Metabolic,"The primary cause of hemochromatosis is the inability of the body's iron-sulfur enzyme, ferrochelatase, to efficiently bind and eliminate excess iron. This results in excessive accumulation of iron in various tissues throughout the body, particularly in the liver, where it can cause significant damage and eventually lead to cirrhosis. The exact mechanisms involved in the development of hemochromatosis are complex and involve multiple factors, including genetics, environmental exposures, and dietary habits."
0.7119112213452657,0.7928351759910583,0.7641183137893677,0.9279240369796753,0.2850131392478943,0.42038812610006276,1.01516892882984,1.0,1.0,0.9279240369796753,0.8944134712219238,0.7448439598083496,0.411764705882353,0.11851851851851852,0.21323529411764705,0.8595872521400452,0.7347689867019653,0.7922922372817993,140,1.1111111111111112,0.7777777777777778,0.24290910153649747,-0.09021131694316864,12,1,1,0,0,0,How to prevent Cardiomyopathy ?,Cardiovascular,"To prevent inherited types of cardiomyopathy, inform your healthcare provider if you have a family history of the condition. Lifestyle modifications can help lower the risk of acquired types of cardiomyopathy, caused by other factors like high blood pressure, high cholesterol, or diabetes. Examples include:

1. Avoiding alcohol and illegal drugs such as cocaine.
2. Managing other health conditions like hypertension, hyperlipidemia, or type 2 diabetes.
3. Adopting a heart-healthy diet with a focus on eating fruits, vegetables, and whole grains.
4. Engaging in regular physical activity.
5. Ensuring adequate sleep each night.
6. Reducing stress through relaxation techniques or joining social support groups.

For inherited cardiomyopathy, genetic counseling may be beneficial to learn more about familial risks and potential preventive measures. Regular medical checks and updates with healthcare professionals are essential to detect any progression or complications early on."
0.7108851869901022,0.7258124351501465,0.7217164039611816,0.8030015230178833,0.34002041816711426,0.504988959886434,1.1175008647409115,0.9274894003964969,1.0,0.8030015230178833,0.8016372919082642,0.7611273527145386,0.39365079365079364,0.1022364217252396,0.24126984126984125,0.8847454786300659,0.8540198802947998,0.869111180305481,126,0.6702127659574468,0.5,0.41931602145944324,0.2220340520143509,4,1,1,0,0,0,What is (are) Ankylosing Spondylitis ?,Musculoskeletal,"Ankylosing spondylitis (AS) is a chronic autoimmune disorder that primarily affects the spine, causing inflammation in the joints of the spine, hips, knees, and ankles. It's also associated with inflammation in other parts of the body, including the eyes. The exact cause of ankylosing spondylitis is not fully understood, but it likely involves a combination of genetic and environmental factors. As mentioned earlier, symptoms usually start in early adulthood, although they can occur at any age. The disease is progressive, meaning it worsens over time unless managed effectively. Treatment options aim to control symptoms, reduce joint damage, and prevent further complications. While there is no cure for ankylosing spondylitis, ongoing care management and adherence to treatment plans can significantly improve quality of life for those affected."
0.6681572397549947,0.728040874004364,0.649308462937673,0.8220186233520508,0.25718585650126136,0.2636487912153925,0.5102110594985697,0.9948443209831416,1.0,0.8220186233520508,0.8723323345184326,0.705540657043457,0.4868035190615836,0.08849557522123894,0.21700879765395895,0.8891821503639221,0.8652141094207764,0.8770344257354736,144,0.75,0.6666666666666666,0.5422399252653122,0.19347089529037476,4,1,1,0,0,0,What is (are) Bursitis ?,Musculoskeletal,"Bursitis is a painful condition that affects the small, fluid-filled sacs known as bursae located near the joints. These bursae provide cushioning between bones, tendons, and muscles. When these bursae become inflamed due to various factors like strain or trauma, they can lead to inflammation and pain. Bursitis can affect different body areas such as the shoulder, elbow, hip, knee, ankle, heel, and even the big toe.

The symptoms of bursitis vary depending on the location. Common signs include localized swelling, pain, redness, warmth, restricted movement, and discomfort when moving the joint. Causes may include overuse of the affected area, repetitive motions, injury, infection, or certain types of arthritis.

Diagnosis of bursitis typically involves physical examination and imaging tests if necessary. Imaging options might include X-rays, ultrasound, or MRI scans. Treatment aims at reducing inflammation and improving function by applying heat therapy, rest, ice,"
0.570963184038798,0.6305987238883972,0.5547503133614858,0.6746854782104492,0.4083372553189596,0.4176415102221344,0.8562322332862018,0.9708769005676315,0.6666666666666666,0.6746854782104492,0.45498162508010864,0.5762736797332764,0.14522292993630576,0.05363984674329502,0.08152866242038218,0.8466911315917969,0.6951493620872498,0.7634729743003845,77,0.1056241426611797,0.26,0.6355666071176529,0.5535067319869995,0,1,1,0,0,0,Who is at risk for Colorectal Cancer? ?,Gastrointestinal,"People with an average risk of colon cancer should start colon cancer screening around age 45. However, people with an increased risk of colon cancer should consider starting screening earlier. People with an increased risk include those with a family history of colon cancer, as well as individuals who consume a low-fiber, high-fat diet, smoke, or drink alcohol excessively. Additionally, people with inflammatory bowel diseases such as ulcerative colitis or Crohn's disease may have an increased risk."
0.5787788232167562,0.6195396780967712,0.7291468779246012,0.8515347242355347,0.34663101037343347,0.21474797550237343,0.3445246710320956,0.9873697700882911,1.0,0.8515347242355347,0.7415089011192322,0.6204508543014526,0.44375000000000003,0.15094339622641512,0.20625000000000002,0.8660007119178772,0.8696865439414978,0.8678396940231323,147,0.875,0.4444444444444444,0.5441419548458524,0.2167765200138092,4,1,1,0,0,0,What is (are) Dementia ?,Neurological,"Dementia is a group of symptoms that affect memory, thinking, and social abilities. It interferes with a person's daily life. There are several diseases that can lead to dementia, including Alzheimer's disease. However, memory loss by itself does not always indicate dementia; it could also be caused by various conditions such as depression or sleep disorders. If memory loss is accompanied by other cognitive or behavioral changes, it may be a sign of dementia. 

The diagnosis of dementia typically involves a comprehensive evaluation by healthcare professionals who will take into account both the patient's history and their symptoms. This evaluation often includes physical exams, cognitive tests like the Mini-Mental State Examination (MMSE), and sometimes imaging studies such as MRI scans or CT scans. Treatment options for dementia vary depending on its underlying cause and stage. Early detection and management can significantly improve outcomes for people with dementia."
0.5128661493460337,0.5335721373558044,0.5442518591880798,0.5777601003646851,0.3801149527231852,0.7962672791906956,1.1640622330786972,0.9811768319952412,1.0,0.5777601003646851,0.6663591861724854,0.7829241752624512,0.2803738317757009,0.0380952380952381,0.13084112149532712,0.845647931098938,0.8610291481018066,0.8532692790031433,56,1.1666666666666667,0.1875,0.484051634867986,0.4008742570877075,2,1,1,0,0,0,How many people are affected by Kidney Dysplasia ?,Kidney/Renal,"The question does not provide enough context or specific details to answer how many people are affected by Kidney Dysplasia. It appears to be a random question unrelated to the given categories of ""kidney cancer"" and ""nephrotic syndrome."" To accurately address this question, additional information is needed regarding the prevalence or incidence rates of Kidney Dysplasia."
0.6308455268541971,0.6511684656143188,0.6904908418655396,0.7982606887817383,0.35425615310668945,0.39991745953793134,0.4915557302119013,0.9664087236582783,0.6666666666666666,0.7982606887817383,0.788710355758667,0.7395524978637695,0.29605263157894735,0.052980132450331126,0.14473684210526314,0.8519259095191956,0.8294414281845093,0.8405333161354065,90,0.4326923076923077,0.4473684210526316,0.45045730471611023,0.21685531735420227,3,1,1,0,0,0,What is (are) Alzheimer's Disease ?,Neurological,"Alzheimer's disease is a neurodegenerative disorder that typically begins in middle age or later, causing memory loss, confusion, disorientation, and difficulty performing everyday tasks. The exact cause is unknown, though genetics play a role. It's estimated that up to 5% of older Americans and almost 10% of older Canadians will experience mild cognitive impairment (MCI), which precedes dementia. The diagnosis of Alzheimer's disease is confirmed through biomarkers showing amyloid-beta plaques and tau tangles in the brain. Treatment options are primarily focused on managing symptoms rather than reversing the underlying pathology."
0.5348010261853536,0.5653501152992249,0.6189259092013041,0.6668142080307007,0.2959180474281311,0.7553088591629261,1.650418597197778,0.976739315796026,1.0,0.6668142080307007,0.7543152570724487,0.7130378484725952,0.16287094547964112,0.038700760193503804,0.08557625948930296,0.8523025512695312,0.7577790021896362,0.8022661805152893,156,0.1233201581027668,0.56,0.293092194530699,0.14898723363876343,8,1,1,0,0,0,What are the treatments for Cystic Fibrosis ?,Respiratory,"The primary treatment for cystic fibrosis involves controlling the thick, sticky mucus that builds up in the lungs and other parts of the body. Treatment aims to maintain lung function by regularly cleaning the airways, which helps prevent infections and makes breathing easier. 

Additionally, medications such as antibiotics and bronchodilators are used to treat infections and improve lung function. Saline nasal irrigation and oral antacids help manage symptoms related to digestive issues. Pulmonary rehabilitation exercises are also beneficial for improving overall lung function and physical activity.

Other therapies include nutritional support to ensure adequate intake of vitamins and minerals needed for growth and repair. For those with severe cases, mechanical ventilation may be required.

Regular check-ups and follow-up appointments with healthcare professionals are crucial to monitor disease progression and adjust treatments accordingly.

In summary, comprehensive management includes maintaining lung health, treating infections, addressing digestive issues, and incorporating lifestyle modifications and therapies to manage the condition effectively."
0.7194081544876099,0.7879988551139832,0.6026202241579691,0.7570973634719849,0.29388296604156494,0.1469077961955686,0.17189825497423786,1.0,1.0,0.7570973634719849,0.8017271161079407,0.8060172200202942,0.39252336448598124,0.11320754716981131,0.1869158878504673,0.896214485168457,0.8892021775245667,0.8926945924758911,90,0.7317073170731707,0.32142857142857145,0.4138466417789459,0.21268722414970398,3,1,1,0,0,0,What causes Rheumatoid Arthritis ?,Musculoskeletal,"The cause of rheumatoid arthritis is not entirely known. However, it is believed to be caused by a complex interplay between genetic factors and environmental triggers. Genetic predisposition plays a significant role, with some individuals having a higher likelihood of developing the condition due to their family history or specific genetic mutations. Environmental factors, including infections with certain viruses and exposure to certain chemicals or substances, can also contribute to the development of the condition. Additionally, hormones like estrogen and progesterone may influence the progression and severity of rheumatoid arthritis."
0.5586254199345907,0.6303596496582031,0.4601026773452759,0.6023739576339722,0.29250417153040564,0.6836298080944029,1.7623496484116097,0.9115164933914011,0.3333333333333333,0.6023739576339722,0.8061873316764832,0.7884976863861084,0.35915492957746475,0.11347517730496454,0.1619718309859155,0.8582186698913574,0.8407348394393921,0.8493867516517639,108,0.6467065868263473,0.45454545454545453,0.41967619583010674,0.05264211446046829,3,1,1,0,0,0,What are the treatments for Alzheimer's Disease ?,Neurological,"The treatments for Alzheimer's disease typically focus on improving symptoms and slowing cognitive decline. Medications such as cholinesterase inhibitors and NMDA receptor antagonists can be used to reduce inflammation and protect brain cells from damage caused by beta-amyloid protein deposits. Other medications like memantine are used to treat certain types of behavioral symptoms. Cognitive training and other therapies can also be beneficial. Supportive care, which includes physical therapy, occupational therapy, and psychosocial support, can help people with Alzheimer's disease maintain independence and quality of life. However, there is currently no cure for Alzheimer's disease, so treatment is primarily focused on managing symptoms rather than curing the disease itself."
0.6636217633883158,0.7221633791923523,0.6113626460234324,0.7835368514060974,0.332605262597402,0.12965240047338236,0.15886222590029928,0.9508552228882682,0.6666666666666666,0.7835368514060974,0.7260343432426453,0.8211990594863892,0.16279069767441862,0.04280155642023346,0.10465116279069768,0.8717340230941772,0.8142811059951782,0.8420286774635315,67,0.15192743764172337,0.3333333333333333,0.6233670115470886,0.6089561581611633,0,1,1,0,0,0,What is (are) Osteoarthritis ?,Musculoskeletal,"Osteoarthritis is a degenerative disorder characterized by the breakdown of cartilage between two surfaces of a joint, leading to wear and tear on the bones. It primarily affects the hands, knees, hips, and spine, and causes pain, stiffness, loss of flexibility, tenderness, swelling, and sometimes bone spurs. The condition progresses over time, making it a chronic problem that requires management to minimize pain and maintain joint function."
0.6636217633883158,0.7221633791923523,0.654806653658549,0.8365337252616882,0.332605262597402,0.12965240047338236,0.15886222590029928,0.8645779368471682,0.6666666666666666,0.8365337252616882,0.8682263493537903,0.7560877799987793,0.4999999999999999,0.1791044776119403,0.338235294117647,0.9048321843147278,0.9190919399261475,0.911906361579895,72,1.1428571428571428,0.5666666666666667,0.6142074689269066,0.4075823724269867,1,1,1,0,0,0,What is (are) Osteoarthritis ?,Musculoskeletal,"Osteoarthritis is the most common type of arthritis that affects millions of people worldwide. It occurs when the protective cartilage that cushions the ends of bones deteriorates over time. This condition primarily affects joints in the hands, knees, hips, and spine. Despite its impact, osteoarthritis can usually be managed through various methods including staying active, maintaining a healthy weight, and receiving certain treatments that may help alleviate pain and improve joint function."
0.6043642163276672,0.6899014711380005,0.7211988170941671,0.7588413953781128,0.377526064713796,0.2025112058521692,0.5012764310805277,1.0,1.0,0.7588413953781128,0.8080888390541077,0.7566906213760376,0.42758620689655175,0.1597222222222222,0.20689655172413793,0.857280969619751,0.7422823309898376,0.7956477403640747,98,0.5268817204301075,0.6410256410256411,0.7764907777309418,0.6628626585006714,0,1,1,0,0,0,Who is at risk for Cardiomyopathy? ?,Cardiovascular,"Cardiomyopathy is most commonly found in people who have a family history of cardiomyopathy, heart failure, or sudden cardiac arrest. Additionally, long-term high blood pressure, conditions that affect the heart, obesity, alcohol misuse, illicit drug use, treatment with certain chemotherapy medicines and radiation for cancer, thyroid disease, storage of excess iron in the body (hemochromatosis), build-up of a certain protein in organs (amyloidosis), the growth of small patches of inflamed tissue in organs (sarcoidosis), connective tissue disorders, and other diseases that put a strain on the heart or damage heart tissue are all known risk factors for cardiomyopathy."
0.6441468795140585,0.6844149827957153,0.7065044442812601,0.7628744840621948,0.2969232201576233,0.4182014121491489,0.8391779865238987,0.939697378966892,1.0,0.7628744840621948,0.7713164687156677,0.7344957590103149,0.3468208092485549,0.058139534883720936,0.16184971098265896,0.8564274907112122,0.8507306575775146,0.8535695672035217,159,0.8457446808510638,0.5,0.39582358319312333,-0.028847796842455864,6,1,1,0,0,0,What is (are) Sleep Apnea ?,Respiratory,"Sleep Apnea is a condition characterized by repeated pauses in breathing during sleep. It can be divided into two main categories:

1. **Obstructive Sleep Apnea (OSA)** - This type occurs when throat muscles relax, causing the tongue or soft palate to collapse backward, blocking the passage of air from the nose or mouth to the lungs. When this occurs, the person experiences shallow breaths or no breath at all.

2. **Central Sleep Apnea (CSA)** - This type arises when the brain fails to properly communicate with the muscles controlling breathing. In CSA, people may breathe normally while sleeping, but they stop breathing involuntarily during sleep due to reduced oxygen levels or impaired muscle function.

Treatment options include lifestyle modifications such as losing weight, avoiding alcohol before bedtime, and practicing relaxation techniques. Continuous Positive Airway Pressure (CPAP) machines are commonly used to treat OSA, helping maintain open airways. For CSA, surgery may be necessary to correct underlying issues contributing to"
0.5319426854451498,0.5582649111747742,0.6069716612497965,0.7123885750770569,0.39172786474227905,0.480514346526464,0.7363621052324532,0.940948421622836,1.0,0.7123885750770569,0.632611870765686,0.6245360374450684,0.3636363636363637,0.07339449541284404,0.1727272727272727,0.8751797080039978,0.8317543268203735,0.8529146313667297,83,0.6194029850746269,0.15151515151515152,0.5383717268705368,0.4713883399963379,1,1,1,0,0,0,What is the outlook for Epilepsy ?,Neurological,"The outlook for epilepsy varies depending on the specific type of epilepsy and the individual's response to treatment. Many people with epilepsy can manage their condition with medication and may eventually achieve remission or fewer seizures. However, some individuals may require lifelong medication and may need additional support to manage their seizures. The prognosis for epilepsy is generally good, but it is important for individuals with epilepsy to work closely with their healthcare providers to monitor their condition and adjust treatment as needed."
0.36623193820317584,0.37396368384361267,0.2412379582722982,0.2666337192058563,0.5890794297059376,0.22650929812973372,0.3133291944739964,1.0,0.0,0.2666337192058563,0.760071337223053,0.7672862410545349,0.17934782608695649,0.04371584699453552,0.10869565217391307,0.8595354557037354,0.7252352237701416,0.7866947650909424,67,0.22039473684210525,0.26666666666666666,0.3932020962238312,0.32909905910491943,4,1,1,0,0,0,What to do for Wilson Disease ?,Endocrine/Metabolic,"Wilson disease involves a deficiency in copper. There are no specific treatments for Wilson disease; however, lifestyle modifications and dietary adjustments can help manage symptoms and improve quality of life. A diet low in food sources high in protein, especially gluten, and high in iron and phosphorus, can alleviate symptoms. Additionally, certain supplements like zinc and vitamin E can also help reduce symptoms related to Wilson disease."
0.5604231456915537,0.7217467427253723,0.4813518226146698,0.6826403141021729,0.398940255244573,0.6983180119873889,1.3217809204632556,0.8894798153431892,0.3333333333333333,0.6826403141021729,0.7362896203994751,0.7222718596458435,0.3034257748776509,0.10147299509001637,0.1500815660685155,0.8627079725265503,0.7877185344696045,0.8235095739364624,145,0.29896907216494845,0.46808510638297873,0.3056583125144243,-0.09344962984323502,9,1,1,0,0,0,What are the complications of Polycystic Kidney Disease ?,Kidney/Renal,"The complications of Polycystic Kidney Disease (PKD) can be severe and life-threatening if they are not managed properly. Some of these complications include:

1. High blood pressure: PKD increases the risk of hypertension due to the increased production of renin by the kidneys. This leads to an overload of sodium and water retention, causing high blood pressure.
2. Kidney stones: As PKD progresses, the number and size of the cysts increase, leading to an increased risk of developing kidney stones. These stones can block the urinary system, leading to complications such as hematuria, pain, and obstruction.
3. Kidney failure: As PKD progresses, the function of the remaining healthy kidneys decreases, leading to kidney failure. Symptoms of kidney failure include frequent urination, thirst, fatigue, nausea, vomiting, and decreased appetite.
4. Urinary tract infection: Due to the increased production of antidiuretic hormone (ADH), PKD patients are more"
0.5557897686958313,0.5746034383773804,0.5145357350508372,0.6678215265274048,0.5287341574827831,0.7530719524026644,1.191618610070517,0.9909835597849238,0.3333333333333333,0.6678215265274048,0.7099394798278809,0.662621259689331,0.3175675675675675,0.09523809523809525,0.1418918918918919,0.8353850841522217,0.8068743944168091,0.8208822011947632,144,0.9536423841059603,0.3783783783783784,0.3776080290024931,-0.10390136390924454,5,1,1,0,0,0,Who is at risk for Gout? ?,Musculoskeletal,"People who have high levels of uric acid in their bodies are at risk for developing gout. Factors that increase the uric acid level in the body include:

1. Diet: Consuming a diet rich in red meat and shellfish, along with drinking beverages sweetened with fruit sugar (fructose), can lead to increased levels of uric acid, increasing the risk of gout.

2. Alcohol consumption: Especially beer, can increase the risk of gout.

3. Overweight: Being overweight or obese can cause your body to produce more uric acid and make it more challenging for your kidneys to eliminate uric acid.

4. Certain diseases and conditions: Conditions like untreated high blood pressure, diabetes, obesity, metabolic syndrome, and heart and kidney diseases can raise the risk of gout.

5. Medications: Some medications, like low-dose aspirin and certain antihypertensive medications (like thiazide diuretics, ACE inhibitors, and beta blockers),"
0.472560187180837,0.4999012053012848,0.5246371229489645,0.5634039640426636,0.37006751696268714,0.14869741136882328,0.4947250290516943,0.9940142174757652,0.6666666666666666,0.5634039640426636,0.7925106883049011,0.7816102504730225,0.30711610486891383,0.07547169811320754,0.16479400749063672,0.841639518737793,0.8392665386199951,0.8404513001441956,157,1.2661290322580645,0.41935483870967744,0.1859199115385612,-0.06770271062850952,12,0,1,0,0,1,What are the symptoms of Prostate Cancer ?,Unrelated,"Prostate cancer has several different types of symptoms depending on the stage of the disease, the location within the prostate gland, and the individual's overall health. Some common symptoms of prostate cancer include:

1. Blood in urine (hematuria) - This could be due to small tumors growing inside the prostate or into nearby blood vessels.
2. Painful urination - The prostate may press on the urethra, causing discomfort during urination.
3. Changes in urination frequency and volume - These changes might occur because the prostate enlarges, pushing against the urethra.
4. Lower-back pain or discomfort - The prostate pressing on nerves in the lower back can lead to pain or numbness.
5. Unusual ejaculation - Prostate enlargement may cause difficulty with ejaculation or incomplete urination.
6. Erectile dysfunction - As the prostate grows, its size affects blood flow, leading to erectile dysfunction.
7. Fatigue - The body may not be able to fight off infections as effectively,"
0.5762543479601542,0.604841411113739,0.5263516108194987,0.5825687646865845,0.39439431826273597,0.40162722586363103,0.449994816127139,0.9779164197281071,0.6666666666666666,0.5825687646865845,0.5836952328681946,0.7432818412780762,0.30172413793103453,0.008695652173913045,0.13793103448275862,0.8598624467849731,0.8149260878562927,0.836791455745697,110,1.0,0.20689655172413793,0.4164116621017456,0.16759800910949707,2,1,1,0,0,0,what research (or clinical trials) is being done for Parkinson's Disease ?,Neurological,"There are ongoing clinical trials focused on various aspects of Parkinson's disease. These trials aim to investigate new treatments, improve existing therapies, and explore potential biomarkers for diagnosis and progression prediction. Some of these trials specifically focus on exploring the role of genetics, lifestyle factors, and environmental exposures related to Parkinson's disease. Additionally, there are several randomized controlled trials (RCTs) evaluating different medications and other interventions, such as physical therapy, dietary supplements, and acupuncture, to assess their efficacy in improving symptoms and quality of life for patients with Parkinson's disease. These studies are designed to provide evidence-based recommendations for patient care and support the development of more effective treatment options."
0.6155603726704916,0.6570487022399902,0.2710900505383809,0.3346545696258545,0.2954388658205668,0.4738352286619567,1.0279363569553903,1.0,0.0,0.3346545696258545,0.3164830207824707,0.741182267665863,0.2222222222222222,0.01492537313432836,0.11851851851851851,0.8273589611053467,0.7982864379882812,0.8125627040863037,151,1.0942028985507246,0.1724137931034483,0.45537826120853425,0.22911156713962555,3,1,1,0,0,0,What are the symptoms of Short Bowel Syndrome ?,Gastrointestinal,"Short bowel syndrome (SBS) is a medical condition characterized by malabsorption caused by damage to the digestive system, particularly the small intestine. SBS is a rare but potentially life-threatening condition that occurs when the body fails to produce enough functional intestinal tissue after abdominal surgery. The specific symptoms of short bowel syndrome can vary depending on the severity and extent of the damage to the digestive system, as well as individual differences between patients. Common symptoms of short bowel syndrome include:

  * Fatigue and weakness
  * Diarrhoea
  * Nausea and vomiting
  * Pale skin or pallor
  * Slow-healing wounds
  * Low potassium levels
  * Reduced appetite
  * Constipation or bloody stools

It's important to note that these symptoms can manifest differently from patient to patient and are not definitive in diagnosing short bowel syndrome. In order to properly diagnose the condition, a thorough evaluation by a healthcare provider will be required."
0.5387155810991923,0.5559595823287964,0.5563799738883972,0.5881434679031372,0.36425381898880005,0.35281164433520656,0.6509886882426952,1.0,1.0,0.5881434679031372,0.8283615708351135,0.6501216292381287,0.3893805309734513,0.11607142857142858,0.20353982300884954,0.8399236798286438,0.8949288725852966,0.866554319858551,159,2.3043478260869565,0.5555555555555556,0.4468238170258701,-0.009574656374752522,5,1,1,0,0,0,What is (are) Stroke ?,Neurological,"Stroke is a medical emergency caused by a disruption in the flow of blood to an area of the brain, leading to brain cell death. It occurs due to either a blocked artery or bleeding inside the artery, causing insufficient blood supply to the brain tissue. There are two main types of strokes:

1. Ischemic stroke - Occurs when a clot forms in a blood vessel supplying blood to the brain, blocking blood flow to part of the brain. Symptoms typically include sudden numbness or weakness in the face, arms, or legs, especially on one side of the body.

2. Hemorrhagic stroke - Also known as subarachnoid hemorrhage, this type occurs when there's a rupture or tear in an artery within the brain. Symptoms often include severe headache, confusion, difficulty walking or balance problems, and loss of consciousness.

Strokes can be treated depending on the underlying condition, severity, and location of the stroke. Common treatments include:
   - Anticoagulants for"
0.7057618896166483,0.773266077041626,0.7846035559972128,0.8496432304382324,0.2177626291910807,0.2693499848230292,0.2845470165202747,0.9982858770366895,1.0,0.8496432304382324,0.8821612596511841,0.7952879667282104,0.40236686390532544,0.13173652694610777,0.15384615384615383,0.8978607058525085,0.8652496337890625,0.8812535405158997,53,0.4608695652173913,0.3,0.4492422416806221,0.2805543839931488,3,1,1,0,0,0,What are the symptoms of Heart Attack ?,Cardiovascular,"Some people have mild symptoms while others have severe ones. Some people have no symptoms at all. Common heart attack symptoms include chest pain or pressure (angina), shortness of breath, lightheadedness or sudden dizziness, and fatigue. These symptoms may spread to the shoulder, arm, back, neck, jaw, teeth or sometimes the upper belly."
0.6356026927630106,0.7667657732963562,0.7095374266306559,0.8749672174453735,0.35889146725336707,0.4701121973850784,0.7711063834389456,1.0,1.0,0.8749672174453735,0.9160347580909729,0.7738691568374634,0.38174273858921165,0.1506276150627615,0.2655601659751038,0.8425976037979126,0.8520768284797668,0.8473107218742371,154,1.5555555555555556,0.6896551724137931,0.5589667290449143,0.15432988107204437,2,1,1,0,0,0,What are the symptoms of Lung Cancer ?,Respiratory,"The symptoms of lung cancer typically don't appear until the disease has progressed into later stages. Early signs of lung cancer may include:

  * A new cough that doesn't go away
  * Chest pain
  * Coughing up blood, even a small amount
  * Hoarseness
  * Shortness of breath
  * Loss of weight without trying
  * Loss of appetite
  * Swelling in the face or neck

These symptoms may occur along with other conditions that affect the respiratory system, such as pneumonia or asthma. However, they can be difficult to recognize because they may be caused by a variety of factors, including environmental pollutants or allergies. In some cases, a person may experience symptoms related to other conditions, such as heart disease or gastrointestinal issues, which can mimic the symptoms of lung cancer. Therefore, if someone experiences any of these symptoms, it is important to consult with a healthcare professional for further evaluation and treatment."
0.5859370827674866,0.6043665409088135,0.6930976311365763,0.8317030668258667,0.3048009673754374,0.46090581156851035,1.0386127713344127,0.9089288436801352,1.0,0.8317030668258667,0.8203120231628418,0.7400854229927063,0.13588110403397027,0.046908315565031986,0.09766454352441614,0.8840212821960449,0.7988250255584717,0.8392665386199951,45,0.10588235294117647,0.25,0.6815076470375061,0.5404472351074219,0,1,1,0,0,0,What is (are) COPD ?,Respiratory,"COPD stands for Chronic Obstructive Pulmonary Disease. It refers to a group of lung diseases characterized by a reduction in the ability of the airways to carry air efficiently through the lungs. COPD includes both emphysema and chronic bronchitis, which are separate but related conditions."
0.584576149781545,0.6058535575866699,0.6712955832481384,0.8736332654953003,0.41503067811330163,0.18641585522958146,0.257223846166694,0.9818812822792808,0.6666666666666666,0.8736332654953003,0.7175230979919434,0.6693503260612488,0.29864253393665163,0.07305936073059362,0.1900452488687783,0.8759646415710449,0.8457908630371094,0.8606133460998535,64,0.40764331210191085,0.28205128205128205,0.5493701219558715,0.4892634153366089,1,1,1,0,0,0,What is (are) Hemorrhoids ?,Gastrointestinal,"Hemorrhoids are swollen veins located in the rectum or anus. They can cause various symptoms such as itching, pain, swelling, and bleeding. Hemorrhoids are categorized into two types: internal and external. Internal hemorrhoids are located within the rectum, while external hemorrhoids are outside the rectum. The exact causes of hemorrhoids vary, but some factors that increase the risk include pregnancy, obesity, chronic coughing, and肛门疾病。"
0.5731602112452189,0.6032779216766357,0.4134247104326884,0.4446835219860077,0.2697684566179911,0.30174953531109416,0.6672460863294437,0.977079298933741,0.0,0.4446835219860077,0.40586915612220764,0.7944296598434448,0.175,0.025210084033613446,0.10833333333333334,0.855998158454895,0.7990128993988037,0.8265244960784912,59,0.3277777777777778,0.14285714285714285,0.29737379401922226,0.1248084008693695,3,1,1,0,0,0,What are the treatments for Urinary Tract Infections in Children ?,Kidney/Renal,"Children with urinary tract infections typically receive treatment similar to adults. They may be prescribed antibiotics to kill the bacteria causing the infection. Additionally, some children may require supportive care, such as staying hydrated and using warm compresses on the abdomen to reduce pain. It's important to follow the advice of healthcare providers to ensure effective treatment and recovery."
0.3628591199715932,0.3691801428794861,0.3560786247253418,0.3966634273529053,0.34970012307167053,0.3548460178359705,0.9300113936987481,0.953596988394527,0.0,0.3966634273529053,0.39228516817092896,0.7444522380828857,0.20276497695852533,0.027906976744186046,0.11059907834101383,0.8129249811172485,0.8503717184066772,0.8312268257141113,156,2.6,0.3333333333333333,0.24484127917094156,-0.0020709005184471607,8,0,1,0,0,1,What is (are) Surviving Cancer ?,Unrelated,"Surviving cancer refers to individuals who have been diagnosed with a specific type of cancer, such as renal artery stenosis or lung cancer, and have successfully undergone treatment or recovery from their condition. It typically involves overcoming the physical, mental, and emotional challenges associated with living with a chronic illness, coping with its effects on daily life, and maintaining overall well-being over time. 

The process of surviving cancer often requires a comprehensive approach that includes various strategies, such as:

1. **Physical Health**: Managing symptoms related to the disease itself, undergoing treatments like chemotherapy, surgery, radiation therapy, and other forms of intervention, and managing side effects.

2. **Mental Health**: Addressing stress, anxiety, depression, and other psychological impacts of the illness, including coping mechanisms and seeking professional help when needed.

3. **Emotional Support**: Receiving emotional support from loved ones, friends, family members, and professional support groups to manage feelings of loss, grief, and adjustment to new roles and"
0.6811726888020834,0.7087674140930176,0.6440967122713724,0.7226783633232117,0.2964473168055216,0.2230379836702964,0.47761917420340533,0.9633486062969757,1.0,0.7226783633232117,0.7007132768630981,0.7655435800552368,0.19646799116997793,0.059734513274336286,0.08830022075055186,0.8291204571723938,0.7383996248245239,0.7811347842216492,130,0.17759562841530055,0.4,0.6597670540213585,0.5075355172157288,0,1,1,0,0,0,What causes Pneumonia ?,Respiratory,"Pneumonia can be caused by many different factors, including:

Bacteria: The most common cause of bacterial pneumonia is Streptococcus pneumoniae, which can be spread through contact with someone who has the disease or by touching contaminated surfaces.
Viruses: Many viruses, including influenza, coronaviruses, and respiratory syncytial virus, can also cause pneumonia. Infections like COVID-19 can lead to pneumonia.
Fungi: Fungal infections, particularly aspergillosis and coccidioidomycosis, can also result in pneumonia.
Inhalation of pathogens: Certain pathogens, such as bacteria, viruses, and fungi, can be inhaled into the lungs through the nose or mouth.
Walkers pneumonia: This is a less severe form of pneumonia, characterized by mild symptoms rather than severe ones.
Aspiration pneumonia: Occurs when food, drink, or vomit enters the lungs.
Healthcare-acquired pneumonia: Can develop in individuals receiving healthcare services"
0.6230701406796774,0.6713252067565918,0.4027691185474396,0.432754248380661,0.3056028485298157,0.371984597447841,0.6925219428167273,0.9975100251306372,0.0,0.432754248380661,0.469879150390625,0.6937661170959473,0.12409812409812408,0.026049204052098405,0.07503607503607504,0.8058971166610718,0.7961639165878296,0.8010008931159973,135,0.24816176470588236,0.14893617021276595,0.26657083799893205,-0.1026560366153717,10,1,1,0,0,0,What are the treatments for Peripheral Arterial Disease (P.A.D.) ?,Cardiovascular,"Treatment options for Peripheral Arterial Disease (PAD) include:

1. Lifestyle changes:
   - Regular exercise, such as walking, swimming, or cycling, helps improve circulation and reduces pressure on the arteries.
   - A high-fiber diet rich in fruits, vegetables, and whole grains can help lower cholesterol levels.
   - Quitting smoking or reducing exposure to secondhand smoke can prevent plaque build-up in the arteries.

2. Medications:
   - Anticoagulants like warfarin or heparin thin out the blood and prevent clotting, which can help protect against strokes and heart attacks. These medications should only be used under medical supervision.
   - Antiplatelet drugs like aspirin can prevent clots from forming in the arteries.
   - Calcium channel blockers, angiotensin-converting enzyme inhibitors, or angiotensin receptor blockers can lower blood pressure, reduce swelling, and ease pain associated with PAD.

3. Surgical procedures:
   - Percutaneous"
0.6455854574839274,0.6702941656112671,0.35915807882944745,0.40010884404182434,0.2711645563443502,0.3822397776338901,0.6325792442027847,0.9278565857156493,0.0,0.40010884404182434,0.670133650302887,0.7352307438850403,0.25838926174496646,0.05387205387205387,0.1476510067114094,0.8407348394393921,0.8185011148452759,0.8294690251350403,155,0.36384976525821594,0.2978723404255319,0.18605017865245993,-0.11887282878160477,10,1,1,0,0,0,How to diagnose Peripheral Arterial Disease (P.A.D.) ?,Cardiovascular,"Diagnosis of Peripheral Arterial Disease (PAD) typically involves several steps:

1. History and Physical Examination: The healthcare provider will ask about the patient's symptoms, such as leg pain and stiffness, and perform a physical examination to assess the patient's limb's appearance, temperature, color, and pulses.

2. Blood Tests: These tests include measuring blood pressure, cholesterol levels, and blood sugar, as well as checking blood clotting times, which can indicate potential problems with the arteries.

3. Imaging Studies: Ultrasound or X-rays can provide images of the arteries that show any blockages or narrowing. CT scans or MRIs can help detect more extensive damage if the imaging is needed to visualize the entire system.

4. Angiography: A small catheter is inserted into the groin or arm and guided through the femoral artery to the lower extremities. An X-ray or CT scan guides the catheter to capture detailed images of the arterial anatomy and assess its function.

5."
0.570963184038798,0.6305987238883972,0.4723135034243266,0.5420355796813965,0.4083372553189596,0.4176415102221344,0.8562322332862018,0.9884770491428351,0.3333333333333333,0.5420355796813965,0.45440974831581116,0.820107102394104,0.13714285714285715,0.011560693641618497,0.08,0.7979453206062317,0.8500373959541321,0.8231680393218994,143,4.766666666666667,0.3,0.14556486873577038,-0.049149543046951294,26,1,1,0,0,0,Who is at risk for Colorectal Cancer? ?,Gastrointestinal,"The individuals at risk for colorectal cancer are:

1. Individuals aged 50 years or older, especially over the age of 70.
2. Individuals of African American descent, regardless of age.
3. Individuals with a personal history of colorectal cancer or polyps.
4. Individuals diagnosed with inflammatory bowel diseases (IBD).
5. Individuals with inherited syndromes that increase the risk of colorectal cancer.
6. Individuals with a family history of colorectal cancer, even if only a single family member has the condition.
7. Individuals with a low-fiber, high-fat diet.
8. Individuals who smoke.
9. Individuals who drink alcohol excessively.
10. Individuals with diabetes.
11. Individuals with obesity.
12. Individuals who are overweight or obese.
13. Individuals who exercise regularly but do not maintain a healthy weight.
14. Individuals who take medications like aspirin or its derivatives.
15. Individuals who have undergone radiation therapy for previous"
0.31289758781592053,0.3916306495666504,0.19411516934633255,0.2744004726409912,0.5687714219093323,0.9354845923627497,2.116645810528242,1.0,0.0,0.2744004726409912,0.5426759719848633,0.7689992189407349,0.14659685863874347,0.025183630640083946,0.08167539267015707,0.8178606629371643,0.8178646564483643,0.8178627490997314,132,0.16058394160583941,0.26,0.22590195257216691,-0.05650918185710907,9,0,1,0,0,1,What are the treatments for Gum (Periodontal) Disease ?,Unrelated,"Gum (periodontal) disease, also known as periodontitis, is a common dental condition characterized by inflammation and destruction of the gums and bone surrounding teeth. The primary purpose of treating gum disease is to prevent further damage to the supporting structures of the teeth, including the root canal and the jawbone. 

Here are some effective treatments for gum disease:

1. **Prescription Medications**:
   - Amoxicillin: A broad-spectrum antibiotic used to treat bacterial infections.
   - Metronidazole: An antibiotic used to treat bacterial infections.

2. **Over-the-Counter Gels and Sprays**:
   - Saline rinses: These are antiseptic solutions that help clean and rinse away bacteria causing the gum disease.
   - Fluoride gels: Helps remineralize tooth enamel and strengthen the teeth against acid attacks.

3. **Flossing and Brushing**: Regular brushing and flossing can reduce plaque buildup and prevent gingivitis"
0.5720609823862711,0.5853484869003296,0.43919992446899414,0.49824023246765137,0.4485190610090891,0.4244841797616872,0.9106921836562785,0.9794385311721068,0.0,0.49824023246765137,0.5169419050216675,0.7734277248382568,0.12724306688417616,0.0032733224222585926,0.07504078303425775,0.8488078713417053,0.7815582752227783,0.8137961626052856,83,0.15514018691588785,0.125,0.44478902965784073,0.36202746629714966,3,1,1,0,0,0,How to prevent Osteoporosis ?,Endocrine/Metabolic,"To prevent osteoporosis, it's important to maintain a healthy diet, engage in regular physical activity, and stay physically active. Consuming a balanced diet rich in calcium and vitamin D can help build stronger bones and support overall bone health. Additionally, maintaining a regular exercise routine that includes weight-bearing exercises like walking, jogging, and weight lifting can help strengthen bones and reduce the risk of bone loss. It's also recommended to limit excessive alcohol consumption and quit smoking to reduce the risk of osteoporosis."
0.5882137815157572,0.6823796033859253,0.12418961400787036,0.22442680597305298,0.4089583158493042,0.48212131496747057,0.5423365472933056,0.963514925959815,0.0,0.22442680597305298,0.10235577076673508,0.8011256456375122,0.06060606060606061,0.0,0.04958677685950414,0.8073822259902954,0.7494612336158752,0.777344286441803,58,0.19463087248322147,0.0,0.3765859603881836,0.15018674731254578,2,1,1,0,0,0,What is (are) High Blood Pressure ?,Cardiovascular,"High blood pressure (hypertension), also known as hypertension, is a condition where the force of the blood pushing against the artery walls is consistently too high. This condition requires prompt attention due to its potential association with various health issues including stroke, heart disease, and kidney damage. Regular monitoring and treatment are crucial to manage this condition effectively."
0.5916868050893148,0.6937229633331299,0.49471989274024963,0.6107826232910156,0.332605262597402,0.2211897274690793,0.48688494213888833,0.8908221628803114,0.6666666666666666,0.6107826232910156,0.6743776798248291,0.8259144425392151,0.3666666666666667,0.10344827586206896,0.30000000000000004,0.898439884185791,0.8840972185134888,0.8912108540534973,31,1.1923076923076923,0.2857142857142857,0.5813121795654297,0.555567741394043,0,1,1,0,0,0,How many people are affected by Osteoarthritis ?,Musculoskeletal,"According to the provided context, it states that millions of people worldwide are affected by osteoarthritis. Therefore, approximately 10-20 million people in the United States alone are estimated to have osteoarthritis."
0.5179447134335836,0.5881834626197815,0.2710476318995158,0.2854878902435303,0.2862681349118551,1.03142259764306,1.9724209577121947,1.0,0.0,0.2854878902435303,0.42025500535964966,0.7979825735092163,0.23376623376623376,0.026200873362445413,0.13852813852813853,0.8207197189331055,0.8416652679443359,0.831060528755188,149,1.8625,0.32,0.1909152851166094,-0.06527231633663177,15,1,1,0,0,0,What are the treatments for Colorectal Cancer ?,Gastrointestinal,"Treatments for colorectal cancer can vary depending on the stage and type of the cancer. Some common options include:

  1. Surgery: Surgical removal of the entire colon or a portion of the colon may be necessary if the cancer has not spread beyond the colon.
  2. Radiation therapy: Radiation therapy uses high-energy beams to kill cancer cells. It may be used in conjunction with surgery or alone.
  3. Chemotherapy: Chemotherapy involves using drugs to kill cancer cells. It may be used in combination with surgery or radiation therapy.
  4. Immunotherapy: Immunotherapy works by stimulating the immune system to attack cancer cells. It may be used in combination with surgery, radiation therapy, or chemotherapy.
  5. Targeted therapy: Targeted therapy targets specific molecules or pathways within cancer cells. It may be used in combination with surgery, radiation therapy, or chemotherapy.
  6. Watchful waiting: Sometimes, doctors will monitor patients who have colore"
0.6347631613413492,0.7601818442344666,0.4032281239827474,0.6024970412254333,0.3707641164461771,0.7009330927568443,1.253119146477621,1.0,0.3333333333333333,0.6024970412254333,0.7038823366165161,0.786808431148529,0.3263157894736842,0.07446808510638298,0.15789473684210525,0.849808394908905,0.8599445819854736,0.8548464179039001,89,0.89,0.3448275862068966,0.46799008548259735,0.30718934535980225,2,1,1,0,0,0,How to prevent Polycystic Kidney Disease ?,Kidney/Renal,"To prevent Polycystic Kidney Disease (PKD), maintaining good health habits such as eating a healthy diet rich in fruits, vegetables, and whole grains, exercising regularly, limiting alcohol consumption, and avoiding smoking are recommended. Additionally, following a low-salt diet and getting to and staying at a healthy weight can be beneficial. Regular monitoring of blood pressure and controlling it if necessary can also help prevent complications associated with PKD. Genetic counseling from a genetic counselor can also provide valuable advice on your risk of passing the disease to your offspring."
0.3844415048758189,0.39349472522735596,0.09125308692455292,0.12897981703281403,0.3832876682281494,0.1702752079219969,0.5108256237659907,1.0,0.0,0.12897981703281403,0.16339784860610962,0.8401806354522705,0.23728813559322035,0.02564102564102564,0.13559322033898308,0.8369782567024231,0.7931582927703857,0.8144793510437012,71,0.4251497005988024,0.14285714285714285,0.23873061314225197,0.1084144115447998,4,1,1,0,0,0,What is (are) Wilson Disease ?,Endocrine/Metabolic,"Wilson disease is a genetic disorder caused by mutations in the gene that produces the enzyme alpha-globulin. This enzyme plays a critical role in removing copper from the blood. When there is a deficiency or mutation in this enzyme, copper accumulates in the liver, spleen, brain, and other organs, leading to various symptoms such as fatigue, weakness, mental changes, tremors, and difficulty breathing. Wilson disease can be fatal if left untreated."
0.5428457657496134,0.5788357257843018,0.5358163913091024,0.586693286895752,0.18864707152048743,0.6210591509208915,1.6592958848809878,0.9748871099972035,0.6666666666666666,0.586693286895752,0.7185564637184143,0.7439531683921814,0.379746835443038,0.07792207792207792,0.1518987341772152,0.8405723571777344,0.8765439987182617,0.858181357383728,48,1.7142857142857142,0.4,0.21317291725426912,0.015204677358269691,2,1,1,0,0,0,How many people are affected by Urinary Tract Infections in Children ?,Kidney/Renal,"According to the National Health Service (NHS) of the United Kingdom, approximately 1 in 5 children aged between 3-4 years old and 1 in 8 children aged 6-9 years old suffer from urinary tract infections (UTIs). The exact number may vary based on age group and geographical location."
0.3024127980073293,0.3367460370063782,0.1983413596947988,0.24478062987327576,0.29647254943847656,0.23690463710886525,0.7107139113265958,1.0,0.0,0.24478062987327576,0.7429183125495911,0.7530290484428406,0.29327902240325865,0.081799591002045,0.13441955193482688,0.836882472038269,0.8289488554000854,0.8328967094421387,132,0.36464088397790057,0.391304347826087,0.16841830846599556,-0.06876234710216522,11,0,1,0,0,1,How to diagnose Endometrial Cancer ?,Unrelated,"Endometrial cancer, also known as adenocarcinoma of the endometrium, can be diagnosed through various methods:

1. **Physical Examination**: This is the initial step in diagnosing endometrial cancer. A healthcare provider may ask about symptoms and perform pelvic exam or妇科检查.
2. **Blood Tests**: Blood tests like human chorionic gonadotropin (hCG) levels, estradiol, and thyroid-stimulating hormone (TSH) can help determine if the cancer is present.
3. **Ultrasound**: An ultrasound can detect changes in the lining of the uterus, which could indicate the presence of endometrial cancer.
4. **MRI (Magnetic Resonance Imaging)**: This imaging test uses strong magnetic fields to create detailed images that can show abnormalities in the uterus.
5. **Cytology (Scanning for Cells)**: This procedure involves taking a small sample of tissue from inside the uterus and sending it to a laboratory for"
0.5315266847610474,0.6136291027069092,0.37205828229586285,0.4070197343826294,0.5883828699588776,0.7780082861806585,1.9164846954279606,0.975089395420194,0.0,0.4070197343826294,0.5121878981590271,0.7502351999282837,0.12435233160621761,0.020942408376963352,0.07253886010362694,0.8132116198539734,0.8558464050292969,0.8339844346046448,156,4.333333333333333,0.5,0.17774864689757428,-0.04635299742221832,12,1,1,0,0,0,How to prevent Short Bowel Syndrome ?,Gastrointestinal,"Short bowel syndrome occurs when there is damage to the intestinal lining, leading to a loss of function in the small intestine. It can occur due to a variety of reasons, including surgery, inflammatory bowel disease, or cancer. The primary goal of treatment for short bowel syndrome is to restore gut function and nutrition to the patient. Here are some steps that can be taken to manage this condition:

1. **Monitor Nutritional Status**: Monitor your body’s nutrient requirements carefully. Adequate intake of essential amino acids, electrolytes, fats, carbohydrates, proteins, and micronutrients is critical for recovery and maintenance of health.
2. **Nutrition Support**: Depending on the extent of bowel damage and nutritional status, you may require special nutrition support through tube feeding or nasogastric tubes. This includes providing adequate amounts of protein, carbohydrates, and fat, along with electrolyte solutions.
3. **Physical Rehabilitation**: Regular physical therapy sessions can help regain muscle strength and improve mobility. Strengthening exercises focusing"
0.6333407560984293,0.6967632174491882,0.48846633235613507,0.647469162940979,0.29250417153040564,0.7265028997654172,1.890968923424652,0.8731270160632197,0.3333333333333333,0.647469162940979,0.5574371814727783,0.6916247606277466,0.2724252491694352,0.02675585284280936,0.15282392026578073,0.8510701656341553,0.814331591129303,0.8322956562042236,106,0.5638297872340425,0.1794871794871795,0.4068422466516495,0.17026002705097198,4,1,1,0,0,0,What is the outlook for Alzheimer's Disease ?,Neurological,"The outlook for Alzheimer's disease varies depending on the stage and severity of the disease. In the early stages, which usually begin at the onset of symptoms, the prognosis is generally good, although there may be some limitations on daily activities. However, as the disease progresses into later stages, the chances of survival decrease significantly due to the severe effects of the illness on cognitive function and overall quality of life. For those living with Alzheimer's, it is important to seek professional advice from healthcare providers who specialize in dementia care. Early intervention through therapy and medication management can help manage symptoms and maintain independence longer."
0.5820743044217428,0.6124042868614197,0.557800273100535,0.589349627494812,0.38989031314849854,0.40391563803738845,0.6685727053215951,0.9799978183721766,1.0,0.589349627494812,0.6391733288764954,0.6806416511535645,0.17952314165497896,0.06469760900140646,0.11220196353436186,0.809766411781311,0.8077387809753418,0.8087513446807861,132,0.22996515679442509,0.2765957446808511,0.36083781719207764,0.17158718407154083,8,1,1,0,0,0,What is (are) Lung Cancer ?,Respiratory,"Lung cancer is a type of cancer that affects the lungs, which are two spongy organs located in the chest. It is the leading cause of cancer-related deaths globally. 

The primary symptoms of lung cancer vary depending on the location and size of the tumor, but some common signs and symptoms include:

1. Persistent coughing
2. Sudden weight loss
3. Unexplained fatigue 
4. Blood in the sputum (coughed-up mucus)
5. Chest pain or discomfort
6. Difficulty breathing
7. Unexplained bleeding from the nose or mouth

Diagnosis of lung cancer typically involves a combination of clinical examination, imaging studies like CT scans or PET-CT scans, and tissue biopsy. Treatment options range widely depending on the stage of the disease and patient preferences, including surgery, chemotherapy, radiation therapy, immunotherapy, targeted therapies, and palliative care."
0.22137674192587534,0.25505203008651733,0.4096376995245616,0.45585036277770996,0.47819453477859497,0.22221077518399165,0.5750205230993887,0.9612045983901198,0.0,0.45585036277770996,0.6558152437210083,0.45026737451553345,0.20606060606060608,0.012269938650306749,0.1090909090909091,0.8314195275306702,0.8673932552337646,0.849025547504425,123,3.0,0.26666666666666666,0.19659815402701497,-0.08583058416843414,8,1,1,0,0,0,What is (are) Balance Problems ?,Neurological,"Balance problems can be caused by various conditions, including:

1. Osteoarthritis: As discussed earlier, this condition can cause joint pain and stiffness, leading to balance issues due to reduced mobility.
2. Rotator Cuff Injury: This injury typically affects the muscles, tendons, and ligaments in the shoulder, which can contribute to balance difficulties.
3. Polymyalgia Rheumatica: This autoimmune disorder is characterized by muscle pain, stiffness, and fatigue, and can affect balance due to its impact on the nervous system and muscle function.

In all cases, maintaining good posture, practicing regular exercises like yoga or Tai Chi, and wearing appropriate shoes can help improve balance and prevent falls. If symptoms persist despite these measures, consulting a healthcare provider for further evaluation and management becomes necessary."
0.5428332686424255,0.5922588109970093,0.38640981912612915,0.4682449400424957,0.48888610800107324,0.18473101037085002,0.2994571924851064,0.9859888667935817,0.0,0.4682449400424957,0.3822287917137146,0.7754068374633789,0.19571865443425074,0.036923076923076927,0.1345565749235474,0.818090558052063,0.80348140001297,0.8107201457023621,148,0.8314606741573034,0.07142857142857142,0.34142401298651326,-0.09477492421865463,7,1,1,0,0,0,What is (are) Kidney Dysplasia ?,Kidney/Renal,"Kidney dysplasia refers to abnormal development or malformation of the kidney tissue, resulting in defects in its structure, function, or embryonic development. It typically affects the kidneys during fetal life, leading to developmental abnormalities. Some forms of kidney dysplasia include:

1. Adrenalineuria: A disorder where the kidneys fail to produce hormones needed by the adrenal gland to regulate metabolism.
2. Atypical kidney dysplasia: It is characterized by the presence of abnormal structures within the kidneys but does not necessarily indicate any functional impairment.
3. Acute kidney dysplasia: Occurs suddenly and usually presents without obvious symptoms.
4. Chronic kidney dysplasia: Typically begins after birth and shows no signs initially. It progresses over time and leads to permanent kidney dysfunction.

Each form has distinct characteristics, clinical manifestations, and implications for treatment and prognosis. Understanding the pathogenesis and management of kidney dysplasia is crucial for early diagnosis and effective intervention strategies."
0.41204553842544556,0.45963388681411743,0.31207989652951557,0.35130059719085693,0.5337057809034984,1.1499969696954877,2.637403228018973,1.0,0.0,0.35130059719085693,0.6327407956123352,0.7816893458366394,0.19191919191919188,0.04081632653061224,0.0808080808080808,0.8091249465942383,0.852732241153717,0.8303564786911011,150,3.3333333333333335,0.3333333333333333,0.20499421376734972,-0.0735645592212677,15,0,1,0,0,1,What are the treatments for Prostate Cancer ?,Unrelated,"Prostate cancer treatments can vary depending on several factors, including the stage of the cancer, the person's overall health, and their preferences. Here are some common treatments:

1. **Radiation Therapy**: Used to shrink tumors that are too large to be surgically removed. It's usually effective when used alone or in combination with surgery.

2. **Surgery**: Removing parts of the prostate gland, which reduces the size of the tumor.

3. **Chemotherapy**: Administering drugs directly into the prostate or via injections to kill cancer cells. It's useful when the cancer has spread beyond the prostate.

4. **Hormone Therapy**: Blocking the hormone testosterone produced by the testicles (testosterone is involved in prostate growth), which may slow the progression of prostate cancer.

5. **Targeted Therapy**: Using drugs that target the growth of cancer cells and do not harm normal cells. This approach targets the genetic mutations found in prostate cancer cells.

6. **Biopsy**: Taking"
0.6298619508743286,0.6732688546180725,0.5697066883246104,0.7409427165985107,0.3145994345347086,0.11151920426883259,0.14788887331755243,0.9148486215197839,0.3333333333333333,0.7409427165985107,0.8050678968429565,0.7817041277885437,0.44635193133047213,0.14718614718614717,0.20600858369098712,0.8872630596160889,0.8651379346847534,0.8760608434677124,101,0.7890625,0.4864864864864865,0.47255773345629376,0.2935791611671448,3,1,1,0,0,0,What is (are) Tendinitis ?,Musculoskeletal,"Tendinitis is an inflammatory disorder that occurs due to repeated motion, particularly if the movement is not performed properly. It primarily affects the tendons, which are the bands of tissue that connect muscles to bones. Tendinitis can manifest as pain and swelling in the affected area, often localized near a joint, causing discomfort during movement or at night. This condition can be acute or chronic, depending on the severity and duration of symptoms. Treatment typically involves rest, physical therapy, and medication to alleviate pain and promote healing. In some cases, surgical intervention may be necessary to address severe or persistent tendinitis."
0.6765015125274658,0.7571234107017517,0.4512917498747508,0.49946630001068115,0.3412601749102274,0.1146371709654413,0.13632796081900855,1.0,0.0,0.49946630001068115,0.8039532899856567,0.7431185245513916,0.2274881516587678,0.0665083135391924,0.11137440758293839,0.848499059677124,0.8104830980300903,0.8290554881095886,146,0.20916905444126074,0.3,0.28154497500509024,-0.062168464064598083,6,1,1,0,0,0,How to diagnose Gallstones ?,Gastrointestinal,"Diagnosing gallstones typically involves a combination of clinical evaluation and imaging tests:

1. **Clinical Evaluation**: Your doctor will take a detailed history about your symptoms, including frequency and duration, location of pain, and how it affects daily activities.
2. **Physical Examination**: A physical examination may include palpation of the abdomen for signs of tenderness or enlargement of the liver, spleen, or appendix.
3. **Imaging Tests**: Depending on the results of the initial assessment, you might be referred to one or more imaging studies:
   - **Ultrasound**: This is the most common test used to look at the gallbladder and biliary system, which includes the gallbladder, bile ducts, and pancreas. It's non-invasive and provides visual images of these structures.
   - **CT Scan**: If there are concerns regarding gallstones, especially in cases where they are suspected due to symptoms, a CT scan can help visualize the gallbladder, the bile"
0.6223288575808207,0.669590950012207,0.3433039387067159,0.39658161997795105,0.33425007263819373,0.500810116857021,0.9152312620472063,0.9579240443214567,0.0,0.39658161997795105,0.36283934116363525,0.8108444213867188,0.2026431718061674,0.05333333333333333,0.12334801762114538,0.8721226453781128,0.8078663349151611,0.8387656807899475,41,0.22404371584699453,0.12195121951219512,0.5437758266925812,0.37231963872909546,1,1,1,0,0,0,What is (are) Parkinson's Disease ?,Neurological,"Parkinson's disease is a neurodegenerative disorder characterized by progressive changes in the nervous system that result in motor dysfunction, such as tremors, rigidity, bradykinesia, and postural instability. It affects millions of people worldwide and is considered a type of movement disorder."
0.6352572441101074,0.7381698489189148,0.6351232131322225,0.7468628883361816,0.3425711592038473,0.29887919048591804,0.35627181123163676,0.9501354450465144,1.0,0.7468628883361816,0.8301787376403809,0.8314220309257507,0.3018867924528301,0.1176470588235294,0.22641509433962262,0.9244232177734375,0.851057231426239,0.8862243890762329,12,0.3,0.16666666666666666,0.6557043790817261,0.6557043790817261,0,1,1,0,0,0,What is (are) Lung Cancer ?,Respiratory,Lung cancer is a type of cancer that develops in the lungs.
0.5446814298629761,0.6210732460021973,0.616456945737203,0.6386648416519165,0.21613043546676636,0.39974149622418903,0.7652877475339107,0.9735854847644363,1.0,0.6386648416519165,0.8240224719047546,0.7210943102836609,0.26605504587155965,0.09885057471264368,0.13990825688073394,0.8441556692123413,0.7917988300323486,0.8171394467353821,167,0.2362093352192362,0.54,0.4587474962075551,0.25466686487197876,5,1,1,0,0,0,"What is (are) Diabetes, Heart Disease, and Stroke ?",Cardiovascular,"Diabetes, heart disease, and stroke are all related to prediabetes and type 2 diabetes. 

- Diabetes is a metabolic disorder characterized by elevated blood glucose levels. It occurs when the pancreas does not produce enough insulin or when the body fails to effectively use insulin, leading to excess glucose production and storage in the bloodstream instead of being used as energy.

- Heart disease refers to any condition that affects the heart muscle or its function. Risk factors for heart disease include smoking, high blood pressure, high cholesterol, obesity, diabetes, and a family history of cardiovascular disorders.

- Stroke is a medical emergency caused by a lack of blood supply to the brain. It can occur due to various reasons like atherosclerosis, a buildup of plaque in the arteries, or a rupture of a blood vessel in the brain. Stroke symptoms typically include sudden numbness or weakness in the face, arm, or leg, along with difficulty speaking or understanding speech.

In summary, diabetes, heart disease, and stroke"
0.39275556802749634,0.43773508071899414,0.2558370629946391,0.3602914810180664,0.5679504474004109,0.15669156115161847,0.17994663962986873,0.9949693494340689,0.0,0.3602914810180664,0.42195263504981995,0.7104002237319946,0.13389121338912133,0.01687763713080169,0.1087866108786611,0.8094502687454224,0.8179547190666199,0.8136802911758423,156,1.9024390243902438,0.23529411764705882,0.21702002547681332,-0.055274538695812225,14,1,1,0,0,0,How to prevent Balance Problems ?,Neurological,"To prevent balance problems, consider the following strategies:

1. Improve foot health: Ensure your feet have proper arch support and wear comfortable shoes that provide adequate cushioning.
2. Strengthen core muscles: Strengthening your abdominal, hip flexor, and gluteal muscles can improve overall stability and balance.
3. Use stability balls and resistance bands: These tools can help improve your core strength and coordination, enhancing your ability to maintain balance.
4. Practice yoga or Pilates: These practices focus on improving core strength, flexibility, and balance, which can significantly enhance your ability to stay upright.
5. Maintain a healthy weight: Being overweight or obese can contribute to poor balance; losing weight through a healthy diet and regular exercise can improve your stability.
6. Avoid overexertion: Reducing the intensity and duration of physical activity can help minimize the risk of falls due to muscle fatigue.
7. Stay hydrated: Dehydration can lead to muscle cramps and decreased coordination, making it harder"
0.6041770577430725,0.6289331316947937,0.5518811345100403,0.593159556388855,0.33323039611180627,0.2993619416470412,0.5933052107716968,0.9698749686185618,1.0,0.593159556388855,0.7905617356300354,0.8136791586875916,0.3020833333333333,0.021052631578947368,0.13541666666666666,0.8315514326095581,0.8371776342391968,0.8343550562858582,114,1.5,0.1111111111111111,0.6139974147081375,0.454685240983963,1,1,1,0,0,0,Is Lupus inherited ?,Musculoskeletal,"Yes, lupus is an autoimmune disease, meaning your immune system mistakes your body's own tissues as foreign invaders and attacks them. This can lead to inflammation throughout various parts of your body, including your skin, joints, and organs like the heart and lungs. While there is no single gene responsible for lupus, genetic factors play a significant role in predisposing individuals to the condition. If someone has a family history of lupus, they are at higher risk than others. Environmental factors such as exposure to sunlight, infections, or specific medications can also trigger the onset of lupus. Therefore, while lupus is not considered hereditary, it is influenced by both genetic predispositions and environmental exposures."
0.3430568178494771,0.3823636770248413,0.2554174065589905,0.2803972363471985,0.17713997761408484,-0.3538345255659126,-0.2357771752297186,0.9704884516039869,0.0,0.2803972363471985,0.507777988910675,0.7464548945426941,0.2624113475177305,0.06761565836298931,0.12765957446808512,0.8344056010246277,0.7628170251846313,0.7970070242881775,160,0.4050632911392405,0.3170731707317073,0.2847456641495228,0.05584809556603432,10,0,1,0,0,1,what research (or clinical trials) is being done for Prostate Cancer ?,Unrelated,"I'm sorry, but I can't provide you with the most recent information or updates regarding ongoing research or clinical trials related to prostate cancer as this could be influenced by various factors such as funding availability, patient interest, and changes in medical science. However, there are many organizations dedicated to advancing the field of prostate cancer research and conducting clinical trials that aim to improve treatment options and outcomes.

Some well-known organizations involved in prostate cancer research include:

1. American Society of Clinical Oncology (ASCO): This organization focuses on providing education and resources about cancer care, including prostate cancer.

2. National Cancer Institute (NCI): The NCI supports research and conducts clinical trials for various types of cancer, including prostate cancer.

3. European Organisation for Research and Treatment of Cancer (EORTC): EORTC is a leading international cancer research center that conducts numerous studies aimed at improving cancer treatments.

4. American Urological Association (AUA): The AUA provides education and resources for uro"
0.6499392588933309,0.7424641847610474,0.5787917772928873,0.6380645036697388,0.336758017539978,0.4550279583762277,0.6255803618233505,0.9528431345516215,1.0,0.6380645036697388,0.6734858751296997,0.784203052520752,0.2783882783882784,0.08118081180811808,0.16849816849816848,0.8496102690696716,0.805810809135437,0.8271311521530151,103,0.5988372093023255,0.18421052631578946,0.5113336592912674,0.09933348000049591,2,1,1,0,0,0,What is (are) Kidney Cancer ?,Kidney/Renal,"Kidney cancer is a type of cancer that originates from the kidneys, which are two bean-shaped organs located behind the abdominal organs. They are typically found on either side of the spine. Renal cell carcinoma is the most common type of kidney cancer, while other uncommon types include Wilms tumor, which affects young children, and mesothelioma, which involves the lining of the lungs, liver, or peritoneum. The diagnosis of kidney cancer may involve imaging techniques like computed tomography (CT) scans, which can help identify small tumors within the kidneys. Treatment options may vary depending on the specific type and stage of the cancer."
0.7480787634849548,0.7862024307250977,0.618062953154246,0.7111778259277344,0.28001018365224206,0.6060347705200623,1.0297889535800644,0.9816063806996895,0.6666666666666666,0.7111778259277344,0.6825149655342102,0.8484630584716797,0.24267782426778242,0.06751054852320675,0.17573221757322177,0.8261518478393555,0.7986493110656738,0.8121678233146667,59,0.3277777777777778,0.21951219512195122,0.6721135377883911,0.5396202802658081,0,1,1,0,0,0,What is (are) Chronic Kidney Disease ?,Kidney/Renal,"Chronic kidney disease is a general term used to describe a group of kidney diseases that occur gradually and lead to kidney dysfunction. It can be caused by various factors such as high blood pressure, diabetes, glomerulonephritis, interstitial nephritis, prolonged obstruction of the urinary tract, recurrent kidney infections, and certain types of inherited kidney diseases like polycystic kidney disease."
0.3255112071832021,0.38494688272476196,0.27897075812021893,0.3243277370929718,0.7366870890061061,0.25764484501846446,0.5802915114951466,0.9072006411725713,0.0,0.3243277370929718,0.8436779975891113,0.7911216020584106,0.3564356435643564,0.05999999999999999,0.1485148514851485,0.8678023815155029,0.8141113519668579,0.8400998711585999,86,0.7678571428571429,0.2413793103448276,0.30542767643928526,0.24896714091300964,5,1,1,0,0,0,How to prevent Hemochromatosis ?,Endocrine/Metabolic,"Hemochromatosis is a genetic disorder that affects the way the body uses iron. Prevention methods depend on the underlying genetic cause. In most cases, there isn’t much we can do to prevent the disorder since it’s a hereditary condition that runs in families. However, early diagnosis and treatment can help manage its effects and improve quality of life. If you suspect you might have hemochromatosis based on family history, it’s important to consult with a healthcare provider who can perform tests and recommend appropriate management strategies."
0.6498420834541321,0.6551603078842163,0.4739137887954712,0.6280756592750549,0.39439431826273597,0.4275985149619948,0.48083293801286364,0.8879390715355411,0.3333333333333333,0.6280756592750549,0.48063451051712036,0.7290100455284119,0.2653061224489796,0.03092783505154639,0.14285714285714288,0.8407662510871887,0.8556431531906128,0.8481394052505493,107,1.3048780487804879,0.23809523809523808,0.46346986293792725,0.31884920597076416,2,1,1,0,0,0,What is the outlook for Parkinson's Disease ?,Neurological,"The outlook for Parkinson's disease varies depending on various factors, such as age at diagnosis, genetic predisposition, and the specific subtype of Parkinson's disease. However, in general, Parkinson's disease is a progressive neurodegenerative disorder that affects about 1 million people worldwide and causes significant disability and quality-of-life issues for those affected. Despite this, the use of drugs and other therapies has improved the lives of many patients, allowing them to manage their symptoms and maintain some level of independence. It's important for individuals diagnosed with Parkinson's disease to work closely with their healthcare team to develop an individualized treatment plan that addresses their specific needs and goals."
0.632499615351359,0.7053335905075073,0.6450517177581787,0.7763838768005371,0.39174244801203406,0.43545495165058856,0.5411478807330359,0.99310858216341,1.0,0.7763838768005371,0.7373974323272705,0.7996650338172913,0.20408163265306126,0.04436860068259385,0.11224489795918367,0.8344181776046753,0.8015672564506531,0.8176629543304443,123,0.2633832976445396,0.20833333333333334,0.25396971698654325,-0.09089721739292145,13,1,1,0,0,0,What are the symptoms of Rheumatoid Arthritis ?,Musculoskeletal,"The symptoms of Rheumatoid Arthritis include:

1. Painful, warm, swollen joints.  
2. Joint stiffness that is worse in the mornings and after periods of rest. It lasts for 45 minutes or longer.  
3. Tiredness, fever, and not wanting to eat.  
4. Rheumatoid arthritis affecting only a few joints initially, then spreading to more joints.  
5. Most commonly affecting the small joints of the hands and feet.  
6. Symptom spread to more joints, affecting the wrists, elbows, hips, knees, and ankles.  
7. Most frequently affecting the same joints on both sides of the body.  
8. Some people experiencing symptom fluctuations, with flares followed by remissions.  
9. Increased risk of osteoporosis, rheumatoid nodules, dry eyes/mouth, infections, carpal tunnel syndrome, heart problems, lung disease, and lymphoma."
0.41204553842544556,0.45963388681411743,0.3056146800518036,0.41004472970962524,0.5337057809034984,1.1499969696954877,2.637403228018973,1.0,0.0,0.41004472970962524,0.5687093734741211,0.7733819484710693,0.25688073394495414,0.07407407407407407,0.12844036697247707,0.8249220252037048,0.8616607189178467,0.8428912162780762,150,2.272727272727273,0.4444444444444444,0.18175420071929693,-0.07356458902359009,16,0,1,0,0,1,What are the treatments for Prostate Cancer ?,Unrelated,"Prostate cancer is diagnosed based on symptoms, blood test results, physical exam findings, prostate biopsy results, and imaging tests like computed tomography (CT) scans, magnetic resonance imaging (MRI), or ultrasound. The following are common treatment options:

1. Surgery: Surgical removal of the prostate gland. This is usually performed as an outpatient procedure under general anesthesia.

2. Radiotherapy: High-energy x-rays directed at the prostate gland to destroy the cancer cells. The treatment is delivered over several weeks.

3. Hormone therapy: Medications like androgens, which block the action of male hormones that stimulate growth of prostate tissue. These drugs can slow the progression of the cancer.

4. Immunosuppressive therapies: Drugs that inhibit immune responses against cancer cells, such as checkpoint inhibitors. 

5. Active surveillance: Observing the tumor without treatment until its growth is slow or stopped.

6. Watchful waiting: Monitoring the prostate tumor size and appearance, especially in men younger than 6"
0.528117815653483,0.6153204441070557,0.5088815987110138,0.6149423122406006,0.37353700399398804,0.8296699789984755,1.3990664770473455,0.9992934897222342,0.3333333333333333,0.6149423122406006,0.6983509063720703,0.7339872121810913,0.3054545454545454,0.05128205128205128,0.14545454545454545,0.8268673419952393,0.8428552150726318,0.834784746170044,155,1.3362068965517242,0.3333333333333333,0.3239791274748065,-0.02664065733551979,9,1,1,0,0,0,What are the treatments for Stroke ?,Cardiovascular,"The treatments for stroke depend on the cause and severity of the stroke. The main goal of stroke treatment is to minimize damage to the brain by removing any blockages in the blood vessels and treating life-threatening conditions. Here are some common treatments:

1. **Thrombectomy**: In severe cases where a clot is blocking the flow of blood to the brain, a procedure called thrombectomy may be performed to remove the clot. This involves inserting a catheter into a vein near the heart and then threading it through the body to reach the blocked artery.

2. **Endovascular Therapy**: If a clot has not completely cleared, endovascular therapy (EVT) may be recommended. This involves inserting a stent or支架 into the blocked arteries to keep blood flowing. This device is inserted via the femoral artery and placed in the affected artery, either in a carotid or iliac artery.

3. **Blood Thinner**: In some cases, medication such as warfarin"
0.5415043632189432,0.5767601132392883,0.5315965414047241,0.6011446714401245,0.29250417153040564,0.42738103162145386,0.8682925249920643,0.9524596760082625,0.6666666666666666,0.6011446714401245,0.6892827749252319,0.8013768196105957,0.32398753894081,0.03761755485893417,0.161993769470405,0.8177398443222046,0.8296509981155396,0.8236523270606995,153,0.9444444444444444,0.3103448275862069,0.28388888218129676,-0.03270285204052925,9,1,1,0,0,0,what research (or clinical trials) is being done for Alzheimer's Disease ?,Neurological,"There are several ongoing research initiatives and clinical trials aimed at addressing various aspects of Alzheimer's disease:

1. **Drug Discovery**: Researchers are exploring new drugs to treat the underlying causes of Alzheimer's disease, such as amyloid beta and tau proteins. These include small molecules and biologics like monoclonal antibodies and other therapeutic agents targeting these specific protein aggregates.

2. **Gene Therapy**: There is ongoing research into gene therapies designed to prevent or halt the development of Alzheimer’s by correcting genetic mutations associated with the disease.

3. **Neuroprotection**: Research is investigating ways to protect neurons from damage caused by Alzheimer’s, which could potentially slow its progression. This includes efforts to develop safer forms of treatments for neurodegenerative diseases.

4. **Brain Imaging**: Advanced imaging techniques like magnetic resonance imaging (MRI), positron emission tomography (PET), and functional MRI are used to monitor changes in brain structure and activity related to Alzheimer's disease.

5. **Genetic Studies**: Genetic"
0.6057518323262533,0.6323435306549072,0.6883177955945333,0.7892339825630188,0.3710613052050272,0.34715681541059856,0.7659510191084978,0.9031154981448691,1.0,0.7892339825630188,0.7049710750579834,0.7341426014900208,0.11444141689373297,0.0,0.08174386920980926,0.8402611017227173,0.7774922847747803,0.8076589703559875,71,0.23509933774834438,0.10416666666666667,0.4783463329076767,0.3386805057525635,2,1,1,0,0,0,What is (are) Osteoporosis ?,Musculoskeletal,"Osteoporosis is a condition characterized by the weakening of bones due to a lack of proper bone formation and resorption. It primarily affects the skeletal system, affecting both the density and strength of bones. The disease primarily impacts individuals of advanced age, particularly those who have gone through menopause. Other factors that increase one's risk of developing osteoporosis include genetics, low calcium intake, and long-term use of certain medications like corticosteroids."
0.5030511915683746,0.5428909063339233,0.542855421702067,0.6074470281600952,0.3644085923830668,0.8558465631471722,1.5318707403764398,0.9459361102397645,1.0,0.6074470281600952,0.6540247797966003,0.6373722553253174,0.32098765432098764,0.07468879668049792,0.1728395061728395,0.8698710203170776,0.8402733206748962,0.8548160791397095,89,0.5632911392405063,0.375,0.4469102680683136,0.35872983932495117,4,1,1,0,0,0,what research (or clinical trials) is being done for Osteoporosis ?,Endocrine/Metabolic,"There are ongoing research studies focused on developing new treatments for osteoporosis. Some of these efforts involve exploring ways to increase bone density through medication, such as bisphosphonates or selective estrogen receptor modulators. Additionally, scientists are investigating targeted therapies that specifically target bone resorption, which is a key factor in osteoporotic bone loss. There are also clinical trials exploring newer imaging techniques for detecting bone loss and assessing its impact on overall health. These efforts aim to improve understanding of osteoporosis and identify new strategies for prevention and treatment."
0.6771086057027181,0.6911234855651855,0.7233097950617472,0.872534453868866,0.3882005214691162,0.29058747128762746,0.34761461402943594,1.0,1.0,0.872534453868866,0.8296449184417725,0.807707667350769,0.375,0.09790209790209789,0.16666666666666666,0.8588318824768066,0.8666555881500244,0.8627259731292725,164,1.3333333333333333,0.5357142857142857,0.5069314166903496,0.2587808072566986,4,1,1,0,0,0,What is (are) Psoriatic Arthritis ?,Musculoskeletal,"Psoriatic arthritis is a type of arthritis that primarily affects joints, particularly those in the hands and feet. It occurs when psoriasis, an autoimmune disease characterized by raised, scaly plaques on the skin, also impacts other organs and systems throughout the body. This systemic involvement can lead to inflammation, swelling, and pain in various parts of the body.

Psoriatic arthritis differs from other forms of arthritis because it is more common among women than men and tends to appear later in life compared to rheumatoid arthritis. Additionally, it can manifest as a joint disease rather than a generalized inflammatory disorder like osteoarthritis.

The disease begins as a localized skin condition but over time progresses into other parts of the body, including the joints. Symptoms include joint pain, stiffness, and swelling, which can significantly impact daily activities such as walking, carrying objects, and even getting dressed.

Management involves a team approach involving doctors specialized in rheumatology and dermatology, along with patient education on lifestyle modifications"
0.5325923562049866,0.5731419920921326,0.5667533477147421,0.5840250253677368,0.3980465432008108,0.7055052270108725,0.9777175535446869,0.9985969024498464,1.0,0.5840250253677368,0.7766324877738953,0.7819260954856873,0.19487179487179487,0.04639175257731959,0.1282051282051282,0.8653662204742432,0.8193914890289307,0.8417515754699707,74,0.2379421221864952,0.23809523809523808,0.4562920480966568,0.3144749402999878,2,1,1,0,0,0,What are the treatments for Lung Cancer ?,Respiratory,"The treatment for lung cancer depends on the stage and type of cancer. Early-stage lung cancer may require surgery to remove tumors, while advanced stages may require chemotherapy or radiation therapy to target remaining cancerous cells. Immunotherapy, which uses the body's own immune system against cancer cells, is another potential treatment option. Lifestyle changes like quitting smoking, maintaining a healthy diet, and regular physical activity can also help improve overall health and survival rates."
0.5997668107350668,0.6762576103210449,0.7129093805948893,0.8869702816009521,0.3564143180847168,0.8045769934040542,1.2495249545963367,0.8638031097736819,0.6666666666666666,0.8869702816009521,0.8456571102142334,0.7491199374198914,0.39202657807308966,0.08695652173913043,0.17940199335548174,0.8411068916320801,0.7944959998130798,0.8171372413635254,135,0.7894736842105263,0.6111111111111112,0.5917600452899933,0.3249269723892212,2,1,1,0,0,0,What are the symptoms of Bronchitis ?,Respiratory,"The symptoms of bronchitis can vary depending on the severity and duration of the illness. However, some common symptoms include:

- Production of mucus (sputum)
- A sore throat
- Mild headache and body aches
- Slight fever and chills
- Chest discomfort
- Shortness of breath and wheezing
- Nagging cough that lingers for several weeks

These symptoms usually improve within about a week but may persist for several weeks in cases of chronic bronchitis. Chronic bronchitis is diagnosed through a thorough medical history, physical examination, and diagnostic tests such as chest X-ray and sputum culture. Treatment options may include antibiotics in cases of bacterial infection, bronchodilators to help relax the muscles around the airways, and rest and fluids to help manage symptoms. Consultation with a healthcare provider is recommended if experiencing persistent symptoms."
0.7189423243204752,0.7435314655303955,0.6950384974479675,0.8267383575439453,0.2449618776639303,0.33663838271584606,0.7587920233085526,0.9357402232800993,1.0,0.8267383575439453,0.8039348721504211,0.8316431045532227,0.12955465587044535,0.05412719891745602,0.0728744939271255,0.8706874847412109,0.7736800909042358,0.8193223476409912,65,0.09878419452887538,0.3,0.27097905427217484,0.03343845158815384,6,1,1,0,0,0,What causes Cushing's Syndrome ?,Endocrine/Metabolic,"Cushing's Syndrome is caused by having too much cortisol in the body. Cortisol is a hormone that is made in the adrenal glands. It helps the body respond to stress and plays many other important roles, including:

- Controlling blood pressure.
- Reducing inflammation.
- Helping the heart and blood vessels work correctly.
- Controlling blood sugar.
- Helping the body use food for energy."
0.6352572441101074,0.7381698489189148,0.6499568819999695,0.7677779197692871,0.3425711592038473,0.29887919048591804,0.35627181123163676,0.9270106335287783,1.0,0.7677779197692871,0.7339245676994324,0.7414573431015015,0.23423423423423423,0.10876132930513596,0.20420420420420418,0.8374001979827881,0.7271206974983215,0.7783737778663635,70,0.26717557251908397,0.2682926829268293,0.485167033970356,0.23724135756492615,1,1,1,0,0,0,What is (are) Lung Cancer ?,Respiratory,"Lung cancer refers to a group of diseases in which abnormal cells grow uncontrollably in the lungs. It can occur due to various causes such as exposure to carcinogens, genetic mutations, infections, and environmental factors. Some common types of lung cancer include non-small cell lung cancer (NSCLC), small cell lung cancer, and others like adenocarcinoma. Treatment options vary based on the type of lung cancer, stage, and patient's overall health."
0.30044936140378314,0.33535197377204895,0.23819542427857718,0.3530052900314331,0.6468131840229034,0.25609669561182646,0.5905325602854656,0.9832812296263497,0.0,0.3530052900314331,0.5784308910369873,0.6942853927612305,0.07200000000000001,0.00806451612903226,0.04,0.7930953502655029,0.7306023240089417,0.760567307472229,160,2.5,0.2,0.19862383190128538,-0.05057724192738533,9,0,1,0,0,1,What is (are) Age-related Macular Degeneration ?,Unrelated,"Age-related macular degeneration (AMD) is a group of diseases that affect the retina of the eye. It primarily occurs due to damage caused by free radicals in the body. AMD is categorized into two types:

1. **Dry AMD** - This type of AMD usually appears in older adults, especially those over the age of 50, and is characterized by gradual loss of central vision. Dry AMD progresses slowly, although some patients experience rapid progression. 

2. **Wet AMD** - Also referred to as neovascular AMD, this form of AMD typically starts in middle-aged individuals and progresses rapidly, causing significant vision loss within weeks to months. Wet AMD involves abnormal growth of blood vessels beneath the retina, leading to the development of new drusen, the yellowish deposits seen in early stages of the disease. The wet stage of AMD leads to the formation of new, abnormal blood vessel growths, which then bleed and leak fluid, further damaging the retinal tissue and reducing"
0.5968822042147318,0.6218231320381165,0.756201962629954,0.819271445274353,0.3371934096018473,0.49598356251026665,0.5836563296513998,0.988344138572149,1.0,0.819271445274353,0.7019823789596558,0.7307602167129517,0.3246753246753247,0.09130434782608697,0.12987012987012989,0.8458310961723328,0.8332072496414185,0.8394717574119568,153,0.48264984227129337,0.425,0.31077863338092965,-0.07034419476985931,10,1,1,0,0,0,What to do for Celiac Disease ?,Gastrointestinal,"If you suspect you have celiac disease, follow these steps:

1. **Seek Professional Help**: Consult with your healthcare provider, who will perform a physical exam and conduct tests to diagnose celiac disease based on symptoms, blood tests, and imaging studies. Early diagnosis is crucial for effective management and treatment.

2. **Follow a Gluten-Free Diet**: Once diagnosed, start a gluten-free diet immediately to avoid further damage to the small intestine. Avoid all sources of gluten, which includes wheat, barley, and rye. For some people, a low-carbohydrate diet may work well too, but it’s important to consult with a healthcare professional to tailor the diet to meet your specific needs.

3. **Educate Yourself About Celiac Disease**: Understand the impact of celiac disease on the body and how dietary modifications can improve symptoms and health outcomes. Learn about common symptoms like diarrhea, bloating, and fatigue, and know what to look out for.

4. **Monitor Symptoms**: Regularly"
0.6423803766568502,0.7174045443534851,0.6354251702626547,0.7393792271614075,0.35423419872919715,0.9765356382089591,2.695109329367239,0.990509961807073,1.0,0.7393792271614075,0.5686357021331787,0.5189985036849976,0.2978723404255319,0.04444444444444444,0.2553191489361702,0.8672796487808228,0.8720595836639404,0.8696630597114563,19,0.6785714285714286,0.21428571428571427,0.5823188424110413,0.5823188424110413,0,1,1,0,0,0,Who is at risk for Osteoporosis? ?,Endocrine/Metabolic,"Women who are white or of Asian descent, especially older women who are past menopause, are at highest risk."
0.4444606304168701,0.47225281596183777,0.32896416385968524,0.36406731605529785,0.3511634270350138,0.21912991014800384,0.44600645702620556,0.9799077128481749,0.0,0.36406731605529785,0.6441032886505127,0.7298135757446289,0.2843601895734597,0.057416267942583726,0.13270142180094788,0.8469105958938599,0.8555588722229004,0.8512127995491028,146,2.246153846153846,0.5238095238095238,0.3256477216879527,0.12424516677856445,5,0,1,0,0,1,What is (are) Prostate Cancer ?,Unrelated,"Prostate cancer is a type of cancer that develops from cells in the prostate gland, which is a part of the male reproductive system. It's the second most common cancer among men after lung cancer and the most common cancer in developed countries. The exact causes of prostate cancer are not fully understood, but they are thought to involve genetic factors as well as lifestyle choices such as diet, obesity, smoking, and lack of exercise. The symptoms of prostate cancer can vary depending on the stage of the disease and its location within the prostate gland, including pain during urination, difficulty passing urine, blood in the urine, and even the inability to pass urine completely. Treatment options for prostate cancer include surgery, radiation therapy, chemotherapy, hormonal therapy, and immunotherapy. It's important to note that early detection and treatment are key to improving outcomes and survival rates."
0.6752680540084839,0.7066491842269897,0.5914055307706197,0.664478063583374,0.31431667009989417,0.5962692392615873,1.1239307517882413,1.0,0.6666666666666666,0.664478063583374,0.6208123564720154,0.774696946144104,0.22972972972972974,0.06787330316742082,0.16216216216216217,0.8430366516113281,0.8331488370895386,0.8380635380744934,110,0.3384615384615385,0.3333333333333333,0.5505321264266968,0.24117180705070496,2,1,1,0,0,0,What is (are) Heart Failure ?,Cardiovascular,"Heart failure is a medical condition characterized by the inability of the heart to pump blood effectively, resulting in insufficient blood flow throughout the body. It is typically caused by various factors such as coronary artery disease, heart attack, high blood pressure, heart valve disease, inflammation of the heart muscle, congenital heart defects, and irregular heart rhythms. Common symptoms of heart failure include fatigue, shortness of breath, swelling in the legs or ankles, coughing, chest pain, and dizziness. Diagnosis is primarily based on physical examination, laboratory tests, imaging studies, and electrocardiogram (ECG). Treatment options include lifestyle modifications, medication, and sometimes heart transplantation or use of mechanical devices like a pacemaker."
0.622098445892334,0.6971147060394287,0.6384612123171488,0.7406156659126282,0.3723322550455729,0.13868359260483498,0.22062993907633696,1.0,1.0,0.7406156659126282,0.751223087310791,0.7718676328659058,0.282051282051282,0.06034482758620689,0.17094017094017097,0.8186424374580383,0.8306175470352173,0.8245865106582642,146,1.6590909090909092,0.2608695652173913,0.3570512846971934,-0.07330647855997086,6,1,1,0,0,0,What is (are) Kidney Disease ?,Kidney/Renal,"Kidney disease refers to a group of disorders that affect the function of the kidneys. There are various types of kidney diseases, including:

1. **Chronic Kidney Disease**: This is a progressive condition where the kidneys gradually lose their ability to filter waste products and maintain proper fluid balance due to damage over time.
2. **Diabetes-related kidney disease**: Commonly known as diabetic kidney disease, this type develops when high blood sugar levels lead to kidney damage.
3. **Glomerulonephritis**: A form of kidney disease characterized by inflammation of the glomeruli (the tiny filters that clean blood before it reaches the rest of the kidney).
4. **Interstitial nephritis**: An inflammatory condition affecting the tissue between the layers of the kidney.
5. **Polycystic kidney disease**: A genetic condition leading to cysts forming in the kidneys' tubular systems and surrounding tissues.
6. **Vesicoureteral reflux**: A condition where urine flows backward into"
0.6011772354443868,0.6349933743476868,0.5995524724324545,0.6975364685058594,0.30487191677093506,0.2079069457437834,0.4146003319949699,0.9499678445388383,1.0,0.6975364685058594,0.7206769585609436,0.7114571332931519,0.17534246575342463,0.011019283746556472,0.10410958904109589,0.8347629308700562,0.7984544038772583,0.8162050247192383,92,0.3262411347517731,0.075,0.4854867532849312,0.11518380045890808,1,1,1,0,0,0,What to do for Gallstones ?,Gastrointestinal,"If you suspect you may have gallstones, it is important to consult with your healthcare provider as soon as possible. Signs and symptoms of gallstones should be addressed promptly, particularly if they indicate a potential complication such as abdominal pain or jaundice. The prevention strategies mentioned in the context also apply, including maintaining a balanced diet rich in fiber, losing weight at a moderate pace, eating a healthy weight, and engaging in regular physical activity. Regular check-ups with your healthcare provider can help detect and manage any issues related to gallstones early."
0.6200217207272848,0.6384373903274536,0.7646964987119039,0.8595224022865295,0.25678960482279456,0.5436866270022224,0.610272381832469,0.9930351331379412,1.0,0.8595224022865295,0.8700131177902222,0.7482629418373108,0.25,0.07672634271099744,0.125,0.8461073637008667,0.8243569135665894,0.8350905179977417,140,0.22544283413848631,0.5102040816326531,0.34633174864575267,-0.018486863002181053,9,1,1,0,0,0,What are the symptoms of Cystic Fibrosis ?,Respiratory,"Cystic fibrosis (CF) symptoms can vary widely and depend on which organs are affected and how severe the condition is. The severity of the disease can also affect how frequently symptoms occur and what their characteristics are. However, some common symptoms of CF include:

  * Persistent coughing that doesn’t go away and brings up thick mucus.
  * Wheezing, especially in young children.
  * Limited ability to do physical activity before becoming very tired.
  * Repeated lung infections, including bronchiolitis, bronchitis, and pneumonia.
  * Irritated and swollen nasal passages or a stuffy nose.
  * Repeated sinus infections.
  * Thick mucus caused by CF that blocks tubes that carry digestive enzymes from the pancreas to the small intestine, resulting in:
    * Foul-smelling, greasy stools.
    * Poor weight gain and growth.
    * Blocked intestines, more likely to happen in newborns.
    * Ongoing or"
0.6290315985679626,0.6473139524459839,0.46452120939890545,0.5225095748901367,0.2532174984614054,0.073664073107486,0.08162450136385131,0.9376186918734816,0.3333333333333333,0.5225095748901367,0.69883793592453,0.748580276966095,0.25925925925925924,0.046511627906976744,0.12037037037037036,0.8424264192581177,0.7253711819648743,0.7795289158821106,114,0.3619047619047619,0.21951219512195122,0.4802258491516113,0.3415414094924927,2,1,1,0,0,0,What causes High Blood Cholesterol ?,Cardiovascular,"High blood cholesterol levels occur when there is an excess production of cholesterol in the body, typically due to an imbalance between the production of cholesterol and its elimination through excretion or metabolism. This can happen due to genetic factors, diet, and certain lifestyle behaviors. When the body produces too much cholesterol, it collects in the bloodstream, which can lead to higher cholesterol levels. High blood cholesterol can be further exacerbated by factors like smoking, physical inactivity, and a poor diet that lacks essential nutrients needed for optimal health. Therefore, maintaining healthy dietary habits, regular exercise, avoiding excessive alcohol consumption, and seeking advice from healthcare professionals are important measures to manage high blood cholesterol."
0.6238528887430826,0.66131591796875,0.5425493915875753,0.6065436005592346,0.36972536643346154,0.20874465744034598,0.22426475993528958,1.0,0.6666666666666666,0.6065436005592346,0.6453484296798706,0.6867160201072693,0.2105263157894737,0.07446808510638299,0.15789473684210528,0.9112074375152588,0.824152946472168,0.8654966354370117,26,0.16560509554140126,0.15217391304347827,0.6322472095489502,0.6297279596328735,0,1,1,0,0,0,Who is at risk for Lung Cancer? ?,Respiratory,People who smoke have the greatest risk of lung cancer. The risk of lung cancer increases with the length of time and number of cigarettes smoked.
0.7017156680425009,0.7969021201133728,0.5039021869500478,0.5767390727996826,0.2931692202885946,0.9943862061284406,1.738796761962067,0.9653315478433165,0.6666666666666666,0.5767390727996826,0.6530377268791199,0.8407554626464844,0.24719101123595505,0.022727272727272724,0.1460674157303371,0.8118302822113037,0.8323848247528076,0.8219790458679199,120,2.0689655172413794,0.1875,0.30212875762406516,0.03807802498340607,16,1,1,0,0,0,What are the symptoms of Polycystic Kidney Disease ?,Kidney/Renal,"The symptoms of Polycystic Kidney Disease (PCKD) can include:

1. High blood pressure
2. Belly, side, or back pain
3. Blood in the urine
4. A feeling of fullness in the belly
5. Increased size of the belly from enlarged kidneys
6. Kidney stones
7. Kidney failure
8. Urinary tract or kidney infections
9. Persistent pain or discomfort in the legs
10. Swelling in the legs, arms, or ankles
11. Changes in skin color, especially redness or blueness
12. Cold or numb feet
13. Fatigue or weakness
14. Rapid heartbeat or shortness of breath
15. Weight gain or difficulty losing weight
16. Feeling thirsty or needing to urinate frequently

These symptoms can progress over time and require prompt medical attention."
0.5581058263778687,0.6043665409088135,0.5995758573214213,0.6042337417602539,0.33531300226847327,0.26760453196451145,0.4460233875875491,0.9962528343052871,1.0,0.6042337417602539,0.9541125297546387,0.7129199504852295,0.40476190476190477,0.1951219512195122,0.3095238095238095,0.8974012136459351,0.9170023798942566,0.9070959687232971,45,1.1538461538461537,0.5333333333333333,0.4393014709154765,0.3019217848777771,2,1,1,0,0,0,What is (are) COPD ?,Respiratory,"Chronic Obstructive Pulmonary Disease (COPD) is an ongoing lung condition caused by damage to the lungs. The damage results in swelling and irritation, also called inflammation, inside the airways that limit airflow into and out of the lungs. This limited airflow is known as obstruction."
