avg_q_to_ctx_similarity,max_q_to_ctx_similarity,avg_gt_to_ctx_similarity,max_gt_to_ctx_similarity,retrieval_diversity,ndcg@k,context_relevance,context_coverage,semantic_similarity,answer_question_relevance,answer_length,length_ratio,key_term_coverage,faithfulness_score,min_sentence_support,unsupported_sentences,is_relevant,should_answer,correct_abstention,incorrect_abstention,hallucination,question,category,generated_answer
0.7058329780896505,0.7596172094345093,0.6989986896514893,0.7780253887176514,0.2604300181070963,0.9960187661276857,1.0,0.7780253887176514,0.814044713973999,0.8254727721214294,15,0.025996533795493933,0.12,0.5056474506855011,0.2736057639122009,1,1,1,0,0,0,What causes Hypothyroidism ?,Endocrine/Metabolic,Autoimmune disease. The most common cause of hypothyroidism is an autoimmune disease called Hashimoto's disease.
0.5153392950693766,0.5428909063339233,0.6006145477294922,0.6739618182182312,0.4113415082295736,0.9377778517583688,1.0,0.6739618182182312,0.6437312960624695,0.7580659985542297,144,0.9113924050632911,0.2972972972972973,0.24317694556984035,-0.08170077204704285,8,1,1,0,0,0,what research (or clinical trials) is being done for Osteoporosis ?,Musculoskeletal,"There are several ongoing clinical trials related to osteoporosis:

1. ""Bone Health Study"": This study aims to investigate the impact of lifestyle factors, including physical activity, dietary intake, and bone density, on osteoporosis prevention and treatment outcomes among older adults. It is conducted by the National Institute on Aging (NIA) and involves multiple participating centers across the United States.

2. ""OSTEOPORTROPS-4"": This is a randomized controlled trial evaluating the effects of bisphosphonates, which are drugs used to treat osteoporosis, on fracture rates compared to placebo in postmenopausal women. The trial includes nearly 2,000 participants.

3. ""The FRAX Study"": FRAX is a clinical trial examining the effectiveness of different osteoporosis treatments. Participants undergo assessments to determine the risk of fractures and receive different types of medication based on their results. Over time, they are assessed again for changes in their risk scores and outcomes.

These"
0.6405911445617676,0.66131591796875,0.6035004059473673,0.6793837547302246,0.3904594381650289,0.9983022255330944,1.0,0.6793837547302246,0.6372007131576538,0.6259674429893494,42,0.07253886010362694,0.1,0.6322287718454996,0.6297280192375183,0,1,1,0,0,0,Who is at risk for Lung Cancer? ?,Respiratory,"People who smoke have the greatest risk of lung cancer. The risk of lung cancer increases with the length of time and number of cigarettes smoked. Quitting smoking, even after smoking for many years, significantly lowers the chances of developing lung cancer."
0.6260726451873779,0.6507173776626587,0.46223758657773334,0.5074807405471802,0.18864707152048743,1.0,0.3333333333333333,0.5074807405471802,0.386155366897583,0.6863546371459961,136,0.5596707818930041,0.15625,0.36297782734036443,-0.052067141979932785,7,1,1,0,0,0,What is (are) Urinary Tract Infections in Children ?,Kidney/Renal,"Urinary Tract Infections (UTIs) in children can occur due to several factors:

1. **Bacterial Infections**: The most common cause of UTIs in children is bacterial infection. Bacteria like Escherichia coli (E. coli), Streptococcus pneumoniae, and Staphylococcus aureus are typically responsible for these infections. These bacteria can be passed from the intestines via fecal-oral transmission.

2. **Ingestion of Certain Foods**: Consuming certain foods like spicy foods, dairy products, or fruits high in acid content can lead to UTIs in children. These foods can irritate the lining of the urinary tract and promote the growth of harmful bacteria.

3. **Vaginal Tract Infections**: Vaginitis, which is inflammation of the vagina, can also spread to the urinary tract. This can result in UTIs, especially in young girls who have not yet developed the immune response to fight off vaginal infections"
0.6479026476542155,0.6634538173675537,0.557140568892161,0.5854186415672302,0.3336171507835388,1.0,1.0,0.5854186415672302,0.7750353813171387,0.7769452333450317,129,0.1690694626474443,0.46,0.3014312336842219,-0.1758444905281067,6,1,1,0,0,0,How to diagnose Pulmonary Embolism ?,Cardiovascular,"To diagnose pulmonary embolism, healthcare providers use several tests including:

1. Clinical history: Healthcare providers will ask about any recent travel history, smoking habits, and risk factors for pulmonary embolism such as prolonged卧位或久坐不动、长期使用某些药物（如口服避孕药、抗凝血药）、妊娠和慢性肺部疾病等。

2. Physical examination: This involves assessing your overall health, looking for signs of pulmonary embolism, and checking for any changes in breathing patterns.

3. Imaging studies: Chest X-rays and CT scans are commonly used to visualize lung structures, assess blood flow, and look for signs of pulmonary embolism. More advanced imaging techniques like computed tomography angiography (CTA) may provide better visualization of the lungs and the blood vessels within them.

4. Blood tests: Blood tests can check for signs of clotting disorders that could cause pulmonary embolism. Hematocrit levels are typically checked, as they can rise"
0.6701315442721049,0.73816978931427,0.5643978814284006,0.6276489496231079,0.2583072781562805,1.0,0.6666666666666666,0.6276489496231079,0.6056438684463501,0.7655835747718811,147,2.130434782608696,0.2,0.48103753281757233,0.012018675915896893,4,1,1,0,0,0,What is (are) Lung Cancer ?,Respiratory,"Lung cancer is a disease characterized by the growth of abnormal cells in the lungs. It is the leading cause of cancer deaths worldwide, affecting millions of individuals annually. 

The two main categories of lung cancer are:

1. Small Cell Lung Cancer: This subtype of lung cancer occurs primarily in smokers who have smoked for a long time and has a high mortality rate.

2. Non-Small Cell Lung Cancer: Also known as squamous cell carcinoma, adenocarcinoma, and large cell carcinoma, it encompasses various subtypes and accounts for a larger portion of lung cancer cases.

Treatment options vary depending on the type and stage of lung cancer. Common treatments include surgery, radiation therapy, chemotherapy, targeted therapies, immunotherapy, and sometimes palliative care.

Doctors typically refer to specific departments within Mayo Clinic for diagnosis and management of lung cancer. These departments include Pulmonary Medicine, Thoracic Surgery, Hematology/Oncology, and Medical Oncology."
0.6754080851872762,0.6971146464347839,0.5287636717160543,0.5756680965423584,0.23418597380320227,0.9924939010916214,0.6666666666666666,0.5756680965423584,0.4780403673648834,0.690232515335083,138,0.21904761904761905,0.32653061224489793,0.3629048525666197,-0.055548395961523056,6,1,1,0,0,0,What is (are) Kidney Disease ?,Kidney/Renal,"Kidney disease can be categorized under different categories depending on its severity and underlying causes. Here are a few common types:

1. **Chronic Kidney Disease (CKD)**: This refers to a gradual loss of kidney function that occurs over time due to various factors like diabetes, hypertension, and glomerular disease. CKD stages range from 1 to 5, with Stage 3 being considered moderate.

2. **Focal Segmental Glomerulosclerosis (FSGS)**: An abnormality within the glomerulus (the area of the kidney responsible for filtering blood). It typically leads to impaired filtration and increased proteinuria.

3. **Nephrotic Syndrome**: This is a term used interchangeably with nephritic syndrome, referring to the collection of symptoms related to kidney failure. It involves high levels of protein in the urine due to damage to the glomeruli, causing edema and difficulty in blood filtration.

4. **Polycystic Kidney Disease"
0.3981840709845225,0.42762652039527893,0.50569416085879,0.5439066886901855,0.5039754410584767,1.0,0.6666666666666666,0.5439066886901855,0.632614254951477,0.6475605964660645,41,0.25625,0.0975609756097561,0.4512980580329895,0.39471134543418884,2,0,1,0,0,1,Is Breast Cancer inherited ?,Unrelated,"Yes, breast cancer runs in families. This means that having a blood relative who has breast cancer increases the risk of getting breast cancer. Having more than one family member who has breast cancer or rectal cancer increases the risk more."
0.6934962471326193,0.7228115200996399,0.5620386203130087,0.7576795816421509,0.283937950929006,0.8949986436887677,0.3333333333333333,0.7576795816421509,0.6526474952697754,0.6841898560523987,122,1.150943396226415,0.2692307692307692,0.4898351388318198,0.3303982615470886,4,1,1,0,0,0,What is (are) Gallstones ?,Gastrointestinal,"Gallstones are hard, solid deposits that build up in the gallbladder. They can form in this organ because bile has not been properly removed by the liver. Bile helps break down fats in food, but it builds up over time when the liver does not clear it completely. This buildup can cause problems like inflammation and blockage of the gallbladder duct, leading to pain and discomfort. Gallstones are typically diagnosed through imaging tests like ultrasound or CT scan, which may also show other issues related to gallbladder function. Treatment options include medications, lifestyle changes, and sometimes surgery, depending on the severity and location of the stones. If left untreated, gallstones can lead to complications like infection, bile duct obstruction, and liver damage."
0.440373957157135,0.44881659746170044,0.34900089104970294,0.3906249403953552,0.6776079138120015,0.956046613707911,0.0,0.3906249403953552,0.8536258935928345,0.7796857357025146,87,0.8969072164948454,0.28,0.27324099590380985,0.1510370969772339,6,1,1,0,0,0,What is (are) Wilson Disease ?,Endocrine/Metabolic,"Wilson Disease is a hereditary disorder characterized by the accumulation of copper in various organs such as the liver, kidneys, brain, and skin. It is caused by mutations in the ATP7B gene on chromosome 16. The excess copper damages cells and tissues, leading to various clinical manifestations. The main symptom of Wilson Disease is jaundice, which is due to an increase in bilirubin levels. Other signs include mental retardation, seizures, liver cirrhosis, kidney stones, and neurological disorders. Treatment involves controlling copper levels through dietary modifications and medications."
0.7089817126592001,0.7349662780761719,0.778359035650889,0.8890565633773804,0.2356777389844259,0.9667857496736568,1.0,0.8890565633773804,0.8114851117134094,0.7009515762329102,97,0.46411483253588515,0.43902439024390244,0.6393010139465332,0.5423282980918884,0,1,1,0,0,0,What causes Cystic Fibrosis ?,Respiratory,"In cystic fibrosis, a change in a gene causes problems with the protein that controls the movement of salt and water in and out of cells. This gene is the cystic fibrosis transmembrane conductance regulator (CFTR) gene. It affects the cells that make mucus, sweat and digestive juices. When the CFTR protein doesn't work as it should, the result is thick, sticky mucus in the respiratory, digestive and reproductive systems, as well as extra salt in sweat. Changes in the CFTR gene that cause CF are divided into several different groups based on the problems they cause."
0.48340009649594623,0.48657867312431335,0.5371224681536356,0.6309636235237122,0.36220377683639526,0.9404204142882424,0.6666666666666666,0.6309636235237122,0.7796740531921387,0.6875776052474976,157,0.8092783505154639,0.4666666666666667,0.14456612166638175,-0.054336655884981155,12,1,1,0,0,0,what research (or clinical trials) is being done for Epilepsy ?,Neurological,"As of my last update in 2023, ongoing research is focused on identifying new treatments and therapies for epilepsy, especially for patients who do not respond well to current medications. Some recent studies include:

1. **Brain Imaging**: Scientists are exploring how imaging techniques like fMRI (functional magnetic resonance imaging) can reveal differences in brain activity associated with different forms of epilepsy.

2. **Neurotransmitter Targets**: There is interest in exploring whether drugs targeting neurotransmitters like serotonin, dopamine, or GABA might offer better outcomes compared to current treatments.

3. **Preclinical Models**: The development of animal models that closely mimic human epilepsy is crucial for understanding disease mechanisms and translating discoveries into clinical applications.

4. **Genetic Studies**: Progress is being made in identifying genetic mutations responsible for certain forms of epilepsy, which could potentially lead to targeted gene therapy options.

5. **Translational Neuroscience**: Researchers are trying to develop better ways to translate lab findings into improved treatments for humans. For"
0.5378802220026652,0.5632279515266418,0.4822532534599304,0.512641429901123,0.31237345933914185,0.9904135692568149,0.6666666666666666,0.512641429901123,0.7567376494407654,0.7406491041183472,155,0.1944792973651192,0.3673469387755102,0.2671510169113224,-0.044129423797130585,9,1,1,0,0,0,How to diagnose Urinary Tract Infections in Children ?,Kidney/Renal,"Urinary Tract Infections (UTIs) in children are typically diagnosed based on symptoms and laboratory tests. Here’s how:

1. **Symptoms**: Common symptoms include frequent urination, urgency to urinate, and cloudy urine that might look like dark coffee or tomato sauce.

2. **Laboratory Tests**:
   - **Blood Test**: Blood tests can measure levels of specific proteins in the urine. These can indicate whether there was bleeding during the infection or signs of inflammation.
   - **Urine Culture**: A sample of urine is taken and analyzed under a microscope to check for signs of infection. This test helps identify the exact type of bacteria causing the infection.
   - **Ultrasound Scan**: An ultrasound scan can help doctors visualize the urinary tract, including the kidneys and bladder, and determine whether they are affected by an infection.

3. **Other Diagnostic Tools**: In some cases, imaging techniques such as CT scans or MRI may be used to further assess the extent of infection or"
0.6452865203221639,0.6849287748336792,0.6878325343132019,0.78537917137146,0.3240302006403605,0.9873877134707849,1.0,0.78537917137146,0.5736228227615356,0.4703525900840759,31,0.10954063604240283,0.34782608695652173,0.5803258419036865,0.5803258419036865,0,1,1,0,0,0,Who is at risk for Heart Attack? ?,Cardiovascular,"Age, tobacco use, high blood pressure, high cholesterol or triglycerides, obesity, diabetes, metabolic syndrome, family history of heart attacks, not enough exercise, unhealthy diet, stress, illegal drug use, preeclampsia, autoimmune condition."
0.6301547686258951,0.674124002456665,0.4746575852235158,0.5298645496368408,0.2862681349118551,0.9894972631632526,0.6666666666666666,0.5298645496368408,0.5778913497924805,0.7984098196029663,45,0.9,0.15789473684210525,0.6996943056583405,0.6628971695899963,0,1,1,0,0,0,What is (are) Colorectal Cancer ?,Gastrointestinal,"Colorectal cancer is a type of cancer that originates from the lining of the colon and rectum, which are two sections of the large intestine. It refers to both forms of colon cancer (colon cancer) and rectal cancer (rectal cancer), collectively known as colorectal cancer."
0.43381616473197937,0.438840389251709,0.39660786588986713,0.45030543208122253,0.22896993160247803,0.9642573737888679,0.0,0.45030543208122253,0.8443167209625244,0.8038104176521301,38,0.8085106382978723,0.22727272727272727,0.33155785501003265,0.32339048385620117,2,0,1,0,0,1,What causes Dry Eye ?,Unrelated,"Dry eye is caused by reduced tear production in the eyes due to inflammation or structural changes. This leads to discomfort, irritation, and potentially visual impairment when the tears do not adequately lubricate the surface of the eye."
0.6754080851872762,0.6971146464347839,0.5335535208384196,0.5452801585197449,0.23418597380320227,0.9865674456136275,1.0,0.5452801585197449,0.5495850443840027,0.7881564497947693,69,0.8414634146341463,0.2,0.6615566809972128,0.6238840222358704,0,1,1,0,0,0,What is (are) Kidney Disease ?,Kidney/Renal,"Kidney disease refers to any impairment of kidney function that leads to damage to the clusters of small blood vessels in the kidneys, known as the glomerulus. This can occur due to various underlying diseases and conditions, including diabetes, high blood pressure, glomerulonephritis, interstitial nephritis, prolonged obstruction of the urinary tract, and recurrent kidney infections. Additionally, certain inherited kidney diseases and vesicoureteral reflux can also contribute to kidney disease."
0.5113022327423096,0.5157985687255859,0.3589126467704773,0.3940649628639221,0.26191798845926917,0.9748392596728974,0.0,0.3940649628639221,0.5582704544067383,0.7976539134979248,93,4.428571428571429,0.1111111111111111,0.5414444357156754,0.4836370050907135,2,1,1,0,0,0,What is (are) High Blood Cholesterol ?,Cardiovascular,"High blood cholesterol refers to having a high level of low-density lipoprotein (LDL) cholesterol, commonly referred to as ""bad"" cholesterol. It is the type of cholesterol that is primarily responsible for the formation of plaque within the arteries, a condition known as atherosclerosis. High levels of LDL cholesterol can contribute to the narrowing and hardening of the arterial walls, which can restrict blood flow to various parts of the body, including the heart. This can lead to several adverse health effects, including an increased risk of heart attack, stroke, and other cardiovascular complications."
0.6835360725720724,0.6958338022232056,0.6465246876080831,0.6609577536582947,0.3259835044542948,0.992053522443906,1.0,0.6609577536582947,0.5933937430381775,0.6711747646331787,152,1.6888888888888889,0.391304347826087,0.29061181594928104,-0.0971410796046257,11,1,1,0,0,0,What are the symptoms of Kidney Disease ?,Kidney/Renal,"Kidney diseases can manifest differently, but some common symptoms include:

1. **High blood pressure** - This symptom often comes after other symptoms such as fatigue, confusion, shortness of breath, and nausea/vomiting. It's a major indicator of kidney damage because high blood pressure can lead to further damage to the kidneys over time.

2. **Swelling in feet, ankles, hands, or eyes** - This condition occurs when fluid builds up around the body, making these areas look puffy. It can also affect the face, causing a ""puffiness"" appearance under the eyes. This is called edema and can indicate underlying kidney issues.

3. **Foamy urine** - This symptom indicates that there is too much protein in the urine, which could be caused by kidney disease. Protein in the urine can raise the risk of developing kidney disease.

4. **Confusion or difficulty thinking** - Some people with kidney disease experience cognitive changes, including confusion, memory problems,"
0.5766003529230753,0.6431885957717896,0.5059304038683573,0.5951769351959229,0.3912123541037241,0.9356603345358445,0.3333333333333333,0.5951769351959229,0.42414796352386475,0.6847563982009888,86,0.303886925795053,0.17073170731707318,0.31259427761489694,-0.10711362957954407,6,1,1,0,0,0,What to do for Cirrhosis ?,Gastrointestinal,"For cirrhosis prevention:

1. Avoid alcohol consumption.
2. Follow a healthy diet rich in fruits, vegetables, whole grains, and lean proteins.
3. Control your weight through regular exercise and a balanced diet.
4. Practice safe sex to prevent hepatitis.
5. Consider getting vaccinated against hepatitis B and C if exposed to the virus.

In addition, maintaining a healthy weight, reducing the intake of simple sugars and refined carbohydrates, avoiding sugary drinks, limiting alcohol, and engaging in regular physical activity are all beneficial strategies for preventing cirrhosis."
0.6095498402913412,0.6389005184173584,0.6427358786265055,0.7106704115867615,0.37851178646087646,0.9380922165138718,1.0,0.7106704115867615,0.6272783875465393,0.7418314814567566,157,0.08880090497737557,0.4,0.222367865432586,-0.07630495727062225,10,1,1,0,0,0,What are the treatments for Kidney Disease ?,Kidney/Renal,"The treatments for Kidney Disease depend on several factors including the stage of kidney disease, underlying causes of the disease, and individual patient preferences. Generally, treatments include:

1. Medications: Various medications are prescribed to manage symptoms, regulate blood pressure, control cholesterol, and treat other underlying conditions that contribute to kidney disease. These medications can be used either alone or in combination.

2. Lifestyle changes: Maintaining a healthy diet rich in fruits, vegetables, whole grains, lean proteins, and low-fat dairy products while limiting processed foods and saturated fats can improve kidney health.

3. Dietary adjustments: Avoiding excessive protein intake, reducing sodium intake, and drinking plenty of water can help manage fluid balance and kidney function.

4. Fluid management: Drinking enough fluids to prevent dehydration but avoiding excessive consumption of alcohol, caffeine, and sugary drinks.

5. Blood pressure management: Using medication if necessary to control high blood pressure, which can further damage the kidneys.

6. Preventive care: Regular check-ups"
0.6701315442721049,0.73816978931427,0.7333566745122274,0.8054202795028687,0.2583072781562805,0.987671375053068,1.0,0.8054202795028687,0.7558263540267944,0.7363402247428894,163,0.9588235294117647,0.5,0.46538222829500836,0.2320268452167511,4,1,1,0,0,0,What is (are) Lung Cancer ?,Respiratory,"(Lung Cancer) is a malignant disease characterized by the uncontrolled proliferation of abnormal cells in the lungs. These cells form tumors and can invade surrounding tissues, causing damage to the body's organs and systems. The development of lung cancer is primarily associated with smoking, but exposure to environmental factors such as radon and asbestos has also been linked to its onset.

The diagnosis of lung cancer typically involves a combination of clinical symptoms, imaging studies like CT scans, PET scans, bronchoscopy, and biopsy. Biopsy, a procedure involving removing a sample of tissue from the affected area, is essential for confirming the presence of cancerous cells. 

Treatment options vary depending on the type and stage of the cancer, the patient's overall health status, and individual preferences. Early-stage lung cancer often responds well to surgery followed by chemotherapy or radiation therapy. However, advanced stages may require targeted therapies, immunotherapy, or palliative care to manage symptoms and prolong life. Palliative care focuses on managing pain, discomfort"
0.30802781383196515,0.3141312599182129,0.15953069925308228,0.19665858149528503,0.6770221044619877,0.9517288655527154,0.0,0.19665858149528503,0.45259422063827515,0.7499117851257324,145,0.23387096774193547,0.30612244897959184,0.17525314592889377,0.045813944190740585,7,0,1,0,0,1,What is (are) Medicare and Continuing Care ?,Unrelated,"Medicare is a government-run health insurance program in the United States that provides coverage for hospitalization, skilled nursing facility care, hospice services, home health care, and outpatient treatment. It is funded through payroll taxes on workers and employers.

Continuing care facilities refer to senior living communities that offer residential care, healthcare services, and support services for residents. These types of facilities may also provide meals, housekeeping, laundry services, transportation, and social activities. The goal is to provide a safe, secure, comfortable environment for seniors while ensuring their health and well-being is maintained.

In summary, Medicare covers most costs associated with hospital stays and skilled nursing facility care, but continuing care facilities are typically self-funding, meaning that residents pay for their own room and board. It is important for individuals considering these options to understand the specific care and support provided within each type of facility."
0.6756706039110819,0.7066491842269897,0.6697759429613749,0.7762056589126587,0.26632626851399743,1.0,1.0,0.7762056589126587,0.7247493267059326,0.7351510524749756,142,1.7530864197530864,0.47619047619047616,0.5685927867889404,0.32988590002059937,2,1,1,0,0,0,What is (are) Heart Failure ?,Cardiovascular,"Heart failure refers to the inability of the heart to pump enough blood throughout the body. It can occur due to several reasons, including:

  * Damaged or weakened heart muscles
  * Narrowed or thickened coronary arteries leading to reduced blood flow to the heart
  * High blood pressure
  * Damage to the heart's valves or other heart structures
  * Congenital heart defects that prevent proper functioning of the heart
  * Inflammation or inflammation of the heart muscle

Heart failure can result in symptoms such as shortness of breath, fatigue, dizziness, swelling, and chest pain. It is often accompanied by fluid accumulation in the lungs, leading to shortness of breath upon breathing and coughing.

The severity and progression of heart failure depend on the underlying cause. Early detection and appropriate management are crucial for improving outcomes and reducing complications associated with heart failure."
0.6754363576571146,0.7008882164955139,0.631577213605245,0.7117880582809448,0.18925305207570398,1.0,1.0,0.7117880582809448,0.7715829610824585,0.7376028895378113,56,0.05737704918032787,0.24,0.6137082477410635,0.4664056599140167,1,1,1,0,0,0,What causes Causes of Diabetes ?,Endocrine/Metabolic,"Type 1 diabetes is caused by the destruction of the insulin-producing (islet) cells in the pancreas. Prediabetes is associated with abnormal processing of sugar by the body, leading to increased blood sugar levels. Metabolic syndrome is linked to both conditions and is characterized by a combination of factors including overweight or obesity, inactivity, and insulin resistance."
0.3991470734278361,0.4347010552883148,0.37969908118247986,0.41193658113479614,0.5880479067564011,1.0,0.0,0.41193658113479614,0.8115983605384827,0.7247864007949829,85,0.1551094890510949,0.2653061224489796,0.38485705852508545,0.3363633155822754,3,0,1,0,0,1,What is (are) Dry Eye ?,Unrelated,"Dry Eye is the condition characterized by decreased tear production and/or reduced quality of tear film that results in ocular discomfort, impaired vision, and potentially complications. It is a frequent symptom of multiple underlying conditions, particularly those affecting the eye, such as glaucoma, uveitis, corneal diseases, and systemic diseases like diabetes, Sjögren’s syndrome, thyroid disease, and lupus. The specific cause(s) vary depending on the underlying condition; however, factors contributing to dry eye include occlusion of the tear ducts, excessive blinking, and inflammation of the eyelids."
0.5340423385302225,0.5404518842697144,0.6353104909261068,0.7415070533752441,0.3978593548138937,0.9601630103761799,1.0,0.7415070533752441,0.6608369946479797,0.7625455856323242,152,0.04782882315921964,0.3,0.41715060733258724,0.1936795860528946,6,1,1,0,0,0,What are the treatments for Asthma ?,Respiratory,"Treatments for asthma include:

  * Medications: These are used to control inflammation and reduce the frequency of asthma attacks. Common medications include corticosteroids, leukotriene modifiers, and beta-agonists.
  * Lifestyle modifications: These involve avoiding triggers and engaging in physical activity to maintain a healthy weight and improve lung function.
  * Inhaled bronchodilators: These are used to relieve symptoms by relaxing the muscles around the airways, making it easier to breathe.
  * Immunotherapy: This involves exposing patients to small amounts of substances that cause allergic reactions to build tolerance and reduce symptoms.
  * Nebulized medications: These are administered through a雾化器吸入装置, delivering a higher dose of medication directly into the lungs.

It's important to work closely with healthcare providers to develop a personalized treatment plan that addresses the specific needs and triggers of each individual patient. Regular monitoring and adjustments to treatment as needed are crucial for optimal control of asthma symptoms and overall quality"
0.7208041548728943,0.7453345060348511,0.66340172290802,0.76186203956604,0.3089772860209147,1.0,1.0,0.76186203956604,0.7750945687294006,0.8355540037155151,142,0.39664804469273746,0.6041666666666666,0.4440817884169519,0.02956486865878105,3,1,1,0,0,0,What causes Cardiomyopathy ?,Cardiovascular,"Cardiomyopathy occurs when there is damage or stress on the heart muscle. Causes of cardiomyopathy can include:

  * Family history of cardiomyopathy, heart failure, and sudden cardiac arrest.
  * High blood pressure, conditions affecting the heart, obesity, long-term alcohol misuse, illicit drug use, treatment with certain chemotherapy medicines and radiation for cancer, thyroid disease, storage of excess iron in the body, called hemochromatosis, build-up of a certain protein in organs, called amyloidosis, the growth of small patches of inflamed tissue in organs, called sarcoidosis, connective tissue disorders.
  * Genetic factors, such as mutations in specific genes that can increase the risk of cardiomyopathy.
  * Age-related changes, such as aging itself being associated with increased risk for developing cardiomyopathy.
  * Physical trauma, such as injuries sustained in car accidents or sports injuries.
  * Environmental factors, such as exposure to toxins or chemicals.
  *"
0.7460777958234152,0.7588584423065186,0.7332356770833334,0.7468634843826294,0.22709413369496667,0.9960582368921255,1.0,0.7468634843826294,0.8144614696502686,0.7884939908981323,135,1.1065573770491803,0.425,0.538374524563551,0.3598993420600891,5,1,1,0,0,0,What causes Alzheimer's Disease ?,Neurological,"Alzheimer's disease is caused by a combination of genetic, lifestyle, and environmental factors that affect the brain over time. The exact causes are not fully understood, but scientists believe that for most people, Alzheimer's disease is caused by a combination of genetic, lifestyle, and environmental factors that affect the brain over time. In less than 1% of people, Alzheimer's is caused by specific genetic changes that almost guarantee a person will develop the disease. For people in this group, the disease usually begins in middle age. The disease begins years before the first symptoms. The damage most often starts in the region of the brain that manages memory. The loss of neurons spreads in a somewhat predictable pattern to other regions of the brain. By the late stage of the disease, the brain has shrunk."
0.5338869690895081,0.5558102130889893,0.4800516664981842,0.5748403668403625,0.5287341574827831,1.0,0.6666666666666666,0.5748403668403625,0.7792981266975403,0.7288549542427063,134,0.5877192982456141,0.5,0.25176195190711453,-0.10390142351388931,8,1,1,0,0,0,What are the treatments for Gout ?,Musculoskeletal,"The treatment options for Gout depend on several factors, including the severity of the condition, the duration of the attack, and any underlying medical conditions. Some common treatments for Gout include:

1. Medications: Nonsteroidal anti-inflammatory drugs (NSAIDs), such as ibuprofen or naproxen, can relieve pain and reduce inflammation in the affected joint. However, they should be used cautiously due to their potential side effects, particularly in elderly patients or those with renal impairment.

2. Allopurinol: This medication helps decrease the production of uric acid in the body by inhibiting the activity of an enzyme that converts purine into uric acid.

3. Pyridoxal-5-phosphate (PLP): This medication is used to treat gout when non-steroidal anti-inflammatory drugs (NSAIDs) are ineffective. PLP can also help in preventing future attacks by stabilizing urate crystals within the joint.

4. Uricosuria"
0.5459964871406555,0.5731419920921326,0.3632066349188487,0.38991832733154297,0.3996616999308268,0.9744485332172688,0.0,0.38991832733154297,0.8019415140151978,0.789048969745636,163,0.6150943396226415,0.3695652173913043,0.18484446767251939,-0.03702621906995773,16,1,1,0,0,0,What are the treatments for Lung Cancer ?,Respiratory,"Treatment options for lung cancer vary depending on its stage (severity) and location. Here are some common treatment approaches:

1. Surgery: This involves removing part or all of the lung affected by cancer. The surgery might involve making a incision through the ribs or the breastbone (sternum), opening the chest cavity, and cutting the tumor out along with nearby tissue.

2. Radiation therapy: In this approach, high-energy radiation is used to kill cancer cells directly. It is sometimes combined with surgery to treat certain types of lung cancer.

3. Chemotherapy: This is a type of medicine that kills rapidly dividing cells like those found in tumors. It can be administered intravenously or taken orally.

4. Targeted therapy: This uses drugs designed specifically to target and destroy cancer cells while sparing normal cells. It is often used in combination with chemotherapy.

5. Immunotherapy: This uses the immune system to fight against cancer. It involves giving the patient drugs that stimulate the immune system to"
0.7460777958234152,0.7588584423065186,0.7192188501358032,0.7317566871643066,0.22709413369496667,0.9920434438843054,1.0,0.7317566871643066,0.7381476163864136,0.7951524257659912,70,0.14112903225806453,0.2653061224489796,0.7225453853607178,0.6640596985816956,0,1,1,0,0,0,What causes Alzheimer's Disease ?,Neurological,"Alzheimer's disease is caused by a combination of genetic, lifestyle and environmental factors that affect the brain over time. The specific causes of Alzheimer's disease are complex and involve multiple steps, including the accumulation of abnormal proteins and the dysfunction of neural signaling pathways. While the exact underlying mechanisms remain unknown, research suggests that a combination of genetic, environmental, and lifestyle factors interact to cause the development of Alzheimer's disease."
0.6545989513397217,0.6668223142623901,0.6802547176678976,0.8049048781394958,0.3589666485786438,1.0,1.0,0.8049048781394958,0.8325888514518738,0.7654007077217102,76,0.2037533512064343,0.4583333333333333,0.5845543384552002,0.16878312826156616,1,1,1,0,0,0,What is (are) Bronchitis ?,Respiratory,"Bronchitis is an inflammation of the lining of the bronchial tubes, which carry air to and from the lungs. It is characterized by symptoms such as coughing, chest pain, fever, and difficulty breathing. There are two main types of bronchitis: acute and chronic. Acute bronchitis is caused by viruses, while chronic bronchitis is caused by smoking and/or exposure to environmental irritants. Treatment options include rest, hydration, and medications like corticosteroids, antibiotics, and decongestants to relieve symptoms."
0.6754080851872762,0.6971146464347839,0.40687541166941327,0.43123525381088257,0.23418597380320227,0.9921840910541824,0.0,0.43123525381088257,0.4900178909301758,0.6374146938323975,138,0.7976878612716763,0.10344827586206896,0.47987926432064604,-0.022887498140335083,3,1,1,0,0,0,What is (are) Kidney Disease ?,Kidney/Renal,"Kidney disease can be broadly categorized into two main types:

1. **Chronic Kidney Disease**: This refers to the gradual loss of kidney function over time due to factors like high blood pressure, diabetes, or a genetic condition such as polycystic kidney disease. It typically results in progressive decline in kidney function, often leading to kidney failure if not managed properly.

2. **Acute Kidney Injury (AKI)**: This is a sudden decrease in kidney function resulting from a specific event, such as severe dehydration, trauma, or surgery. AKI is considered acute because it occurs within days, weeks, or months after the initial injury, whereas CKD tends to develop more slowly over time.

Each type of kidney disease has its own set of symptoms, diagnosis methods, treatment options, and prognosis, highlighting the importance of early detection and intervention for both types."
0.5169309576352438,0.5880978107452393,0.48336681723594666,0.5011643171310425,0.5640922387440999,0.9716641390661948,0.3333333333333333,0.5011643171310425,0.6481711864471436,0.6803950071334839,157,8.263157894736842,0.8571428571428571,0.17756722761051996,-0.04635298624634743,14,1,1,0,0,0,What to do for Short Bowel Syndrome ?,Gastrointestinal,"Short bowel syndrome (SBS) is a serious condition where the small intestine does not grow properly after surgery. It occurs due to damage to the digestive system during surgery or illness, which leads to limited growth of the small intestine. Treatment options depend on the severity of SBS:

1. Early diagnosis and treatment: The most critical step is early recognition of short bowel syndrome signs and symptoms, followed by prompt treatment. Delayed intervention may lead to complications such as malnutrition, dehydration, and infection.

2. Nutritional support: Proper nutrition is essential for recovery. A high-calorie, balanced diet consisting of proteins, carbohydrates, fats, vitamins, and minerals is crucial. Specialized tube feedings can provide necessary nutrients without causing blockages or complications.

3. Fluid and electrolyte balance: Dehydration is common in patients with short bowel syndrome. Monitoring fluid intake and output is important to maintain proper hydration and electrolyte balance.

4. Supportive care: Rehabilitation and physical therapy can help improve mobility"
0.6567507783571879,0.744037389755249,0.746483564376831,0.8672020435333252,0.28638050953547156,1.0,1.0,0.8672020435333252,0.8082553148269653,0.6683779954910278,129,0.5058823529411764,0.45714285714285713,0.6040700733661651,0.36718985438346863,1,1,1,0,0,0,What are the symptoms of Sleep Apnea ?,Respiratory,"Obstructive and central sleep apneas share some symptoms such as loud snoring, episodes where breathing is stopped during sleep, gasping for air during sleep, morning headaches, difficulty staying asleep, excessive daytime sleepiness, and difficulties paying attention while awake. However, there may be subtle differences between these two types of sleep apnea. For example, people with obstructive sleep apnea often experience frequent interruptions in sleep during the night, whereas people with central sleep apnea might experience fewer interruptions but still have significant daytime fatigue. Additionally, people with obstructive sleep apnea may occasionally wake up choking or gasping for air, while those with central sleep apnea may not experience these symptoms at all. It is essential to discuss these symptoms with a healthcare professional to confirm diagnosis and receive appropriate treatment."
0.6301547686258951,0.674124002456665,0.6478768587112427,0.7503800392150879,0.2862681349118551,1.0,1.0,0.7503800392150879,0.7878308892250061,0.7967044115066528,106,0.33544303797468356,0.2682926829268293,0.5827840665976206,0.45725661516189575,1,1,1,0,0,0,What is (are) Colorectal Cancer ?,Gastrointestinal,"Colorectal cancer is a type of cancer that occurs in the large intestine or colon, which is part of the digestive system. It also includes rectal cancer, which starts in the rectum. This type of cancer is caused by mutations in genes that control cell division and death, leading to uncontrolled cell growth and proliferation. Symptoms of colorectal cancer may vary depending on the stage and location of the cancer. Early detection through screening tests like colonoscopy can be very effective in preventing cancer development. Treatment options range from surgical removal of the affected portion of the colon to chemotherapy and other forms of targeted therapies."
0.6595227718353271,0.663037896156311,0.705602208773295,0.7637239098548889,0.2364169955253601,0.9664005266727052,1.0,0.7637239098548889,0.6688125133514404,0.6635932326316833,83,0.21727748691099477,0.16666666666666666,0.6783379912376404,0.6218242645263672,0,1,1,0,0,0,Who is at risk for Diabetes? ?,Endocrine/Metabolic,"Individuals with a family history of diabetes are at a higher risk for both type 1 and type 2 diabetes. Additionally, individuals with a genetic predisposition to diabetes, such as having certain genes, also have an increased likelihood of developing the condition. Factors like obesity, physical inactivity, and unhealthy diet habits can also contribute to the development of diabetes. Therefore, individuals who engage in regular physical activity, maintain a healthy weight, and consume a balanced diet are at lower risk of developing diabetes."
0.6754363576571146,0.7008882164955139,0.5126798152923584,0.517598032951355,0.18925305207570398,0.9973099181237224,1.0,0.517598032951355,0.6450331211090088,0.7818897366523743,137,0.20356612184249628,0.3333333333333333,0.5041578263044357,0.22987520694732666,4,1,1,0,0,0,What causes Causes of Diabetes ?,Endocrine/Metabolic,"The causes of diabetes can vary depending on the type of diabetes. However, some common causes include:

  * Type 1 diabetes: The exact cause is unknown but is believed to involve the destruction of the insulin-producing cells in the pancreas.
  * Type 2 diabetes: Family history and genetics play a significant role in the development of type 2 diabetes. However, in some cases, the disease may be triggered by environmental factors such as infections or stress.
  * Prediabetes: Prediabetes occurs when the body doesn't process sugar correctly. This can lead to high blood sugar levels and increased risk of developing type 2 diabetes over time.
  * Metabolic syndrome: Obesity, inactivity, and insulin resistance are all risk factors for metabolic syndrome. These conditions can lead to higher blood sugar levels and increased risk of developing type 2 diabetes."
0.5660546620686849,0.578296422958374,0.5207021335760752,0.5431229472160339,0.35405017932256067,0.9881851097849175,0.6666666666666666,0.5431229472160339,0.6650848388671875,0.7692697048187256,150,2.112676056338028,0.4,0.36318947188556194,-0.12415812909603119,6,1,1,0,0,0,What are the treatments for COPD ?,Respiratory,"The treatment for COPD depends on the specific type and severity of the condition. Some general approaches include:

  * Smoking cessation programs - Encouraging smokers to stop smoking can help reduce the progression of COPD and its associated risks.
  * Medications - Various medications are available to manage symptoms, including short-acting beta agonists (SABAs), long-acting beta agonists (LABAs), and inhaled corticosteroids (ICS).
  * Pulmonary rehabilitation - A structured program designed to help patients learn techniques to increase lung function, improve exercise tolerance, and manage symptoms.
  * Lifestyle modifications - Including quitting smoking, maintaining a healthy weight, avoiding secondhand smoke, and limiting alcohol intake.
  * Oxygen therapy - For severe cases where conventional medication and lifestyle changes do not provide adequate relief, supplemental oxygen therapy can be prescribed.
  * Surgery - For severe emphysema or other serious cases, surgery may be considered to remove scar tissue or improve lung function.

It"
0.6301547686258951,0.674124002456665,0.6052083571751913,0.6614149808883667,0.2862681349118551,1.0,1.0,0.6614149808883667,0.6033952236175537,0.7168188095092773,135,2.3684210526315788,0.375,0.4244036298245192,-0.033081911504268646,4,1,1,0,0,0,What is (are) Colorectal Cancer ?,Gastrointestinal,"Colorectal cancer refers to both types of colon cancer (adenocarcinoma and adenomas) and rectal cancer, also known as rectal adenocarcinoma or rectal adenoma. These terms refer to different stages or subtypes within the broader category of colorectal cancer.

1. **Colorectal Adenocarcinoma**: This type of cancer originates from normal cells in the lining of the colon and rectum, characterized by a malignant transformation of the epithelial cells. It is the more common subtype of colorectal cancer.

2. **Colorectal Adenoma**: This is a benign condition where abnormal cells develop in the lining of the colon and rectum, often without causing symptoms. Adenomas may become cancerous over time if they grow larger or if the surrounding tissue becomes inflamed.

3. **Rectal Adenocarcinoma**: Also referred to as rectal cancer, this is a type of colorectal cancer that occurs in"
0.5946877797444662,0.6101504564285278,0.5559123953183492,0.6345641613006592,0.28633989890416467,1.0,0.6666666666666666,0.6345641613006592,0.5531328320503235,0.6482583284378052,88,1.3134328358208955,0.1,0.1709095356412805,0.0030012037605047226,13,1,1,0,0,0,Who is at risk for Urinary Tract Infections in Children? ?,Kidney/Renal,Children who are female and have a longer urethra compared to boys. Children whose mothers took antibiotics while pregnant. Children whose mothers had vaginal infections. Children whose mothers were taking immunosuppressive drugs. Children who are on blood thinners. Children who have diabetes. Children with a urinary catheter. Children who have a weakened immune system. Children who have a kidney stone. Children who have a narrowing of the urethra. Children with a pelvic inflammatory disease. Children who have chronic obstructive pulmonary disease. Children who have a spinal cord injury.
0.6754363576571146,0.7008882164955139,0.5126798152923584,0.517598032951355,0.18925305207570398,0.9973099181237224,1.0,0.517598032951355,0.5008498430252075,0.6967455744743347,165,0.2451708766716196,0.2978723404255319,0.6559275448322296,0.5508285164833069,0,1,1,0,0,0,What causes Causes of Diabetes ?,Endocrine/Metabolic,"The exact cause of type 1 diabetes is unknown. It usually occurs due to the destruction of the insulin-producing (islet) cells in the pancreas by the body's immune system, which normally fights harmful bacteria and viruses. Other possible causes include exposure to viruses and other environmental factors, as well as once a large number of islet cells are destroyed, the body will produce little or no insulin. Insulin is a hormone that comes from a gland behind and below the stomach (pancreas), the pancreas puts insulin into the bloodstream. Insulin travels through the body, allowing sugar to enter the cells. Insulin lowers the amount of sugar in the bloodstream. As the blood sugar level drops, the pancreas puts less insulin into the bloodstream. Glucose — a sugar — is a main source of energy for the cells that make up muscles and other tissues. Glucose comes from two major sources: food and the liver. Sugar is absorbed into the bloodstream, where it enters cells with"
0.6822431882222494,0.7504417300224304,0.5958934823671976,0.7301244735717773,0.3248447378476461,0.9952851804977566,1.0,0.7301244735717773,0.5577735900878906,0.7159299254417419,153,1.9870129870129871,0.2727272727272727,0.14721593409776687,-0.14199942350387573,14,1,1,0,0,0,How to diagnose COPD ?,Respiratory,"To diagnose COPD, a healthcare provider will conduct a thorough assessment to determine the presence of the disease and its severity. Some key steps include:

1. **Physical Examination**: A health professional will assess whether there are signs of lung damage on physical examination, including abnormal breathing sounds and reduced lung capacity.
2. **Pulse Oximetry**: A simple test that measures the amount of oxygen in the blood using a portable device connected to the finger or toe. It helps detect low oxygen levels.
3. **Spirometry**: A test that measures how much air can be taken in and out of the lungs. It is used to evaluate lung function and is crucial for diagnosing COPD.
4. **Smoking History**: Reviewing the patient's history of smoking, particularly in relation to onset of symptoms, duration of smoking, and cessation efforts.
5. **Medical History**: Gathering information about any past illnesses, medications, allergies, and lifestyle factors.
6. **Laboratory Tests**: Conduct"
0.6826589306195577,0.6887019276618958,0.719351569811503,0.7986550331115723,0.31529267628987634,0.942118967947157,1.0,0.7986550331115723,0.8474401235580444,0.7886078953742981,90,0.5202312138728323,0.4,0.41716144382953646,0.11988918483257294,3,1,1,0,0,0,What is (are) Celiac Disease ?,Gastrointestinal,"Celiac disease is an autoimmune disorder characterized by damage to the lining of the small intestine caused by exposure to gluten, a protein found in wheat, barley, and rye. This damage prevents the body from absorbing nutrients properly, leading to malnutrition and various health complications. The exact cause of celiac disease is unknown, but it appears to be inherited and runs in families. Treatment typically involves a strict gluten-free diet, which helps restore proper nutrient absorption and improve overall health. In some cases, medications or immunosuppressive therapy may be used."
0.41930143038431805,0.4406975507736206,0.32753312587738037,0.4359155297279358,0.7036553795138996,1.0,0.0,0.4359155297279358,0.5054079294204712,0.7330318689346313,152,0.95,0.17391304347826086,0.2129064455628395,-0.06509292870759964,15,0,1,0,0,1,Who is at risk for Cataract? ?,Unrelated,"Risk factors for cataracts include:

1. Age: Cataracts are more common as we get older, so the risk increases with age.
2. Gender: Women have a slightly higher risk of developing cataracts compared to men.
3. Exposure to UV rays: Frequent exposure to UV rays from the sun increases the risk of developing cataracts. UV rays can damage the proteins in the lens of the eye, leading to clouding.
4. Diabetes: Diabetes is a risk factor for cataracts, as the disease affects blood vessels and the eye's tissues, making them more susceptible to damage.
5. Smoking: Smoking has been linked to an increased risk of cataracts due to its effect on lung function and cardiovascular health.
6. Eye injury: Past trauma or accidents can lead to cataracts, especially if it involves the eye's structural integrity.
7. Family history: People who have family members with cataracts tend to have a higher risk themselves."
0.63750026623408,0.6693146228790283,0.5778657495975494,0.7015063166618347,0.33639470736185706,0.9608084900281931,0.6666666666666666,0.7015063166618347,0.7301803827285767,0.7112886905670166,138,0.2522851919561243,0.425531914893617,0.2470513406124982,-0.11550135910511017,8,1,1,0,0,0,How to diagnose Cystic Fibrosis ?,Respiratory,"To diagnose Cystic Fibrosis (CF), healthcare professionals typically perform a combination of tests and exams:

1. **Newborn Screening**: Cystic fibrosis can be detected early during the first few months of life through a blood test known as newborn screening. This allows for timely intervention, including antibiotics to treat any potential infection.

2. **Blood Tests**: Blood tests like amniocentesis or amniotic fluid analysis can confirm the presence of cystic fibrosis-related protein (CFTR) mutations in pregnant women.

3. **Sputum Testing**: Sputum samples taken by patients are analyzed under a microscope to look for abnormalities in the cells that form the lining of the bronchi (airways).

4. **Chest X-ray and MRI**: Imaging studies, particularly chest x-rays, CT scans, and MRI scans, can help evaluate the extent of lung damage and other organ involvement.

5. **Bronchoscopy**: During a bronchoscopy procedure, a thin"
0.6574335892995199,0.7174045443534851,0.5491513808568319,0.6095587015151978,0.2929050922393799,0.9673442262356474,1.0,0.6095587015151978,0.3943588137626648,0.677538275718689,21,0.19811320754716982,0.05555555555555555,0.673816591501236,0.6229473948478699,0,1,1,0,0,0,Who is at risk for Osteoporosis? ?,Endocrine/Metabolic,"Women are much more likely to develop osteoporosis than are men. The older you get, the greater your risk of osteoporosis."
0.5098317662874857,0.5140339732170105,0.40702412525812787,0.4565500319004059,0.557452956835429,0.9435410324931622,0.0,0.4565500319004059,0.7970768809318542,0.7617086172103882,158,2.0,0.5833333333333334,0.2271882620240961,-0.04485419765114784,14,1,1,0,0,0,What are the complications of Wilson Disease ?,Endocrine/Metabolic,"Wilson's disease is a genetic disorder caused by mutations in the ATP7B gene. It primarily affects the liver and can lead to several complications:

1. Liver damage: Over time, damaged liver cells can produce toxins that can accumulate in the bloodstream and cause damage to other organs. This condition is called Wilson's disease cirrhosis, which can lead to liver failure if left untreated.

2. Neurological symptoms: In some cases, Wilson's disease can result in neurological symptoms like confusion, tremors, and memory problems. These symptoms may progress over time, affecting daily life significantly.

3. Renal impairment: The kidneys are particularly vulnerable to Wilson's disease because they require large amounts of copper. Excessive copper can disrupt normal kidney function, leading to conditions like nephrotic syndrome or acute renal failure.

4. Heart disease: Chronic liver disease, including Wilson's disease, can increase the risk of developing heart disease due to impaired blood flow and oxygen delivery to the heart muscle.

5. G"
0.5557897686958313,0.5746034383773804,0.44616525371869403,0.6830129623413086,0.5287341574827831,1.0,0.3333333333333333,0.6830129623413086,0.6095225214958191,0.670258104801178,156,0.6724137931034483,0.40425531914893614,0.6061968122209821,0.12003523111343384,1,1,1,0,0,0,Who is at risk for Gout? ?,Musculoskeletal,"People who have high levels of uric acid in their bodies are at risk for gout. This includes individuals who eat a diet rich in red meat and shellfish and drink beverages sweetened with fruit sugar, as these factors can increase uric acid levels. Additionally, alcohol consumption, especially of beer, can also increase the risk of gout. Overweight individuals, especially those who are overweight due to having a higher body mass index, may produce more uric acid and find it harder to get rid of it from their bodies. People with certain medical conditions like high blood pressure, diabetes, obesity, metabolic syndrome, and heart and kidney diseases are also at increased risk of developing gout. Certain medications, such as low-dose aspirin and antihypertensive drugs like thiazide diuretics, ACE inhibitors, and beta blockers, can also lead to elevated uric acid levels, making individuals at risk for gout. Lastly, people who have recently undergone surgery or experienced trauma"
0.46644313136736554,0.5453597903251648,0.48509759704271954,0.5511319637298584,0.5148104826609294,0.9996700238857885,0.3333333333333333,0.5511319637298584,0.8337424993515015,0.7536858320236206,152,2.0821917808219177,0.5714285714285714,0.2929254029877484,-0.005670351907610893,3,0,1,0,0,1,What are the symptoms of Endometrial Cancer ?,Unrelated,"Endometrial cancer symptoms can vary depending on its stage and location within the uterus, but some common symptoms include:

  * Persistent vaginal bleeding, even after having a menstrual period
  * Heavy periods or spotting between periods
  * Unusual discharge
  * Abdominal pain or pelvic discomfort
  * Fatigue or weakness
  * Weight gain or loss
  * Unexplained mood changes or depression
  * Shortness of breath or difficulty breathing
  * Frequent urination or changes in bladder function

It's important to note that these symptoms alone do not necessarily mean you have endometrial cancer, but they could indicate the need for further investigation or testing. Early detection and treatment of endometrial cancer are crucial due to its high risk of recurrence and mortality compared to other types of cancer. Therefore, regular screenings, such as Pap smears and breast exams, are recommended for women aged 40 and above. If you experience any of these symptoms, it's"
0.6531185507774353,0.7323336601257324,0.5887097915013632,0.6655559539794922,0.36425381898880005,1.0,1.0,0.6655559539794922,0.7792438864707947,0.7406771183013916,148,1.7411764705882353,0.4074074074074074,0.2792028378356587,0.07481414079666138,9,1,1,0,0,0,How to diagnose Stroke ?,Neurological,"To diagnose stroke, healthcare providers typically use the acronym FAST (Face, Arm, Speech, Time) to assess whether there has been a stroke. Here’s an overview of each component:

**Face**: Check the person’s facial expressions. Look for one side of the face that appears to be drooping.

**Arm**: Ask the person to raise both arms. Are their arms moving freely up and down?

**Speech**: Have them repeat a simple sentence like “The sky is blue.” Do they speak slowly and incoherently?

**Time**: Ask the person to think of something pleasant. Do they nod off or become agitated? It usually takes about 4-6 minutes for the effects of a stroke to appear.

It is important to note that these tests cannot definitively diagnose stroke but can alert doctors to the possibility of stroke. In many cases, an MRI or CT scan will confirm the diagnosis once the symptoms have subsided."
0.716472327709198,0.7770346999168396,0.7562773823738098,0.8547365069389343,0.25764232873916626,0.9999693077053528,1.0,0.8547365069389343,0.8622246980667114,0.8412528038024902,141,0.4812286689419795,0.5909090909090909,0.24403038874945857,-0.10503943264484406,16,1,1,0,0,0,How to prevent Heart Attack ?,Cardiovascular,"To prevent a heart attack, several steps can be taken:

1. Quit smoking as it is a major contributor to heart disease.
2. Maintain a healthy weight with a heart-healthy diet.
3. Engage in regular physical activity to maintain cardiovascular fitness.
4. Manage stress levels through relaxation techniques like meditation, yoga, or deep breathing exercises.
5. Take prescribed medications correctly to control blood pressure and cholesterol levels.
6. Keep your blood sugar levels under control by managing diabetes effectively.
7. Avoid excessive alcohol consumption, especially binge drinking.
8. Seek medical advice regularly from healthcare providers for any ongoing health issues.
9. Regularly monitor your blood pressure and cholesterol levels.
10. Consult a cardiologist or a physician specializing in cardiology for comprehensive health assessments.
11. If you have a history of heart disease, consider getting regular check-ups and taking necessary treatments promptly."
0.6468334197998047,0.709541916847229,0.4219715694586436,0.555519700050354,0.37144162257512414,0.9855288459371493,0.3333333333333333,0.555519700050354,0.6705873012542725,0.6891041398048401,142,0.3169642857142857,0.44680851063829785,0.2949225116107199,-0.10903053730726242,8,1,1,0,0,0,What to do for Polycystic Kidney Disease ?,Kidney/Renal,"To manage the symptoms and complications associated with polycystic kidney disease (PKD), several strategies can be implemented:

1. **Blood Pressure Management**: Taking blood pressure medicines prescribed by healthcare professionals as directed is crucial. High blood pressure can worsen the damage to the kidneys and increase the risk of heart disease.

2. **Lifestyle Changes**:
   - **Eat a Low-Salt Diet**:
     - A low-salt diet rich in fruits, vegetables, and whole grains helps lower blood pressure and reduces the risk of complications.
   - **Weight Management**:
     - Maintaining a healthy weight can significantly improve blood pressure and kidney function.
   - **Regular Physical Activity**:
     - Engaging in regular moderate exercise like walking, swimming, or cycling helps maintain cardiovascular health and lowers blood pressure.
   - **Limit Alcohol Use**:
     - Excessive alcohol consumption increases blood pressure and raises the risk of complications related to the kidneys.
   - **Smoke Free**:"
0.6406949758529663,0.6710941195487976,0.5491644243399302,0.6703237295150757,0.30389392375946045,0.9791188471335307,0.6666666666666666,0.6703237295150757,0.631386399269104,0.8028610944747925,68,0.19428571428571428,0.2,0.6658945878346761,0.5237314701080322,0,1,1,0,0,0,How to prevent Diabetes ?,Endocrine/Metabolic,"To prevent diabetes, you should focus on maintaining a healthy lifestyle by eating nutritious foods, being physically active, managing weight, getting regular exercise, avoiding prolonged sitting, and not smoking. Additionally, you can consider taking medications like metformin if you are prediabetic and are at increased risk of developing type 2 diabetes. Regular screenings and consultations with healthcare providers can also help monitor and manage diabetes risk factors effectively."
0.659811814626058,0.7089095711708069,0.7082658410072327,0.856128990650177,0.2885037064552307,0.9963230090005593,1.0,0.856128990650177,0.7878108024597168,0.7424392104148865,70,0.3825136612021858,0.36585365853658536,0.6488676890730858,0.4339371621608734,1,1,1,0,0,0,What is (are) Meningitis ?,Neurological,"Meningitis is an infection and swelling, called inflammation, of the fluid and membranes surrounding the brain and spinal cord. This condition usually results in symptoms such as headache, fever, and a stiff neck, but sometimes it may improve spontaneously within a few weeks without any treatment. Meningitis can be caused by various factors including viruses, bacteria, parasites, and fungi. Prompt diagnosis and appropriate treatment are crucial for managing meningitis effectively."
0.6269127130508423,0.644853949546814,0.579080601533254,0.6422731280326843,0.3073950608571371,0.9925959609943273,1.0,0.6422731280326843,0.7103719711303711,0.747970700263977,131,0.34564643799472294,0.37209302325581395,0.11933653634041548,-0.1192389577627182,19,1,1,0,0,0,Who is at risk for Atrial Fibrillation? ?,Cardiovascular,"People who are at increased risk for atrial fibrillation (AFib) include:

1. People over age 55 years who do not have risk factors such as hypertension, heart failure, or other forms of heart disease.
2. Those with chronic kidney disease (CKD) stage 4 or higher.
3. Individuals with diabetes mellitus.
4. Those with a history of atrial fibrillation or atrial flutter episodes.
5. Patients with certain congenital heart defects like patent ductus arteriosus, a type of aortic stenosis.
6. Patients with atrial septal defect (ASD), a hole between the two halves of the heart.
7. Those who have been treated with warfarin or other anticoagulants.
8. Patients who smoke regularly.
9. Individuals taking medications like aspirin, nonsteroidal anti-inflammatory drugs (NSAIDs), or certain diuretics.
10. Patients with a family history of atrial"
0.6165422002474467,0.6349933743476868,0.6898578802744547,0.8501598834991455,0.4349521199862162,0.9046963171287743,1.0,0.8501598834991455,0.7135639190673828,0.7224509119987488,120,1.411764705882353,0.4782608695652174,0.54384845495224,0.1697588562965393,1,1,1,0,0,0,What to do for Gallstones ?,Gastrointestinal,"For individuals experiencing signs or symptoms of gallstones, it is important to seek immediate care from a doctor. Signs and symptoms of gallstone complications should also prompt urgent attention, including:

- Abdominal pain severe enough to cause discomfort, making it difficult to sit or find a comfortable position
- Jaundice, characterized by yellowing of the skin and whites of the eyes
- High fever accompanied by chills
- Severe abdominal pain or discomfort

Additionally, managing your weight healthily through gradual weight loss, consuming more high-fiber foods, and maintaining a healthy weight can help lower the risk of developing gallstones. It's beneficial to consult with a healthcare provider to discuss personalized strategies for prevention and management based on individual health needs."
0.38253071904182434,0.42389094829559326,0.2856306831041972,0.3357321619987488,0.6871847212314606,1.0,0.0,0.3357321619987488,0.5413376092910767,0.7088721394538879,145,0.12992831541218638,0.2,0.3454974641402562,0.2823445796966553,5,0,1,0,0,1,How to diagnose Anxiety Disorders ?,Unrelated,"Anxiety disorders can be diagnosed through a combination of clinical assessment and laboratory tests. Clinicians use several diagnostic criteria developed by the Diagnostic and Statistical Manual of Mental Disorders (DSM-5) to evaluate symptoms of anxiety disorders. Common DSM-5 criteria for diagnosing anxiety disorders include:

1. Presence of at least three of the following symptoms:
   - Persistent worry about various aspects of life
   - Excessive or uncontrollable fear of an impending threat
   - Irritability or restlessness
   - Physical symptoms associated with anxiety such as sweating, trembling, or rapid heartbeat
   - Difficulty concentrating or making decisions
   - Fatigue or decreased energy level
   - Feelings of guilt, worthlessness, or hopelessness
   - Thoughts of death, suicide, or self-harm

2. Evidence of significant distress or impairment in social, occupational, or other important areas of functioning due to anxiety symptoms

3. Consistent presence of anxiety symptoms for at least six months"
0.5364895065625509,0.5881834626197815,0.597918709119161,0.7079793214797974,0.3619369864463806,0.9934225554549952,1.0,0.7079793214797974,0.8242800235748291,0.8004143834114075,156,0.22381635581061693,0.44680851063829785,0.21913205590099097,-0.03642592206597328,13,1,1,0,0,0,What are the treatments for Colorectal Cancer ?,Gastrointestinal,"Treatments for colorectal cancer depend on the stage of the disease and the specific type of cancer (adenocarcinoma vs. other types). Here are some common treatment options:

1. Surgery: Depending on the extent of cancer and the patient’s overall health, surgery may involve removal of the entire colon, or a portion of the colon. This is known as a ""resection"" procedure.

2. Radiation Therapy: This involves using low-energy X-rays or other forms of radiation to kill cancer cells. Radiation therapy can be given during surgery or after surgery.

3. Chemotherapy: This is a type of drug treatment that kills rapidly dividing cells, like cancer cells. Chemotherapy can be given as part of a surgical plan, alone or in combination with radiation therapy.

4. Targeted Therapy: Drugs designed specifically to attack cancer cells without harming normal cells. This approach targets specific proteins found on the surface of cancer cells.

5. Immunotherapy: Boosting the immune system to recognize"
0.641006330649058,0.7326955795288086,0.6413728396097819,0.7305874824523926,0.36304803689320886,0.9859379242724193,1.0,0.7305874824523926,0.7744102478027344,0.7270581722259521,70,0.7608695652173914,0.3076923076923077,0.585280105471611,0.42298373579978943,1,1,1,0,0,0,What is (are) Hemorrhoids ?,Gastrointestinal,"Hemorrhoids are swollen veins in the anus and lower rectum that can occur as a result of increased pressure in the lower rectum due to various factors such as straining during bowel movements, sitting for prolonged periods, having diarrhea or constipation, obesity, pregnancy, anal intercourse, eating a low-fiber diet, and regular lifting of heavy objects. They can also develop internally (in the rectal lining) if they become engorged with blood."
0.678198496500651,0.7148827314376831,0.5874537030855814,0.6431738138198853,0.28049621979395545,1.0,1.0,0.6431738138198853,0.8123948574066162,0.7423346042633057,157,0.9457831325301205,0.4411764705882353,0.30574673278765246,-0.09522593766450882,8,1,1,0,0,0,How to diagnose Heart Failure ?,Cardiovascular,"To diagnose heart failure, healthcare providers will conduct several diagnostic tests. The first step involves an initial evaluation to determine if the symptoms of heart failure are present. This process includes assessing your overall health, reviewing your medical history, performing a physical examination, and obtaining vital signs such as blood pressure and oxygen saturation levels. 

After confirming the presence of heart failure symptoms, additional tests may be ordered to assess the severity of the disease:

1. **Echocardiogram**: This non-invasive test uses sound waves to create images of the heart structure and function. It provides detailed information about the heart muscle's strength and how effectively it pumps blood.

2. **Blood Tests**: Commonly used tests include cardiac enzymes, creatinine, and albumin levels. These tests help determine whether heart failure has progressed or worsened over time.

3. **Cardiac Magnetic Resonance Imaging (MRI)**: An MRI can provide detailed images of the heart chambers and valves, which are crucial for diagnosing structural"
0.6779896219571432,0.6927506327629089,0.7433350880940756,0.7715442180633545,0.31116112073262536,1.0,1.0,0.7715442180633545,0.8144077062606812,0.7591928243637085,137,2.4035087719298245,0.5769230769230769,0.29695488288998606,0.07154490053653717,17,1,1,0,0,0,What are the symptoms of Diabetes ?,Endocrine/Metabolic,"The main symptoms of Type 1 Diabetes include:

1. Feeling more thirsty than usual
2. Urinating a lot
3. Bed-wetting in children who have never wet the bed during the night
4. Feeling very hungry 
5. Losing weight without trying
6. Feeling irritable or having other mood changes
7. Feeling tired and weak
8. Having blurry vision 

For Type 2 Diabetes, some common symptoms include:

1. More thirst
2. More urination
3. More hunger
4. Weight loss
5. Blurred vision
6. Slow-healing sores
7. Frequent infections
8. Numbness or tingling in the hands or feet
9. Areas of darkened skin, most often in the armpits and neck

Diabetic Nephropathy is characterized by several symptoms that develop over time but may not present initially. The following symptoms are indicative of this condition:

1. High blood pressure that gets"
0.6861017743746439,0.717242956161499,0.7275103330612183,0.7793682813644409,0.2934050957361857,0.9768029669044588,1.0,0.7793682813644409,0.7699727416038513,0.8407955169677734,157,0.23644578313253012,0.5510204081632653,0.20882507851895163,-0.1062307208776474,15,1,1,0,0,0,How to prevent Alzheimer's Disease ?,Neurological,"To prevent Alzheimer's disease:

1. Eat a healthy diet: Focus on consuming fruits, vegetables, whole grains, and healthy fats like those from olive oil, nuts, seeds, and fish. Limit saturated fats and trans fats.

2. Control high blood pressure, cholesterol, and diabetes: Regularly monitor and control these conditions through medication and lifestyle changes.

3. Protect against cardiovascular disease: Engage in regular physical activity and maintain a healthy body mass index (BMI).

4. Manage stress: Reduce the risk of cognitive decline by practicing relaxation techniques and maintaining a balanced lifestyle.

5. Avoid smoking: Quit smoking as early as possible to reduce the risk of dementia.

6. Stay mentally and socially active: Participate in activities that stimulate your brain, such as reading, puzzles, and learning new things.

7. Take care of your overall health: Regular check-ups for vision and hearing are essential; treatment for any hearing loss can prevent dementia.

8. Follow a Mediterranean diet: A diet rich in"
0.6081478993097941,0.622816264629364,0.6962215503056844,0.8313142657279968,0.4064144492149353,0.934031696424759,1.0,0.8313142657279968,0.7932974696159363,0.7424861788749695,92,0.5542168674698795,0.4411764705882353,0.5573460757732391,0.3505460023880005,2,1,1,0,0,0,What is (are) Rheumatoid Arthritis ?,Musculoskeletal,"Rheumatoid arthritis is a chronic autoimmune condition characterized by the destruction of joint cartilage and bone, leading to pain, swelling, and stiffness in the affected joints. It typically affects hands and feet but can affect any part of the body, including bones, joints, skin, eyes, lungs, heart, and blood vessels. The exact cause of rheumatoid arthritis is not fully understood, but it is believed to be due to a complex interplay between genetic and environmental factors. Research continues to uncover new insights into the underlying mechanisms and potential treatments for this disease."
0.5693099896113077,0.5740540027618408,0.4154347976048787,0.4779084622859955,0.30893760919570923,0.9282279564126841,0.0,0.4779084622859955,0.6713055968284607,0.7343548536300659,80,0.29411764705882354,0.14634146341463414,0.31212671995162966,0.15487629175186157,5,1,1,0,0,0,What to do for Kidney Dysplasia ?,Kidney/Renal,"Kidney dysplasia is a condition where there is abnormal growth of kidney tissue. It can cause problems like increased blood flow through the kidney, which can lead to kidney failure. The recommended treatment depends on the severity of the condition and its underlying cause. However, in general, treatments may include medication to decrease inflammation or block abnormal cell growth, and sometimes surgery to remove affected parts of the kidney. Always consult with a healthcare provider for proper diagnosis and management."
0.632499615351359,0.7053335905075073,0.6230793793996176,0.7305227518081665,0.39174244801203406,0.9923203009465811,1.0,0.7305227518081665,0.7677645087242126,0.78253173828125,154,2.298507462686567,0.3684210526315789,0.4705815999103444,-0.004541333764791489,7,1,1,0,0,0,What are the symptoms of Rheumatoid Arthritis ?,Musculoskeletal,"Symptoms of rheumatoid arthritis (RA) include:

Painful, warm, swollen joints.
Joint stiffness that most often is worse in the mornings and after periods of rest.
Tiredness, fever, and not wanting to eat.
Rheumatoid arthritis may affect just a few joints at first.
Most often, these are the small joints of the hands and the feet.
As the disease gets worse, symptoms may spread to more joints. These most often include the wrists, elbows, hips, knees, and ankles.
Many people who have RA also have symptoms that affect more than the joints. Areas that may be affected include:
Nerve tissue.
Rheumatoid arthritis symptoms may vary in how bad they are. They may come and go. Periods when the condition becomes more active, called flares, follow periods of less or no swelling and pain.
Over time, RA can cause joints to bend out of shape and shift out of place. The joints can be hard to"
0.7087949315706888,0.7899119853973389,0.6864820718765259,0.7327295541763306,0.3103596965471903,1.0,1.0,0.7327295541763306,0.7553470730781555,0.8264443874359131,65,0.15738498789346247,0.3958333333333333,0.35249710008502005,0.12228863686323166,9,1,1,0,0,0,What are the complications of Ulcerative Colitis ?,Gastrointestinal,"The complications of ulcerative colitis include:

1. Severe bleeding
2. Severe dehydration
3. Loss of red blood cells, known as anemia
4. Bone loss, called osteoporosis
5. Inflammation of the skin, joints, and eyes
6. An increased risk of colon cancer
7. Rapidly swelling colon, called toxic megacolon
8. Increased risk of blood clots in veins and arteries
9. Delayed growth and development in children."
0.6405549844106039,0.7229717373847961,0.6849419871966044,0.834907054901123,0.2834604581197103,1.0,1.0,0.834907054901123,0.8005841970443726,0.7729716300964355,76,0.95,0.2,0.5154407372077306,0.28438955545425415,4,1,1,0,0,0,How to prevent COPD ?,Respiratory,"The best way to prevent COPD is to never smoke. If you smoke and have COPD, stopping now can slow how fast the condition worsens. If you've smoked for a long time, quitting can be hard, especially if you've tried quitting once, twice or many times before. But keep trying to quit. It's critical to find a stop-smoking program that can help you quit for good. It's your best chance for lessening damage to your lungs."
0.65322212378184,0.6599781513214111,0.7315466205279032,0.7541013956069946,0.2453777392705282,0.9870435962987488,1.0,0.7541013956069946,0.7691652774810791,0.7644795179367065,77,0.5,0.3684210526315789,0.6959091126918793,0.6551089286804199,0,1,1,0,0,0,Who is at risk for Kidney Disease? ?,Kidney/Renal,"People who smoke, are obese, have high blood pressure, have certain inherited conditions, or have a family history of kidney cancer are at risk for kidney disease. Additionally, individuals with heart (cardiovascular) disease, being black, native american or asian american, abnormal kidney structure, frequent use of medications that can damage the kidneys, and having any form of nephrotic syndrome (a type of kidney disease characterized by proteinuria and low serum albumin levels) are also at higher risk."
0.6081478993097941,0.622816264629364,0.6939937571684519,0.8261144161224365,0.4064144492149353,0.9466966252632321,0.6666666666666666,0.8261144161224365,0.8309453129768372,0.762436032295227,76,0.20159151193633953,0.3673469387755102,0.595873216787974,0.2712278962135315,1,1,1,0,0,0,What is (are) Rheumatoid Arthritis ?,Musculoskeletal,"Rheumatoid arthritis is a chronic autoimmune condition that causes inflammation and swelling in the joints, as well as damage to other parts of the body, including the skin, eyes, lungs, heart, and blood vessels. It occurs when the immune system mistakenly attacks healthy joint tissue by mistake, leading to an autoimmune condition known as rheumatoid arthritis. The exact cause is not fully understood, but experts believe it involves a mixture of genetic predispositions and environmental factors."
0.3979293406009674,0.45445773005485535,0.23291103541851044,0.2632816433906555,0.5924612979094188,0.93460743361788,0.0,0.2632816433906555,0.4897136688232422,0.7054139375686646,151,1.819277108433735,0.125,0.14359249303547236,-0.06661687791347504,13,1,1,0,0,0,What are the treatments for Balance Problems ?,Neurological,"The treatment options for balance problems depend on the underlying cause. Here are some common approaches:

1. **Physical Therapy**: Physical therapists provide exercises and stretches designed to improve muscle strength and flexibility. They often incorporate elements of aquatic therapy, which can enhance proprioception (the sense of where our bodies are in space) and gait control.

2. **Balance Training**: Techniques like Tai Chi, Yoga, and Pilates focus on improving posture, coordination, and stability. These classes often involve standing still and then gradually adding movement, building the ability to maintain balance under different conditions.

3. **Medication**: Certain medications, including anticonvulsants and anti-seizure drugs, can be prescribed to manage balance disorders associated with neurological conditions such as epilepsy.

4. **Orthotic Devices**: Specialized shoes and braces can help maintain proper alignment and support, reducing the risk of falls.

5. **Surgery**: In severe cases, surgery may be necessary to address structural abnormalities or nerve damage affecting"
0.6201469302177429,0.6910789012908936,0.5920044978459676,0.6286180019378662,0.3443342844645182,0.97197511774624,1.0,0.6286180019378662,0.7102767825126648,0.8271387815475464,111,0.7070063694267515,0.3548387096774194,0.4950033351778984,0.3458428382873535,3,1,1,0,0,0,How to prevent High Blood Pressure ?,Cardiovascular,"To prevent high blood pressure, you should:

* Keep your blood pressure under control with medication as prescribed by your healthcare provider.
* Maintain a healthy weight by eating a balanced diet, exercising regularly, and avoiding excessive sodium intake.
* Reduce your total daily calorie consumption.
* Avoid unhealthy habits like smoking and excessive alcohol consumption.
* Exercise regularly to maintain a healthy body mass index (BMI).
* Eat a diet rich in fruits, vegetables, and lean proteins to reduce your risk of developing high blood pressure.
* Limit your salt intake to below 2,300 mg per day.
* Monitor your blood pressure regularly and report any concerns to your doctor."
0.5651877323786417,0.5719932317733765,0.5343770086765289,0.6223932504653931,0.38998965422312415,0.9466364218623574,0.3333333333333333,0.6223932504653931,0.5634920597076416,0.43969297409057617,50,0.6097560975609756,0.18181818181818182,0.49088659286499026,0.299373984336853,3,1,1,0,0,0,What is (are) Stroke ?,Neurological,Stroke is a medical emergency. It's crucial to get medical treatment right away. Getting emergency medical help quickly can reduce brain damage and other stroke complications. The good news is that fewer Americans die of stroke now than in the past. Effective treatments also can help prevent disability from stroke.
0.5628133217493693,0.6153205037117004,0.6379461685816447,0.6655136942863464,0.4743753572305044,1.0,1.0,0.6655136942863464,0.6015132069587708,0.6434887647628784,126,0.06338028169014084,0.32,0.2587745226143549,-0.029268605634570122,10,1,1,0,0,0,What are the treatments for Stroke ?,Cardiovascular,"The treatments for Stroke include:

1. Immediate medical treatment - getting emergency medical help quickly can reduce brain damage and other stroke complications. 

2. Blood thinners - Slower acting warfarin, Heparin, and newer blood-thinning medicines like dabigatran (Pradaxa), rivaroxaban (Xarelto), apixaban (Eliquis), and edoxaban (Savaysa) are used to prevent strokes in people who have a high risk. These medicines work faster than warfarin but usually don't require regular blood tests or monitoring by the patient. They are also associated with a lower risk of bleeding complications compared to warfarin.

3. Anti-platelet drugs - Platelets are cells in the blood that form clots. Anti-platelet medicines make these cells less sticky and less likely to clot. Aspirin is a common example of an anti-platelet drug.

4. Clopidogrel (Plav"
0.6738593180974325,0.7481504678726196,0.6341324845949808,0.7199906706809998,0.2826533714930216,0.9963044973641464,1.0,0.7199906706809998,0.7226495742797852,0.8227805495262146,119,0.8380281690140845,0.625,0.36946411295370624,0.14184033870697021,9,1,1,0,0,0,What are the symptoms of Stroke ?,Neurological,"The symptoms of stroke include:

- Trouble speaking and understanding what others are saying.
- Confusion, slurred speech or difficulty understanding speech.
- Numbness, weakness or paralysis in the face, arm, or leg.
- The person may try to raise both arms over the head but may only be able to raise one arm.
- One side of the mouth may droop when smiling.
- Problems seeing in one or both eyes.
- A sudden, severe headache.
- Vomiting, dizziness, and a change in consciousness.
- Trouble walking.
- Stumbling or losing balance or coordination.
- Seek immediate medical attention if you notice any of the above symptoms, especially if they appear to come and go or disappear completely."
0.6826589306195577,0.6887019276618958,0.6549400289853414,0.7033383250236511,0.31529267628987634,0.9514389335333882,1.0,0.7033383250236511,0.86641925573349,0.7218571901321411,113,0.6420454545454546,0.5135135135135135,0.532980814576149,0.26424187421798706,2,1,1,0,0,0,What is (are) Celiac Disease ?,Gastrointestinal,"Celiac disease is an autoimmune disorder that affects the small intestine. It occurs when the immune system mistakenly attacks healthy cells in the small intestine, leading to inflammation and damage. This damage prevents the intestines from absorbing certain nutrients, which can lead to malnutrition. Celiac disease can affect anyone, regardless of age or race, but it is more common in people with certain genetic mutations, such as those with Down syndrome, Williams syndrome, or Turner syndrome. People with celiac disease must avoid consuming any foods that contain gluten, a protein found in wheat, rye, and barley. Without treatment, celiac disease can lead to various complications, including malnutrition, growth delay, and other health issues."
0.6405911445617676,0.66131591796875,0.5181895891825358,0.5728120803833008,0.3904594381650289,1.0,0.6666666666666666,0.5728120803833008,0.6976142525672913,0.6290239691734314,46,0.41818181818181815,0.14634146341463414,0.6308679978052775,0.5931190252304077,0,1,1,0,0,0,Who is at risk for Lung Cancer? ?,Respiratory,"People who smoke are at the highest risk for lung cancer. The risk of developing lung cancer increases with the number of cigarettes smoked per day, the duration of smoking, and the frequency of smoking. Quitting smoking can significantly lower the risk of developing lung cancer."
0.5412622690200806,0.6147133111953735,0.4437730709711711,0.4607941508293152,0.2383442918459574,0.9975598390049005,0.0,0.4607941508293152,0.6451171636581421,0.7611223459243774,136,0.3269230769230769,0.36363636363636365,0.3175453618168831,0.009654238820075989,7,1,1,0,0,0,What are the treatments for Osteoarthritis ?,Musculoskeletal,"There are several treatment options available for managing osteoarthritis, which can vary depending on the severity and location of the joint involvement. Some of the common treatments include:

1. Non-Surgical Treatment:
   - Physical therapy: Regular physical therapy exercises and stretches can help improve joint strength, flexibility, and reduce pain.
   - Weight management: Maintaining a healthy body weight can help alleviate some of the strain on the joints.
   - Lifestyle changes: Adopting a balanced diet rich in fruits, vegetables, whole grains, lean proteins, and low-fat dairy products can also contribute to reducing inflammation and improving joint health.
   - Medications: Over-the-counter non-steroidal anti-inflammatory drugs (NSAIDs) like ibuprofen can help relieve pain and swelling.
   - Analgesics: Pain medication such as acetaminophen or non-opioid analgesics can offer temporary relief from acute pain episodes.

2. Surgery:
   - Arthroscopic surgery: Small incisions"
0.5820139646530151,0.6242471933364868,0.40349745750427246,0.4519473910331726,0.3617222309112549,1.0,0.0,0.4519473910331726,0.6552574634552002,0.7446660995483398,101,1.01,0.25925925925925924,0.27255695313215256,0.1629408299922943,5,1,1,0,0,0,What are the treatments for Huntington's Disease ?,Neurological,"Treatments for Huntington's Disease aim to slow the progression of the disease and improve quality of life. Medications such as levodopa, which works by increasing dopamine levels in the brain, are used to relieve motor symptoms like stiffness, tremors, and difficulty walking. Other medications may be prescribed to control mental symptoms like hallucinations and confusion. Surgery, such as deep brain stimulation, may be considered to help manage severe movement problems. Additionally, cognitive training exercises and social support programs can help maintain independence and quality of life. Regular physical therapy and occupational therapy can improve mobility and reduce the risk of injury."
0.48903921246528625,0.4973261058330536,0.4482218623161316,0.5125083327293396,0.4927391211191813,0.9899427583331174,0.3333333333333333,0.5125083327293396,0.8319129943847656,0.7656549215316772,143,0.286,0.6,0.16733399902780852,-0.09409388899803162,20,1,1,0,0,0,What are the symptoms of Wilson Disease ?,Endocrine/Metabolic,"The symptoms of Wilson's disease are primarily related to liver damage caused by copper accumulation in the body. The main symptoms include:

1. Jaundice: The bilirubin levels in the blood increase, leading to yellowing of the skin and eyes.
2. Fatigue: People with Wilson's disease often experience extreme fatigue, particularly at night.
3. Nausea and vomiting: These are common symptoms due to the liver's reduced ability to process food properly.
4. Dark urine: Increased bilirubin in the bloodstream can cause dark brown urine.
5. Mental confusion and mood swings: Changes in behavior, including confusion and depression.
6. Skin changes: Skin pigmentation can change due to excess copper affecting melanocytes.
7. Anemia: Low iron levels resulting from impaired red blood cell production.
8. Abnormal hair color: Thinning or loss of hair.
9. Growth abnormalities: Short stature and stunted growth in children.
10. Neurological symptoms:"
0.5731602112452189,0.6032779216766357,0.5437890887260437,0.5785362720489502,0.2697684566179911,0.9954490908051008,0.6666666666666666,0.5785362720489502,0.7756206393241882,0.7943236827850342,106,0.3680555555555556,0.325,0.5268259719014168,0.4553355872631073,1,1,1,0,0,0,What are the treatments for Urinary Tract Infections in Children ?,Kidney/Renal,"The treatment for a urinary tract infection (UTI) in children depends on the age, severity, and location of the infection. For younger children, the treatment might include oral antibiotics such as amoxicillin or clindamycin, which are commonly used because of their safety profile and effectiveness against most strains of bacteria causing UTIs. It's important to note that the type and duration of antibiotic therapy will vary based on factors like the child's age, overall health, and the specific strain of bacteria causing the UTI. Additionally, parents should consult with pediatricians or infectious disease specialists about the best course of action for treating a UTI in children."
0.3636712928613027,0.40213990211486816,0.3789401948451996,0.40821507573127747,0.7241417715946834,0.9818487950988778,0.0,0.40821507573127747,0.6363009214401245,0.6985552906990051,135,1.0887096774193548,0.22727272727272727,0.0954385168850422,-0.13084250688552856,14,1,1,0,0,0,What to do for Cyclic Vomiting Syndrome ?,Gastrointestinal,"For Cyclic Vomitting Syndrome (CVS), it is important to manage the underlying condition causing the vomiting. Common causes of CVS include:

1. Addison's Disease: As mentioned in the context, patients with Addison's disease might experience cyclic vomiting syndrome due to hypothyroidism caused by the hormone replacement therapy.
2. Hyperthyroidism: Another common cause is hyperthyroidism, leading to excessive saliva production and subsequent vomiting.
3. Diaphragmatic Hernia: In this case, the stomach contents are forced into the abdominal cavity, causing nausea and vomiting.
4. Irritable Bowel Syndrome (IBS): Though less common, IBS can sometimes lead to cyclic vomiting, particularly during exacerbations.
5. Pneumonia: Chronic coughs can lead to gastroesophageal reflux (GER) and then cyclic vomiting.
6. Pancreatitis: This condition can cause vomiting due to inflammation of the pancreas.

Managing CVS involves treating the underlying cause. For example"
0.5651877323786417,0.5719932317733765,0.5157376031080881,0.5640944838523865,0.38998965422312415,0.9828420994918282,0.6666666666666666,0.5640944838523865,0.5466876029968262,0.6213529706001282,157,0.8092783505154639,0.425,0.5477314963936806,0.25780758261680603,3,1,1,0,0,0,What is (are) Stroke ?,Neurological,"Stroke is an acute medical condition characterized by an interruption or reduction of blood flow to the brain, resulting in tissue death or loss of function. There are two main types of strokes: ischemic and hemorrhagic.

Ischemic stroke is caused by a blood clot or a narrowing of a blood vessel, leading to insufficient blood flow to brain tissue. These events typically result in temporary symptoms such as numbness, confusion, or difficulty speaking, but they rarely lead to permanent neurological deficits.

Hemorrhagic stroke, also known as a subarachnoid hemorrhage, results from ruptured blood vessels in the brain, leading to bleeding into the space surrounding the brain tissue. This type of stroke can be life-threatening due to rapid changes in cerebral perfusion and can cause significant neurologic deficits, including coma, seizures, or personality changes.

Both types of strokes require prompt intervention to minimize brain damage and improve outcomes. Early recognition and appropriate management through thrombolysis (tissue plasminogen activ"
0.5661263863245646,0.592388391494751,0.323036124308904,0.3904816806316376,0.3667596777280172,0.9709945274490833,0.0,0.3904816806316376,0.4956372380256653,0.7290664911270142,104,0.32601880877742945,0.16666666666666666,0.317688596035753,0.08912548422813416,6,1,1,0,0,0,What are the treatments for Diabetes ?,Endocrine/Metabolic,"For both type 1 and type 2 diabetes:

- Managing blood glucose levels through insulin therapy and dietary management.
- Lifestyle modifications like physical activity, maintaining a healthy weight, and limiting alcohol consumption.
- Monitoring of blood glucose levels with continuous glucose monitoring devices.
- Regular check-ups with healthcare providers for adjustments in medication dosage and other health-related issues.
- Use of medications to manage symptoms and reduce the risk of complications. Commonly used drugs include oral hypoglycemic agents, sulfonylurea-based therapies, and insulin.

It is crucial to work closely with a healthcare professional to determine the best course of action for each individual case."
0.6177066961924235,0.7510311603546143,0.6409566501776377,0.820673942565918,0.314697782198588,1.0,0.6666666666666666,0.820673942565918,0.9297285079956055,0.820734977722168,146,1.1587301587301588,0.4166666666666667,0.2454934008014591,-0.02492314949631691,19,1,1,0,0,0,What are the symptoms of Colorectal Cancer ?,Gastrointestinal,"The symptoms of colorectal cancer vary depending on its stage and location within the colon. However, some common symptoms of colorectal cancer include:

1. Changes in bowel habits, including increased frequency or difficulty in defecating.
2. Blood in the stool, either during or after a bowel movement.
3. Persistent abdominal discomfort, such as cramping, bloating, or pain.
4. Feeling full quickly even after eating relatively little.
5. Loss of appetite or sudden weight loss without apparent reasons.
6. Unexplained fatigue or weakness.
7. Feeling unusually hungry despite normal appetite.
8. Frequent urination.
9. Unusual bleeding from the rectum or anus.
10. Nausea and vomiting.

It's important to note that not all individuals who experience these symptoms will definitely be diagnosed with colorectal cancer, and some may simply have irritable bowel syndrome (IBS) or another unrelated condition. Regular screening, along with early detection through colonoscopies, can significantly"
0.5873198310534159,0.6237255930900574,0.4382382829984029,0.4898489713668823,0.2697684566179911,0.9917896005382288,0.0,0.4898489713668823,0.6498528718948364,0.7168360352516174,155,3.7804878048780486,0.375,0.2572923334823413,-0.032811038196086884,9,1,1,0,0,0,What to do for Urinary Tract Infections in Children ?,Kidney/Renal,"For children with a urinary tract infection, healthcare providers typically recommend the following measures:

1. **Hydration**: Encourage children to drink plenty of fluids, including water, to help flush bacteria out of the bladder and urethra. Encouraging them to drink fluids regularly throughout the day can also help maintain hydration levels.

2. **Medication**: Depending on the severity and type of infection, children might require antibiotics to fight off the infection. Medications prescribed by healthcare providers should follow guidelines for appropriate dosing to minimize side effects and ensure adequate treatment.

3. **Change in diet**: Some children may experience increased frequency or urgency during a urinary tract infection, which could affect their appetite. Encourage them to eat foods rich in fiber such as bananas, applesauce, and sweet potatoes to avoid constipation.

4. **Preventive care**: To reduce the risk of future urinary tract infections, provide education about proper hygiene practices, particularly around personal care items like diapers, tampons, and"
0.5651877323786417,0.5719932317733765,0.41416143377621967,0.4519173800945282,0.38998965422312415,0.9941749536736828,0.0,0.4519173800945282,0.3802666664123535,0.6549136638641357,43,1.2647058823529411,0.13333333333333333,0.520149290561676,0.38998883962631226,2,1,1,0,0,0,What is (are) Stroke ?,Cardiovascular,"Stroke is a medical condition characterized by an interruption in blood flow to the brain due to a blocked or narrowed artery. There are two main types of strokes:

1. **Ischemic stroke**: In this type, the brain tissue得不到足够的氧气和营养物质，导致大脑细胞死亡。这种类型的中风通常只持续几分钟，并不会造成长期损伤。

2. **Hemorrhagic stroke**: 在这种类型中，由于脑血管破裂或出血，引起脑部压力增加并损害脑细胞。出血性中风是一种严重的医疗紧急情况，需要立即得到医疗援助，以减少脑组织损伤和其他并发症的风险。

急性缺血性卒中（简称TIAs）是短暂的，症状与短暂性脑梗塞相似，但持续时间较短，不构成永久性的伤害，但是它们可能是未来的中风警告信号之一，且在一年内发生的概率约为三分之一。"
0.6574335892995199,0.7174045443534851,0.5292323132356008,0.5552634000778198,0.2929050922393799,0.9840860366153443,0.6666666666666666,0.5552634000778198,0.3348481357097626,0.6319205164909363,40,0.08908685968819599,0.08,0.3915520046527187,0.01774679683148861,3,1,1,0,0,0,Who is at risk for Osteoporosis? ?,Musculoskeletal,"Sex assigned at birth. Women are much more likely to develop osteoporosis than are men. Age. The older you get, the greater your risk of osteoporosis. Race. You're at greatest risk of osteoporosis if you're white or of Asian descent."
0.5149929324785868,0.5185383558273315,0.6609207391738892,0.7137765884399414,0.29735503594080603,1.0,1.0,0.7137765884399414,0.7156440019607544,0.6908782124519348,144,0.342042755344418,0.35714285714285715,0.30126044319735634,-0.10379718244075775,6,1,1,0,0,0,what research (or clinical trials) is being done for Kidney Disease ?,Kidney/Renal,"There are various ongoing research studies focusing on the development of new treatments and therapies for kidney diseases such as diabetic nephropathy, chronic kidney disease, and glomerulonephritis. Here are some examples:

1. **Diabetic Nephropathy**: Researchers are investigating the use of targeted therapies like gene therapy, stem cell transplantation, and novel drugs to manage the progression of diabetic nephropathy. Clinical trials are evaluating these interventions in patients with early stages of the disease to determine their efficacy.

2. **Chronic Kidney Disease**: There are numerous ongoing clinical trials assessing new medications, including immunosuppressants, anti-inflammatory agents, and protease inhibitors, aimed at slowing the progression of CKD. Research into personalized medicine tailored to individual patient characteristics is also exploring potential ways to halt or reverse renal damage.

3. **Nephrotic Syndrome**: Investigating the effectiveness of novel therapies including monoclonal antibodies, immune checkpoint inhibitors, and corticosteroids in managing the acute"
0.3855717082818349,0.5155655741691589,0.3377801428238551,0.5231699347496033,0.6632899741331737,0.9851099827434949,0.3333333333333333,0.5231699347496033,0.6124669909477234,0.6526793241500854,132,2.693877551020408,0.35294117647058826,0.3744999449700117,0.21844668686389923,7,0,1,0,0,1,What are the treatments for Leukemia ?,Unrelated,"The treatments for Leukemia depend on the type and severity of the leukemia. Some common treatments include:

  * Chemoimmunotherapy: This treatment combines chemotherapy drugs with antibodies produced by the immune system to target cancer cells.
  * Allo-HSCT: An allogeneic hematopoietic stem cell transplant (HSCT), which involves transplanting hematopoietic stem cells from a donor into a patient who needs a transplant due to cancer. This is typically performed in cases of relapsed or refractory acute myeloid leukemia.
  * Autologous HSCT: An autologous hematopoietic stem cell transplant (HSCT), which involves transplanting hematopoietic stem cells from the patient's own blood.
  * Chemotherapy: Administering chemotherapy to destroy rapidly dividing cancer cells.
  * Targeted Therapy: Using monoclonal antibodies to block the action of certain proteins involved in the growth and survival of cancer cells.
  * Radiation Therapy"
0.6201469302177429,0.6910789012908936,0.6279688278834025,0.7138177156448364,0.3443342844645182,1.0,1.0,0.7138177156448364,0.8289408087730408,0.7578850388526917,159,0.33125,0.46938775510204084,0.43036478261152905,-0.09298305213451385,3,1,1,0,0,0,How to prevent High Blood Pressure ?,Cardiovascular,"To prevent high blood pressure, it is important to adopt a healthy lifestyle with the following considerations:

1. **Control High Blood Pressure**: One of the most important steps towards preventing high blood pressure is managing it. If you have been diagnosed with hypertension, following your healthcare professional’s advice to lower your blood pressure can significantly reduce your risk of developing other conditions like stroke, heart disease, and kidney problems.

2. **Healthy Lifestyle Changes**:
   - **Eat Less Cholesterol and Fat**: Reducing your intake of cholesterol and saturated fat, particularly from animal products, can help maintain proper vessel function and reduce the build-up of plaque in the arteries. Include foods rich in fiber, vitamins, and minerals in your diet.
   - **Limit Sodium Intake**: Excess sodium consumption can lead to higher blood pressure. Avoid salt and try to consume less processed foods and sauces.
   - **Regular Exercise**: Regular physical activity, including aerobic exercises like brisk walks, cycling, or swimming, can help lower"
0.7004829049110413,0.7713052034378052,0.46253641446431476,0.5688662528991699,0.22793887058893836,0.9008054026493512,0.3333333333333333,0.5688662528991699,0.40145865082740784,0.7856919765472412,159,0.2896174863387978,0.5,0.13580824517541462,-0.12609899044036865,17,1,1,0,0,0,How to prevent Peripheral Arterial Disease (P.A.D.) ?,Cardiovascular,"To prevent Peripheral Arterial Disease (PAD), one should adopt a healthy lifestyle including:

1. Quit smoking as it increases the risk of developing PAD significantly.
2. Maintain a balanced diet rich in fruits, vegetables, whole grains, lean proteins, and healthy fats like those found in fish and nuts.
3. Engage in regular physical activity, focusing on aerobic exercises such as brisk walking, cycling, swimming, or dancing, and avoiding high-impact activities that could strain the joints.
4. Control body weight through proper nutrition and regular exercise.
5. Monitor blood pressure, cholesterol levels, and blood sugar to manage these conditions if they are elevated.
6. Reduce stress through relaxation techniques like meditation, deep breathing, or yoga.
7. Avoid alcohol consumption, especially in large quantities as it can worsen existing health issues related to PAD.
8. Stay hydrated; drinking plenty of water throughout the day helps maintain overall health and reduces the risk of heart disease.
9. Consult with a healthcare provider"
0.6286237835884094,0.6622185111045837,0.5611450672149658,0.6023691892623901,0.29505185286204016,0.9816296313310823,1.0,0.6023691892623901,0.8105452656745911,0.8158745765686035,144,0.15703380588876772,0.3673469387755102,0.12345995110544292,-0.032375678420066833,10,1,1,0,0,0,How to diagnose Ulcerative Colitis ?,Gastrointestinal,"Diagnosis of Ulcerative Colitis typically involves a thorough evaluation by a healthcare professional, taking into account the patient’s age, sex, overall health status, and specific symptoms they are experiencing. Here are some key steps:

1. **Physical Examination**: A healthcare provider will conduct a comprehensive physical examination to assess general body health, including skin, hair, nails, and eyesight. They might also check for any signs of infection like rashes, swollen lymph nodes, or fevers.

2. **Medical History**: Collecting detailed information about the patient’s recent medical history, particularly regarding any previous illnesses, surgeries, or treatments, helps in understanding their current health status.

3. **Symptom Assessment**: A healthcare professional will ask about the onset and progression of symptoms, including frequency, duration, severity, and impact on daily activities. Common symptoms include abdominal pain, bloating, changes in appetite, weight loss, and blood in the stools.

4. **Laboratory Tests**:
   -"
0.5751630067825317,0.6303596496582031,0.6195418437321981,0.6946098804473877,0.308343251546224,0.9990751894960873,1.0,0.6946098804473877,0.5143727660179138,0.4384569823741913,10,0.01675041876046901,0.04,0.4657350480556488,0.4657350480556488,1,1,1,0,0,0,What are the treatments for Alzheimer's Disease ?,Neurological,Medicines may improve symptoms or slow the decline in thinking.
0.5412622690200806,0.6147133111953735,0.5193440119425455,0.5644497871398926,0.2383442918459574,0.996412937662106,0.6666666666666666,0.5644497871398926,0.6735773086547852,0.7385042309761047,149,1.0719424460431655,0.11538461538461539,0.292382731102407,-0.030416883528232574,9,1,1,0,0,0,What are the treatments for Osteoarthritis ?,Musculoskeletal,"There are several treatment options available for managing osteoarthritis:

1. **Weight Loss**: Maintaining a healthy weight can significantly reduce the stress on your joints. Losing even small amounts of weight can lower the load on your joints and ease pain.

2. **Physical Therapy**: Regular physical therapy exercises can help maintain flexibility, strength, and range of motion in affected joints, which can alleviate pain and improve overall function.

3. **Medication**: Pain relievers like nonsteroidal anti-inflammatory drugs (NSAIDs) and corticosteroids can provide temporary relief from pain and inflammation. However, these medications should only be used under the supervision of a healthcare provider due to potential side effects.

4. **Joint Supports**: Orthopedic inserts such as knee braces, ankle supports, and wrist wraps may offer some relief by reducing pressure on specific joints.

5. **Steroid Injections**: In rare cases, steroid injections into arthritic joints can provide immediate relief but should not be used"
0.6030685305595398,0.6502525806427002,0.5691394805908203,0.6363889575004578,0.28226230541865027,1.0,0.6666666666666666,0.6363889575004578,0.8450349569320679,0.7380554676055908,123,0.12023460410557185,0.3469387755102041,0.28559120318719317,-0.1493227332830429,9,1,1,0,0,0,What are the treatments for Hyperthyroidism ?,Endocrine/Metabolic,"There are various treatments available for hyperthyroidism:

1. **Anti-thyroid medications**: These medications block the production of thyroid hormones by the thyroid gland. Common examples include levothyroxine (Levoxyl), triiodothyronine (Synthroid), and iodized salt.

2. **Radioiodine therapy**: This involves ingesting a radioactive form of iodine, which travels through the body and destroys the thyroid cells that are producing excess hormones.

3. **Surgery**: Sometimes, the surgeon removes a portion of the thyroid gland. This procedure is known as a thyroidectomy.

4. **Thyroid injections**: Sometimes, injections of synthetic thyroid hormones are necessary to manage severe hyperthyroidism.

5. **Medication management**: For mild to moderate hyperthyroidism, lifestyle changes, diet, stress reduction, and sometimes thyroid supplements can be beneficial.

6. **Therapy with a naturopathic doctor**: Some patients find relief from"
0.5579427282015482,0.6154545545578003,0.5404871106147766,0.6078391075134277,0.2969232201576233,0.9981951386618046,0.6666666666666666,0.6078391075134277,0.8867326378822327,0.7668443918228149,152,0.9101796407185628,0.6571428571428571,0.3497654751620509,-0.03478435054421425,8,1,1,0,0,0,What are the treatments for Sleep Apnea ?,Respiratory,"Sleep Apnea treatment options vary depending on the type of sleep apnea (obstructive or central) and its severity. Here are some general treatment options:

1. Lifestyle Changes:
   - Weight Loss: Losing weight can improve sleep quality and reduce snoring. Losing 5-10% of body weight may help.
   - Quit Smoking: Smoking can contribute to sleep apnea by narrowing the airway.
   - Avoid Alcohol: Drinking alcohol before bedtime can cause you to wake up more frequently due to changes in the levels of certain chemicals in your blood.
   - Exercise Regularly: Physical activity can improve cardiovascular health, which can lead to better sleep.

2. CPAP (Continuous Positive Airway Pressure):
   - CPAP helps maintain an open airway during sleep by blowing warm, humidified air through a mask to the nose or mouth. It can be helpful for people with moderate to severe obstructive sleep apnea.
   - It is often prescribed by doctors and available over"
0.4696500500043233,0.4792442321777344,0.43517934282620746,0.4820460379123688,0.5287101765473683,0.9915877965109187,0.0,0.4820460379123688,0.8227506875991821,0.7549645900726318,94,0.41964285714285715,0.28205128205128205,0.39766407012939453,0.39766407012939453,1,1,1,0,0,0,What are the symptoms of Cyclic Vomiting Syndrome ?,Gastrointestinal,"The symptoms of Cyclic Vomiting Syndrome (CVS) can vary widely, but some common ones include:

  * Intermittent episodes of nausea and vomiting, typically lasting between 24 to 72 hours each time
  * The episodes occur at least twice per month and typically last longer than 3 months
  * These episodes can be triggered by a variety of factors, such as stress, food allergies, or certain medications
  * CVS can also lead to dehydration and electrolyte imbalances, which can be life-threatening
  * Treatment for CVS includes avoiding triggers, taking antihistamines, and in severe cases, hospitalization."
0.50538898507754,0.540373682975769,0.4586675663789113,0.5712809562683105,0.5324222644170125,1.0,0.3333333333333333,0.5712809562683105,0.6911427974700928,0.7009504437446594,12,0.020618556701030927,0.06,0.5767577886581421,0.5767577886581421,0,1,1,0,0,0,What are the treatments for Osteoporosis ?,Musculoskeletal,The medications used to strengthen bones weakened by osteoporosis are called bisphosphonates.
0.5459964871406555,0.5731419920921326,0.4921937684218089,0.5213377475738525,0.3996616999308268,0.9741901749811032,0.3333333333333333,0.5213377475738525,0.6801235675811768,0.7655701637268066,105,2.5609756097560976,0.38461538461538464,0.26937550732067655,0.14085468649864197,6,1,1,0,0,0,What are the treatments for Lung Cancer ?,Respiratory,"The main treatment options for lung cancer include surgery, chemotherapy, radiation therapy, immunotherapy, targeted therapy, and supportive care. Surgery involves removing cancerous tumors, which may require the use of minimally invasive procedures. Chemotherapy uses drugs to destroy rapidly growing cancer cells. Radiation therapy uses high-energy X-rays or other forms of radiation to target cancerous tissue and kill cancer cells. Immunotherapy involves introducing substances into the immune system to boost its ability to fight cancer. Targeted therapy targets specific proteins or genes involved in cancer cell development, while avoiding normal cells. Supportive care focuses on providing comfort and quality of life improvements during the cancer journey."
0.5188333988189697,0.5762555599212646,0.41637500127156574,0.5206661820411682,0.37353700399398804,1.0,0.3333333333333333,0.5206661820411682,0.5689087510108948,0.7807225584983826,171,1.5267857142857142,0.375,0.1906175771728158,-0.0493943989276886,11,1,1,0,0,0,what research (or clinical trials) is being done for Stroke ?,Neurological,"There are several ongoing clinical trials focused on understanding the causes and mechanisms of stroke and developing new treatments. Some examples include:

1. **Preclinical Trials**: These involve testing potential therapies, drugs, devices, or procedures that have passed initial safety and efficacy tests but have not yet been tested in humans. They aim to identify which treatments show promise and may lead to later-stage clinical trials.

2. **Clinical Trials**: These involve human subjects who receive experimental treatments or procedures as part of a study designed to test whether they improve health outcomes compared to standard treatments or no treatment at all. Clinical trials are conducted by researchers and doctors who work under the supervision of an Institutional Review Board (IRB).

3. **Drug Development Programs**: Pharmaceutical companies often invest heavily in drug development programs aimed at identifying new treatments for stroke. Researchers use advanced technologies like gene editing tools to modify patient-specific stem cells to create cells with enhanced therapeutic properties.

4. **Advancements in Imaging Techniques**: The development of new imaging techniques such"
0.6834194660186768,0.7410695552825928,0.6739200154940287,0.721229076385498,0.2605746388435364,1.0,1.0,0.721229076385498,0.6919041872024536,0.7504737377166748,131,0.9357142857142857,0.5,0.6400263831019402,0.3736875355243683,1,1,1,0,0,0,What are the symptoms of Hypothyroidism ?,Endocrine/Metabolic,"Hypothyroidism symptoms may include:

- Fatigue and weight gain
- Sensitivity to cold
- Constipation
- Weight gain
- Puffy face
- Hoarse voice
- Coarse hair and skin
- Muscle weakness
- Muscle aches, tenderness, and stiffness
- Menstrual cycles that are heavier than usual or irregular
- Thinning hair
- Slow heart rate (bradycardia)
- Depression
- Memory problems
- Anyone can get hypothyroidism, including infants. Most babies born without a thyroid gland or with a gland that doesn't work correctly don't have symptoms right away. But if hypothyroidism isn't diagnosed and treated, symptoms start to appear. They may include:
  - Feeding problems
  - Poor growth
  - Poor weight gain
  - Yellowing of the skin and the whites of the eyes, a condition called jaundice
  - Constipation
  - Poor"
0.5657744805018107,0.6101444363594055,0.5367991228898367,0.6506922245025635,0.33938209215799964,1.0,0.6666666666666666,0.6506922245025635,0.69794100522995,0.679389238357544,32,1.032258064516129,0.15384615384615385,0.5082521140575409,0.4985272288322449,1,1,1,0,0,0,How many people are affected by Hemorrhoids ?,Gastrointestinal,"According to the available information, about 20% of adults have at least one symptom of hemorrhoids. However, this does not provide a precise number of individuals who are directly affected by hemorrhoids."
0.5218665401140848,0.5526895523071289,0.4851191242535909,0.6358705163002014,0.6063930193583171,1.0,0.6666666666666666,0.6358705163002014,0.6461217999458313,0.7552417516708374,151,1.3017241379310345,0.56,0.4347447037696838,0.2227131426334381,3,1,1,0,0,0,"What are the treatments for Diabetes, Heart Disease, and Stroke ?",Cardiovascular,"Diabetes, Heart Disease, and Stroke are three common diseases affecting millions of people worldwide. Each has its own set of treatments tailored to address the specific characteristics and needs of each condition:

1. **Stroke:** For an ischemic stroke, the key treatments involve:
   - Emergency medical intervention (like thrombolytic therapy) within 4.5 hours after symptom onset, which aims to dissolve the blood clot blocking blood flow to the brain;
   - Medications to reduce blood pressure and manage blood thinning agents to prevent further strokes;  
   - Physical therapy and rehabilitation to help regain strength and mobility;

2. **Heart Disease:** Managing risk factors like high blood pressure, high cholesterol, smoking, and obesity can significantly lower the risk of a heart attack or stroke. Lifestyle modifications include:
   - Regular physical activity, aiming for at least 150 minutes of moderate exercise per week;
   - Eating a heart-healthy diet rich in fruits, vegetables, whole grains, lean proteins"
0.50538898507754,0.540373682975769,0.5979132453600565,0.6746350526809692,0.5324222644170125,0.9217846528953321,1.0,0.6746350526809692,0.7408123016357422,0.7086069583892822,117,0.48148148148148145,0.47368421052631576,0.3439682594367436,0.0915963351726532,5,1,1,0,0,0,What are the treatments for Osteoporosis ?,Musculoskeletal,"The treatments for osteoporosis involve:

1. Lifestyle changes:
   - Calcium and vitamin D supplementation
   - Regular physical activity (weight-bearing exercises)

2. Medications:
   - Bisphosphonates (to strengthen bones)
   - Hormonal therapy
   - Estrogen replacement therapy
   - Parathyroid hormone-releasing factor inhibitors

3. Surgical options:
   - Spinal fusion surgery
   - Total hip arthroplasty
   - Total knee arthroplasty

4. Lifestyle modifications:
   - Adequate hydration
   - Limiting alcohol consumption
   - Maintaining a healthy body mass index (BMI)
   - Avoiding smoking

5. Preventive measures:
   - Regular exercise
   - Adequate calcium and vitamin D intake
   - Weight management
   - Use of protective gear during falls

6. Medical intervention:
   - Bone density testing
   - Management of underlying conditions contributing to bone loss, such as osteoar"
0.7358058094978333,0.7648347616195679,0.5424972275892893,0.6268308162689209,0.20460492372512817,1.0,0.6666666666666666,0.6268308162689209,0.6537708640098572,0.7337163090705872,94,0.5222222222222223,0.25,0.5085940301418305,0.2931484580039978,3,1,1,0,0,0,What is (are) Graves' Disease ?,Endocrine/Metabolic,"Graves' Disease is an autoimmune disorder characterized by hyperthyroidism, which is the overproduction of thyroid hormones. This condition is primarily caused by the activation of the immune system against the thyroid gland, resulting in abnormal thyroid function. The exact cause of this autoimmune response remains unclear, but genetics, environmental factors, and age are considered risk factors. Symptoms typically include weight loss, palpitations or heart rate irregularities, anxiety, and muscle weakness. Treatment options often involve medications aimed at reducing thyroid hormone production or suppressing the immune response to prevent further damage to the thyroid gland."
0.5188333988189697,0.5762555599212646,0.3626925051212311,0.5264555215835571,0.37353700399398804,1.0,0.3333333333333333,0.5264555215835571,0.5048388242721558,0.6341549754142761,151,0.19712793733681463,0.42857142857142855,0.2768000415103002,-0.0493943989276886,8,1,1,0,0,0,what research (or clinical trials) is being done for Stroke ?,Neurological,"Stroke research and clinical trials are ongoing at many institutions around the world. Some examples include:

1. **Preventive Strategies**: Researchers are studying preventive strategies such as lifestyle changes, exercise programs, and medications to reduce the risk of stroke. For example, studies focusing on cholesterol management have shown promising results.

2. **Thrombolytic Therapy**: Research continues into the effectiveness of thrombolytic therapy, which involves administering medications directly to a patient’s blood vessels to dissolve clots that block blood flow to the brain.

3. **Neuroprotective Drugs**: Scientists aim to develop drugs that can protect brain cells during and after a stroke by reducing inflammation and oxidative stress caused by high levels of reactive oxygen species (ROS).

4. **Transcranial Magnetic Stimulation (TMS)**: TMS is a non-invasive neurostimulation technique that uses magnetic fields to stimulate nerve cells within the brain. Researchers are exploring its potential in treating stroke patients who do not respond well to conventional"
0.5651877323786417,0.5719932317733765,0.7006363073984782,0.772956132888794,0.38998965422312415,0.9325079583143293,1.0,0.772956132888794,0.7981570363044739,0.6748839020729065,102,0.21794871794871795,0.40816326530612246,0.5994873404502868,0.44036567211151123,1,1,1,0,0,0,What is (are) Stroke ?,Cardiovascular,"Stroke is a medical emergency characterized by a temporary interruption in blood flow to parts of the brain. This disruption can lead to temporary symptoms such as numbness, weakness, or difficulty speaking, which can last up to several hours. In some cases, this interruption leads to permanent brain damage, resulting in strokes. There are two main types of strokes: an ischemic stroke occurs due to a reduction in blood flow, whereas a hemorrhagic stroke results from a ruptured blood vessel causing bleeding into the brain. Emergency medical intervention is crucial for reducing brain damage and improving outcomes in both types of strokes."
0.3658762474854787,0.384335994720459,0.457479993502299,0.5139349699020386,0.6480145057042439,1.0,0.3333333333333333,0.5139349699020386,0.7430360317230225,0.7616267204284668,59,0.023905996758508914,0.3,0.3922172114253044,0.2902103066444397,4,0,1,0,0,1,What are the treatments for Neuroblastoma ?,Unrelated,"Treatment options for Neuroblastoma may include surgery, chemotherapy, radiation therapy, and immunotherapy. Surgery can remove the tumor, but it is not always possible due to its location or size. Chemotherapy is used to kill any remaining cancer cells, while radiation therapy uses high-energy rays to destroy cancer cells. Immunotherapy works by stimulating the immune system to attack cancer cells."
0.6095498402913412,0.6389005184173584,0.6667879819869995,0.6875041723251343,0.37851178646087646,0.9963297027216809,1.0,0.6875041723251343,0.7226220965385437,0.7852166891098022,110,0.12941176470588237,0.38,0.3924121980865796,0.21311746537685394,5,1,1,0,0,0,What are the treatments for Kidney Disease ?,Kidney/Renal,"The primary treatments for Kidney Disease include:

1. Medications:
   - Nonsteroidal anti-inflammatory drugs (NSAIDs)
   - Angiotensin-converting enzyme inhibitors (ACEI)
   - Angiotensin-receptor blockers (ARBs)
   - Renal artery stents
   - Immunosuppressive agents

2. Lifestyle changes:
   - Weight management
   - Smoking cessation
   - Exercise
   - High blood pressure control
   - Blood sugar control

3. Dialysis:
   - Hemodialysis
   - Continuous renal replacement therapy (CRRT)

4. Kidney Transplantation:
   - A transplant from a living donor or deceased donor
   - Kidney donation through a cadaveric transplant

5. Preventive Measures:
   - Avoiding high-risk behaviors like smoking, excessive alcohol consumption, and obesity
   - Maintaining a healthy diet
   - Regular physical activity
   - Monitoring and managing underlying health conditions"
0.5932607650756836,0.6823796033859253,0.4340590437253316,0.4727814197540283,0.4209195375442505,0.9807974001746567,0.0,0.4727814197540283,0.4104475677013397,0.7491933107376099,143,1.2543859649122806,0.16666666666666666,0.5570484660565853,0.23053096234798431,1,1,1,0,0,0,What is (are) High Blood Pressure ?,Cardiovascular,"High blood pressure refers to an abnormal rise in blood pressure levels, which occurs when the force of the blood pushing against the arterial walls is consistently too high. This can put strain on the heart and lead to damage to the blood vessels. High blood pressure is usually measured in terms of systolic blood pressure, which measures the pressure in the upper chambers of the heart (the left ventricle) when it contracts, and diastolic blood pressure, which measures the pressure in the lower chambers (the right ventricle) during relaxation. Normal blood pressure is generally defined as less than 120/80 mmHg, elevated blood pressure falls within this range but is greater than 120/80, stage 1 hypertension has a systolic blood pressure greater than 130 mmHg but less than 140 mmHg, and stage 2 hypertension has a systolic blood pressure greater than 140 mmHg."
0.6205337047576904,0.6904004812240601,0.5133418440818787,0.6061349511146545,0.38897975285847985,1.0,0.3333333333333333,0.6061349511146545,0.7103931307792664,0.7706146240234375,152,2.4126984126984126,0.6666666666666666,0.38783399052917955,0.027793971821665764,11,1,1,0,0,0,Who is at risk for Stroke? ?,Cardiovascular,"The factors listed above can increase the risk of stroke, including:

  * Age - People age 55 or older have a higher risk of stroke than do younger people.
  * Race or ethnicity - African Americans and Hispanics have a higher risk of stroke than people of other racial or ethnic groups.
  * Sex - Men have a higher risk of stroke than women.
  * Hormones - Taking birth control pills or hormone therapy that includes estrogen can increase the risk of stroke.
  * Personal or family history of stroke, heart attack, or transient ischemic attack.
  * Smoking, especially if heavy or binge drinking occurs along with smoking.
  * High blood pressure.
  * High cholesterol.
  * Obesity or being overweight.
  * Physical inactivity.
  * Cardiovascular disease, including heart failure, heart defects, heart infections, or irregular heart rhythms.
  * Sleep apnea.
  * COVID-19 infection.
  * Family history of stroke.
  * Lack of physical"
0.3620296319325765,0.3753434419631958,0.31608787178993225,0.4028877913951874,0.4357786178588867,0.9002253689171539,0.0,0.4028877913951874,0.7986880540847778,0.6934435963630676,74,0.8131868131868132,0.30434782608695654,0.1774861365556717,0.08535640686750412,4,1,1,0,0,0,What is (are) Hemochromatosis ?,Endocrine/Metabolic,"Hemochromatosis is an inherited disorder caused by mutations in the HFE gene that lead to abnormal production or accumulation of iron in the body. It primarily affects the liver, kidneys, pancreas, heart, and skeletal muscles. The condition is characterized by symptoms such as fatigue, weight loss, abdominal discomfort, and joint pain. Treatment typically involves managing symptoms through lifestyle modifications and medications, and in some cases, genetic counseling for family members to prevent the condition."
0.368419090906779,0.3833795189857483,0.41643620530764264,0.5347673296928406,0.262023409207662,0.9923657411595799,0.3333333333333333,0.5347673296928406,0.41738781332969666,0.644483745098114,152,0.9620253164556962,0.0,0.1867626622940103,-0.11440416425466537,11,0,1,0,0,1,What is (are) Problems with Smell ?,Unrelated,"Smelling problems are often associated with respiratory diseases, including asthma and chronic obstructive pulmonary disease (COPD). These conditions can affect how effectively the nose functions, causing difficulty in smelling, especially when there is a lack of oxygen. The specific problems with smell can vary depending on the underlying lung conditions, but they might include:

1. **Decreased olfactory function**: Reduced sensitivity or impairment of the sense of smell, leading to difficulties in detecting odors or recognizing familiar scents.
2. **Hearing loss**: Some cases of asthma or COPD can lead to hearing loss due to inflammation or damage in the middle ear or inner ear.
3. **Otitis media**: Inflammation of the middle ear can impair normal sound transmission, affecting one’s ability to detect and identify sounds.
4. **Sinus problems**: Nasal passages affected by infections like sinusitis can reduce the effectiveness of the sense of smell, making it harder to distinguish between odors.
5. **M"
0.44074374437332153,0.4412810802459717,0.44379963477452594,0.48662275075912476,0.5496138234933217,0.9261903669085089,0.0,0.48662275075912476,0.834467887878418,0.7943805456161499,99,0.38372093023255816,0.2564102564102564,0.22902116738259792,0.09768073260784149,8,0,1,0,0,1,What is (are) Endometrial Cancer ?,Unrelated,"Endometrial cancer is a type of cancer that starts in the inner lining of the uterus. The uterus is a hollow organ that women use during pregnancy. It is also where the fallopian tubes connect to the cervix. The cervix is the opening to the vagina. This lining of the uterus grows and divides just like normal tissue. However, if it becomes abnormal and grows out of control, it forms an abnormal tissue mass. This mass can be found in the uterus or outside of it. It may grow slowly or rapidly depending on how fast new cells divide."
0.6756706039110819,0.7066491842269897,0.5670218467712402,0.6055067777633667,0.26632626851399743,1.0,1.0,0.6055067777633667,0.5706511735916138,0.7128297686576843,66,6.6,0.16666666666666666,0.5288040935993195,0.29985737800598145,2,1,1,0,0,0,What is (are) Heart Failure ?,Cardiovascular,"Heart failure is a condition where the heart muscle does not function efficiently, making it difficult for the heart to pump adequate amounts of blood throughout the body. Symptoms typically include shortness of breath, fatigue, and swelling in the legs, ankles, and feet. Over time, this can result in damage to the heart muscle, leading to more severe symptoms such as chest pain, dizziness, and fainting."
0.6460715134938558,0.6599841117858887,0.6415279706319174,0.7381519079208374,0.35875888665517175,0.969725755497979,1.0,0.7381519079208374,0.6431906819343567,0.7060388922691345,95,0.37254901960784315,0.13636363636363635,0.5729355573654175,0.47021955251693726,1,1,1,0,0,0,What is (are) Alzheimer's Disease ?,Neurological,"Alzheimer's disease is the most common cause of dementia, which refers to problems with thinking, behavior, and mood. It is characterized by the formation of amyloid plaques and neurofibrillary tangles in the brain. These plaques and tangles cause brain cells to die over time, resulting in significant cognitive impairment and eventually leading to death. Alzheimer's disease affects about 6.9 million people in the United States alone, and among those aged 75 and older, more than 70%. More than 55 million people worldwide are living with dementia, with Alzheimer's disease accounting for approximately 60%-70% of cases."
0.7001679937044779,0.759368896484375,0.7196622292200724,0.8530043959617615,0.24945616722106934,1.0,1.0,0.8530043959617615,0.7986568212509155,0.8049823641777039,59,0.14713216957605985,0.2127659574468085,0.7491846084594727,0.7128502130508423,0,1,1,0,0,0,Who is at risk for Metabolic Syndrome? ?,Endocrine/Metabolic,"People who are at risk for metabolic syndrome include those over the age of 45 years old, individuals of Hispanic ethnicity, obese individuals, people with diabetes during pregnancy, and those with a family history of type 2 diabetes. Additionally, other diseases such as steatotic liver disease, polycystic ovary syndrome, and sleep apnea can increase the risk of metabolic syndrome."
0.6081478993097941,0.622816264629364,0.4695112506548564,0.5215439796447754,0.4064144492149353,0.9349530728762279,0.3333333333333333,0.5215439796447754,0.5542349815368652,0.7862279415130615,100,0.2785515320334262,0.2,0.5401691347360611,0.3486029803752899,2,1,1,0,0,0,What is (are) Rheumatoid Arthritis ?,Musculoskeletal,"Rheumatoid arthritis (RA) is a chronic autoimmune disorder characterized by inflammation and damage to various parts of the body including the joints, skin, eyes, lungs, heart, and blood vessels. It occurs when the immune system mistakenly attacks the body's own tissues, leading to the destruction of synovial membrane (the lining surrounding the joint), cartilage, and underlying bones. This process can lead to the formation of erosions and deformities in the affected areas, causing pain, stiffness, and reduced mobility. Despite advances in treatments, RA remains a complex disease with varying degrees of severity, and its long-term impact on individuals varies widely."
0.611943781375885,0.6323435306549072,0.5907086133956909,0.7711211442947388,0.3491254051526388,0.9000618227625292,0.6666666666666666,0.7711211442947388,0.8048245310783386,0.8031225204467773,75,0.16375545851528384,0.3333333333333333,0.5432159304618835,0.4354487657546997,1,1,1,0,0,0,What is (are) Osteoporosis ?,Endocrine/Metabolic,"Osteoporosis is a disease characterized by a decrease in the density and strength of the bones. It primarily affects the skeleton and can lead to fractures due to weakened bones. The condition is caused by a decrease in bone formation, which compensates for the loss of bone mass due to the body's inability to replace it effectively. Women, particularly those in their postmenopausal years, are at higher risk due to hormonal changes and genetic factors."
0.6856913566589355,0.7118179798126221,0.7936652700106303,0.8521227836608887,0.20786348978678382,0.993123921537948,1.0,0.8521227836608887,0.7402068376541138,0.7273640036582947,40,0.2127659574468085,0.16279069767441862,0.45272702475388843,0.22441260516643524,2,1,1,0,0,0,What is (are) Lupus ?,Musculoskeletal,"Lupus is a chronic autoimmune disease that affects multiple organ systems within the body. This disease causes inflammation throughout various parts of the body, causing pain, swelling, redness, and sometimes scarring. It primarily affects the muscles, bones, and connective tissue."
0.7085285782814026,0.7666497230529785,0.7792957226435343,0.8553761839866638,0.32317815224329627,0.9927409314224686,1.0,0.8553761839866638,0.796292245388031,0.8205656409263611,52,0.3023255813953488,0.20512820512820512,0.8055849373340607,0.7763148546218872,0,1,1,0,0,0,What causes Bronchitis ?,Respiratory,"Bronchitis is caused by various viruses that can spread mainly from person to person by droplets produced when an ill person coughs, sneezes, or talks, and you inhale the droplets. Additionally, viral infections, environmental factors like air pollution and dust or toxic gases, and smoking can contribute to the development of bronchitis."
0.6476345260938009,0.6690683364868164,0.6289825836817423,0.7662652134895325,0.31381318966547644,0.9173361536904786,1.0,0.7662652134895325,0.7214341759681702,0.769426703453064,78,0.09375,0.36,0.7166150212287903,0.6000887751579285,0,1,1,0,0,0,What is (are) Atrial Fibrillation ?,Cardiovascular,"Atrial Fibrillation (AFib) is an irregular and often very rapid heart rhythm characterized by a chaotic and irregular beating of the upper chambers of the heart, known as the atria, compared to the normal rhythmic contractions of the lower chambers, which are called the ventricles. This irregularity in the electrical activity of the heart results in an abnormal heart rhythm that may cause various complications such as increased blood clotting risks, stroke, heart failure, and other heart-related conditions."
0.6155603726704916,0.6570487022399902,0.6265181104342142,0.7126849293708801,0.2954388658205668,0.9928936545273794,1.0,0.7126849293708801,0.8512792587280273,0.7460845112800598,163,0.9532163742690059,0.5675675675675675,0.22456470557621547,-0.03467172011733055,13,1,1,0,0,0,What are the symptoms of Short Bowel Syndrome ?,Gastrointestinal,"Short bowel syndrome is a condition that occurs when part of the digestive system is damaged or removed. The symptoms can vary depending on the extent of damage, but some common signs include:

1. Chronic diarrhea: This is due to the reduced capacity of the remaining gut to absorb nutrients from food.
2. Frequent and intense abdominal pain: As the intestines try to compensate for the missing parts of the digestive system, this pain can be constant or episodic.
3. Fatigue and weakness: The body's need for energy is affected because the damaged sections cannot produce enough hormones like insulin.
4. Nausea and vomiting: The inability to digest food properly leads to malnutrition and dehydration, which can cause these symptoms.
5. Nutritional deficiencies: Without proper absorption of vitamins, minerals, and proteins, patients may experience deficiencies.
6. Immune system dysfunction: The weakened immune system might not fight off infections effectively, leading to prolonged healing times.

While short bowel syndrome primarily impacts individuals with intestinal"
0.5412622690200806,0.6147133111953735,0.42690736055374146,0.4584176242351532,0.2383442918459574,0.9921699702816829,0.0,0.4584176242351532,0.681999921798706,0.7283912897109985,137,2.2459016393442623,0.6190476190476191,0.283938995634134,-0.030416883528232574,9,1,1,0,0,0,What are the treatments for Osteoarthritis ?,Musculoskeletal,"There are several treatment options available for individuals with osteoarthritis:

1. **Medication**: Nonsteroidal anti-inflammatory drugs (NSAIDs) such as ibuprofen or naproxen can reduce inflammation and pain. Pain relievers like acetaminophen may also be prescribed. Medications for osteoarthritis are generally safe but should not replace physical therapy or other forms of treatment.

2. **Physical Therapy**: Regular exercise helps strengthen muscles around the affected area, which reduces stress on the joints. Physical therapists may recommend exercises focused on improving strength and flexibility.

3. **Weight Management**: Maintaining a healthy body weight can relieve pressure on joints and potentially slow the progression of osteoarthritis.

4. **Injections**: Injections of corticosteroids or hyaluronic acid can temporarily relieve pain and swelling.

5. **Surgery**: Sometimes, surgery might be necessary if the condition has progressed significantly, especially in cases where there's little hope of recovery through"
0.5693099896113077,0.5740540027618408,0.4467124442259471,0.48660069704055786,0.30893760919570923,1.0,0.0,0.48660069704055786,0.6760223507881165,0.7640098929405212,150,8.333333333333334,0.6,0.31346557359211147,-0.05277569591999054,11,1,1,0,0,0,What to do for Kidney Dysplasia ?,Kidney/Renal,"Kidney dysplasia is a condition characterized by abnormal growths or defects within the kidneys. There isn't an easy-to-follow guideline for prevention of kidney dysplasia. However, some general advice might help:

1. **Maintain a Healthy Diet**: A balanced diet rich in fruits, vegetables, lean proteins, and whole grains can help support kidney health overall. Limit salt intake and avoid excessive sodium consumption.

2. **Exercise Regularly**: Physical activity helps regulate blood pressure, which can impact kidney function. Aim for at least 30 minutes of moderate exercise most days of the week.

3. **Manage Blood Pressure**: High blood pressure can contribute to kidney damage. Work with your healthcare provider to keep your blood pressure under control through medication, lifestyle modifications, and dietary adjustments.

4. **Avoid Smoking**: Smoking can cause oxidative stress and further harm kidneys. Quitting smoking is highly recommended.

5. **Stay Hydrated**: Drinking enough water is crucial for maintaining good kidney function."
0.6095498402913412,0.6389005184173584,0.45522041122118634,0.4760037660598755,0.37851178646087646,0.9878924429530387,0.0,0.4760037660598755,0.5153052806854248,0.7202765345573425,153,0.2670157068062827,0.22916666666666666,0.32127940095961094,-0.07630497217178345,8,1,1,0,0,0,What are the treatments for Kidney Disease ?,Kidney/Renal,"The treatments for Kidney Disease typically focus on managing the underlying causes and slowing down the progression of kidney damage. These treatments include:

1. **Medications**: Medicines like blood thinners, diuretics, and immunosuppressants may be prescribed depending on the underlying cause of the kidney disease.

2. **Nutrition**: A well-balanced diet rich in fruits, vegetables, lean proteins, and whole grains can help manage the progression of kidney disease. Avoiding foods high in sodium and protein, especially those from processed meats, has been shown to benefit renal health.

3. **Physical Activity**: Regular exercise helps improve overall health and can potentially slow the progression of kidney disease. However, caution should be exercised because some physical activities can worsen kidney disease.

4. **Blood Tests and Monitoring**: Periodic blood tests are crucial to monitor kidney function and track any changes in kidney function. Blood tests may involve measuring creatinine levels, which reflects the amount of waste in the blood"
0.6254714131355286,0.6825350522994995,0.3433332145214081,0.35650238394737244,0.2527793049812317,0.9829661930910127,0.0,0.35650238394737244,0.37585729360580444,0.6795210242271423,172,0.30935251798561153,0.17777777777777778,0.4327320685753456,-0.09781426191329956,5,1,1,0,0,0,What is (are) Diabetes ?,Endocrine/Metabolic,"Diabetes is a group of metabolic disorders that occur when either too much or too little insulin is produced or used by the body. It affects many systems in the body and can lead to serious health problems if left untreated. There are three types of diabetes:

1. Type 1 diabetes - This type occurs most often in children and young adults. The immune system attacks and destroys the beta cells in the pancreas, which produces insulin. People with type 1 diabetes must rely on insulin injections or other forms of treatment to control their blood sugar levels.
2. Type 2 diabetes - This type is more common in older adults but can also affect younger people. The body becomes resistant to the effects of insulin, making it difficult for the pancreas to produce enough insulin. Symptoms include increased thirst, frequent urination, fatigue, blurred vision, and unexplained weight loss.
3. Gestational diabetes - This type occurs during pregnancy and typically resolves after the baby is born. It is caused by high levels"
0.739475150903066,0.7614860534667969,0.4640195965766907,0.5853723883628845,0.2487356265385946,0.9172134433354309,0.3333333333333333,0.5853723883628845,0.5011084079742432,0.7148275971412659,153,0.7806122448979592,0.2903225806451613,0.5319389211280006,0.21429194509983063,2,1,1,0,0,0,What is (are) Polycystic Kidney Disease ?,Kidney/Renal,"Polycystic kidney disease (PKD) is a genetic disorder characterized by the development of multiple small cysts in the kidneys, primarily affecting the proximal tubules of the nephrons. These cysts are typically found in the renal pelvis and medulla but can spread to the cortex as well. PKD is caused by mutations in genes that regulate the formation of these cysts, such as the cystin gene and the solute carrier family 6A1 (SLC6A12) gene. 

The exact mechanism leading to the development of these cysts remains poorly understood. However, it has been suggested that they form due to the accumulation of certain substances within the cells, possibly related to altered cell signaling pathways or defects in protein synthesis. Additionally, studies have shown that the presence of cysts in the kidneys increases the risk of developing cardiovascular diseases, hypertension, and kidney failure. 

PKD can be categorized into two main types based on the clinical presentation:

1."
0.6496079564094543,0.693362832069397,0.5974136392275492,0.7145207524299622,0.3587542573610941,1.0,1.0,0.7145207524299622,0.7359784841537476,0.8424437046051025,67,0.06285178236397748,0.14,0.65755828221639,0.5374281406402588,0,1,1,0,0,0,What causes Gout ?,Musculoskeletal,"Gout is caused by the accumulation of urate crystals in joints, which leads to intense inflammation, pain, and swelling. This condition is primarily triggered by an increase in uric acid production in the body, typically due to excessive consumption of purines-rich foods and alcoholic beverages, particularly beer, and sweetened beverages containing fructose. Additionally, the increased uric acid concentration can lead to kidney problems if not managed properly."
0.6301547686258951,0.674124002456665,0.6728367408116659,0.7878133058547974,0.2862681349118551,1.0,0.6666666666666666,0.7878133058547974,0.8078624606132507,0.7684263586997986,34,0.11409395973154363,0.125,0.7251626253128052,0.714790940284729,0,1,1,0,0,0,What is (are) Colorectal Cancer ?,Gastrointestinal,"Colorectal cancer refers to both types of cancer that start in either the colon or the rectum. It includes both colon cancer and rectal cancer, which begin in different sections of the digestive tract."
0.5884570280710856,0.6114729046821594,0.4005655845006307,0.4225127398967743,0.4253535270690918,0.9990563634202893,0.0,0.4225127398967743,0.43914878368377686,0.7173926830291748,150,0.44510385756676557,0.16666666666666666,0.20644555936257045,-0.07738947868347168,14,1,1,0,0,0,How to diagnose Rheumatoid Arthritis ?,Musculoskeletal,"To diagnose rheumatoid arthritis (RA), a healthcare provider will typically conduct a physical examination to evaluate the patient's overall health and observe signs such as:

1. Painful, warm, swollen joints: The patient will usually report joint pain, warmth, and redness in the affected joints.
2. Joint stiffness: Some patients experience morning stiffness, especially in the hands and lower back, which lasts for 45 minutes or longer.
3. Fatigue: RA can cause fatigue due to inflammation affecting the immune system, leading to reduced energy levels.
4. Fever: In some cases, RA can lead to low-grade fevers.
5. Not wanting to eat: Hunger and appetite changes are common in RA, but many individuals do not feel like eating.
6. Swelling: Patients might note swelling around the eyes, ankles, and fingers.
7. Fatigue and shortness of breath: RA can increase heart rate and breathing difficulty, leading to fatigue and shortness of breath.
8"
0.5829098622004191,0.6067546010017395,0.6529415845870972,0.7996082901954651,0.4381245275338491,0.9848058239404118,1.0,0.7996082901954651,0.8194448351860046,0.6882914304733276,52,0.2937853107344633,0.0975609756097561,0.5626429716746012,0.3551924228668213,1,1,1,0,0,0,What is (are) Cirrhosis ?,Gastrointestinal,"Cirrhosis refers to a condition where the liver becomes damaged due to various factors, leading to the formation of scar tissues within the liver. This progressive liver damage can significantly impair its ability to function properly. It encompasses different stages and causes, each contributing to the development and severity of the condition."
0.660559078057607,0.6901317834854126,0.7634691198666891,0.8257123231887817,0.27181053161621094,0.9974540355108952,1.0,0.8257123231887817,0.8693255186080933,0.767650842666626,140,0.13108614232209737,0.44,0.42024242381254834,-0.0949852466583252,4,1,1,0,0,0,What are the symptoms of Parkinson's Disease ?,Neurological,"The symptoms of Parkinson's Disease vary for each person. Early symptoms may be mild and not noticed right away. Symptoms may start on one side of the body, then spread to both sides. Common symptoms include:

  * Tremor (a rhythmic shaking)
  * Slowed movement, also called bradykinesia
  * Rigidity (stiff muscles)
  * Poor posture and balance issues
  * Loss of automatic movements like blinking or smiling
  * Speech changes, including slowness, slurring, or difficulty speaking
  * Difficulty walking, coordination, and balance
  * Problems with thinking and memory
  * Depression, anxiety, constipation, insomnia, fatigue, and poor appetite

In addition to the above symptoms, Parkinson's disease can cause non-motor symptoms such as headaches, sweating, loss of smell, and vision problems. The severity and onset of symptoms can vary greatly from person to person, and they can come and go over time. It"
0.646897554397583,0.6954805850982666,0.717828611532847,0.760215699672699,0.24035306771596276,0.9924145489134532,1.0,0.760215699672699,0.8589423894882202,0.7574195265769958,133,1.047244094488189,0.5517241379310345,0.3239026635885239,0.07051900029182434,12,1,1,0,0,0,What are the symptoms of Metabolic Syndrome ?,Endocrine/Metabolic,"People with metabolic syndrome may experience several symptoms including:

1. Large waist size (a sign of increased abdominal obesity)
2. High blood sugar levels, which can be detected through fasting glucose testing or oral glucose tolerance tests
3. Increased blood pressure, typically measured as systolic blood pressure greater than 130 mmHg and/or diastolic blood pressure greater than 85 mmHg
4. Excess body fat, particularly around the abdomen
5. Elevated triglycerides levels
6. Low HDL (""good"") cholesterol
7. High blood pressure
8. Abnormal levels of fasting glucose or insulin sensitivity
9. Fatigue
10. Blurred vision due to retinal damage caused by high blood pressure or diabetes-related eye complications
11. Dry mouth and thirstiness
12. Frequent urination
13. Weight loss despite normal appetite
14. Changes in skin pigmentation, such as darkening of the face or"
0.6377633213996887,0.669590950012207,0.669300893942515,0.7983584403991699,0.39439431826273597,0.9526503995906831,1.0,0.7983584403991699,0.8325991630554199,0.816524088382721,53,0.8548387096774194,0.25,0.5476158261299133,0.28856539726257324,1,1,1,0,0,0,What is (are) Parkinson's Disease ?,Neurological,"Parkinson's disease is a neurodegenerative disorder affecting the nervous system, characterized by progressive motor function decline, particularly affecting the muscles of the limbs and torso, and often leading to difficulty with walking, tremors, rigidity, and bradykinesia. It occurs due to the loss of dopamine-producing neurons in the substantia nigra region of the brain."
0.48242127895355225,0.4984608292579651,0.5178887049357096,0.5783980488777161,0.3906733989715576,0.9645250751655942,0.6666666666666666,0.5783980488777161,0.8646100163459778,0.7981787919998169,86,0.4365482233502538,0.22857142857142856,0.41219430789351463,0.14835689961910248,3,1,1,0,0,0,What causes Hemochromatosis ?,Endocrine/Metabolic,"Hemochromatosis is caused by the body's inability to properly remove iron from the bloodstream. This leads to iron accumulation in various organs, particularly in the liver and spleen, causing damage and eventually leading to organ failure. Hemochromatosis is primarily a genetic disorder resulting from mutations in the HFE gene, which encodes for a protein involved in iron metabolism. People who inherit one copy of the mutated gene may develop symptoms earlier than those who inherit two copies, but both versions of the gene are equally dangerous."
0.7119112213452657,0.7928351759910583,0.7641183137893677,0.9279240369796753,0.2850131392478943,1.0,1.0,0.9279240369796753,0.8865681886672974,0.7830510139465332,98,0.7777777777777778,0.5384615384615384,0.5163315951824188,0.1950591802597046,2,1,1,0,0,0,How to prevent Cardiomyopathy ?,Cardiovascular,"To prevent inherited types of cardiomyopathy, individuals with a family history should inform their healthcare provider. This can help them understand their risks and potentially receive genetic counseling. Additionally, they should stay away from substances like alcohol or illegal drugs such as cocaine that can contribute to the development of this type of cardiomyopathy. Regular monitoring of blood pressure, cholesterol levels, and diabetes management can further reduce the risk. Maintaining a heart-healthy lifestyle through exercise, a balanced diet, adequate sleep, avoiding smoking, managing stress, and controlling medications as prescribed can all help mitigate the effects of acquired cardiomyopathies."
0.7108851869901022,0.7258124351501465,0.7217164039611816,0.8030015230178833,0.34002041816711426,0.92248612115498,1.0,0.8030015230178833,0.7776587605476379,0.8699700832366943,92,0.48936170212765956,0.4,0.47738412022590637,0.16848844289779663,2,1,1,0,0,0,What is (are) Ankylosing Spondylitis ?,Musculoskeletal,"Ankylosing spondylitis is a type of inflammatory disease primarily affecting the spine, causing the bones involved (vertebrae) to fuse together over time, making the spine more rigid and potentially causing hunching postures. It usually begins in early adulthood and can affect multiple organs including the eyes, lungs, and even the digestive system. Ankylosing spondylitis has two main forms: radiographic and non-radiographic, depending on whether they can be seen on X-rays or only through laboratory tests and imaging scans. Treatment aims at managing symptoms, reducing pain, and slowing the progression of the disease."
0.6681572397549947,0.728040874004364,0.649308462937673,0.8220186233520508,0.25718585650126136,1.0,1.0,0.8220186233520508,0.8834426403045654,0.7323726415634155,132,0.6875,0.5853658536585366,0.584419629403523,0.37025269865989685,2,1,1,0,0,0,What is (are) Bursitis ?,Musculoskeletal,"Bursitis refers to inflammation or swelling of the bursa, which are small, fluid-filled sacs located at the joints. These bursae help protect the bones, tendons, and muscles around joints from injury and provide cushioning during movement. Bursitis is a common condition that can affect multiple areas of the body, including the shoulder, elbow, hip, knee, heel, and even the big toe. It is usually caused by repetitive strain, overuse, infections, or certain injuries. Common symptoms include pain, redness, warmth, or swelling in the affected area, as well as limited range of motion. The diagnosis of bursitis is usually made based on physical examination and imaging studies like X-rays or ultrasounds. Treatment may involve rest, ice application, compression, elevation, and possibly medications or injections into the bursa to reduce inflammation and relieve pain."
0.570963184038798,0.6305987238883972,0.5547503133614858,0.6746854782104492,0.4083372553189596,0.9708769005676315,0.6666666666666666,0.6746854782104492,0.36601150035858154,0.724515438079834,8,0.010973936899862825,0.08,0.5793416500091553,0.5793416500091553,0,1,1,0,0,0,Who is at risk for Colorectal Cancer? ?,Gastrointestinal,People with a family history of colorectal cancer.
0.6014201243718466,0.619539737701416,0.6897313793500265,0.8515347242355347,0.290529211362203,0.9988642493454258,1.0,0.8515347242355347,0.8521788120269775,0.7089714407920837,62,0.36904761904761907,0.23255813953488372,0.6159901916980743,0.43862849473953247,1,1,1,0,0,0,What is (are) Dementia ?,Neurological,"Dementia refers to a group of symptoms that affect memory, thinking, and social abilities. These symptoms can interfere with a person's ability to function daily. There are several types of dementia, including Alzheimer's disease, which is the most common form, but there are also other causes of dementia. Some symptoms of dementia can be reversed, but others may remain as long-term conditions."
0.5342424909273783,0.5501309633255005,0.5383561650911967,0.5665335655212402,0.3700728416442871,1.0,1.0,0.5665335655212402,0.8462225794792175,0.8129042387008667,64,1.3333333333333333,0.25,0.41278284788131714,0.2546832859516144,4,1,1,0,0,0,How many people are affected by Kidney Dysplasia ?,Kidney/Renal,"It is not possible to determine the number of people affected by Kidney Dysplasia without additional context. Kidney dysplasia refers to abnormalities in the development of the kidneys during embryonic development. It occurs in about 1% of pregnancies and affects only one in ten children born with it. However, the prevalence of kidney dysplasia varies depending on the region and specific diagnostic criteria used."
0.6460715134938558,0.6599841117858887,0.636799693107605,0.794218897819519,0.35875888665517175,0.9484880542847498,0.6666666666666666,0.794218897819519,0.6362211108207703,0.8078233599662781,48,0.23076923076923078,0.15217391304347827,0.6364650726318359,0.5188496112823486,0,1,1,0,0,0,What is (are) Alzheimer's Disease ?,Neurological,"Alzheimer's disease is a progressive neurodegenerative disorder characterized by the accumulation of beta-amyloid plaques and neurofibrillary tangles within the brain, leading to the death of brain cells and the subsequent shrinkage of the brain tissue. It is one of the most common causes of dementia, affecting millions worldwide."
0.5423737168312073,0.5653500556945801,0.6332683563232422,0.6668140888214111,0.2356777389844259,1.0,1.0,0.6668140888214111,0.7356786727905273,0.6711068153381348,138,0.10909090909090909,0.42,0.23496452380310406,-0.1225527673959732,9,1,1,0,0,0,What are the treatments for Cystic Fibrosis ?,Respiratory,"There are various treatments available for individuals with Cystic Fibrosis, which aim to improve symptoms, reduce the severity of lung infections, and enhance overall health:

1. **Pulmonary Rehabilitation**: This program focuses on teaching patients about breathing techniques and how to manage their asthma, chronic bronchitis, and other lung conditions. It helps improve physical activity tolerance and lung function.

2. **Bronchodilators**: These medications relax the muscles around the airways, reducing swelling and inflammation. They are used to treat acute exacerbations of COPD, which can occur during episodes of severe coughing, shortness of breath, and chest pain.

3. **Antibiotics**: Regularly taking antibiotics when necessary prevents infection and reduces the risk of complications such as pneumonia, bronchiectasis (inflammation of the airways), and lung abscesses.

4. **Nutritional Support**: Proper nutrition is crucial for maintaining health and preventing malnutrition. Individuals with Cystic Fibrosis"
0.7194081544876099,0.7879988551139832,0.6026202241579691,0.7570973634719849,0.29388296604156494,1.0,1.0,0.7570973634719849,0.6568403244018555,0.770937442779541,103,0.8373983739837398,0.2727272727272727,0.48623422980308534,0.19509217143058777,2,1,1,0,0,0,What causes Rheumatoid Arthritis ?,Musculoskeletal,"Rheumatoid arthritis (RA) is caused by a combination of genetic changes and external factors. While experts do not yet fully understand the precise cause, it is believed to involve complex interactions between genetics and environmental influences. The immune system mistakenly attacks healthy joint tissue, leading to inflammation and the destruction of cartilage, synovial membrane, and connective tissue within the joints. This process typically results in the development of erosive joint damage that progressively leads to joint deformities and increased stiffness. Additionally, rheumatoid nodules, dry eye and mouth conditions, infections, carpal tunnel syndrome, heart problems, lung diseases, and lymphomas have been associated with RA."
0.5751630067825317,0.6303596496582031,0.5666291316350301,0.6023739576339722,0.308343251546224,1.0,1.0,0.6023739576339722,0.5383966565132141,0.4384569823741913,10,0.059880239520958084,0.0625,0.4657350480556488,0.4657350480556488,1,1,1,0,0,0,What are the treatments for Alzheimer's Disease ?,Neurological,Medicines may improve symptoms or slow the decline in thinking.
0.6875151991844177,0.7221633791923523,0.6638044516245524,0.7835368514060974,0.2383442918459574,1.0,1.0,0.7835368514060974,0.740359902381897,0.7941994667053223,53,0.12018140589569161,0.2916666666666667,0.43926575779914856,0.3076491057872772,2,1,1,0,0,0,What is (are) Osteoarthritis ?,Musculoskeletal,"Osteoarthritis is a degenerative joint disorder characterized by the breakdown and loss of cartilage between two bone surfaces, leading to wear and tear on the joint. This condition typically affects older adults but can occur at any age. The specific locations where it most frequently occurs include the hands, knees, hips, and spine."
0.6875151991844177,0.7221633791923523,0.700888474782308,0.8365337252616882,0.2383442918459574,1.0,1.0,0.8365337252616882,0.8105169534683228,0.7608077526092529,80,1.2698412698412698,0.43333333333333335,0.5750062823295593,0.5082880854606628,0,1,1,0,0,0,What is (are) Osteoarthritis ?,Musculoskeletal,"Osteoarthritis is a degenerative joint disorder characterized by wear and tear on the cartilage covering the ends of bones in joints. This wear causes gradual damage to the cartilage, leading to inflammation, reduced mobility, and pain. The condition most commonly affects the hands, knees, hips, and spine. Symptoms may include joint swelling, stiffness, and pain, which can gradually worsen over time. Treatment options vary based on the severity of the condition but aim to manage pain and reduce joint damage."
0.657394011815389,0.6899014711380005,0.7181015412012736,0.7588413953781128,0.3547380367914835,0.998334437661236,1.0,0.7588413953781128,0.7655645608901978,0.7733111381530762,148,0.7956989247311828,0.6875,0.3875391572713852,0.20408448576927185,7,1,1,0,0,0,Who is at risk for Cardiomyopathy? ?,Cardiovascular,"The following individuals are at increased risk for developing cardiomyopathy:

  * Individuals who have a family history of cardiomyopathy, heart failure, or sudden cardiac arrest.
  * Those with long-term high blood pressure.
  * People with conditions affecting the heart, such as past heart attacks, coronary artery disease, or infections in the heart.
  * Individuals who are obese, as this increases the workload on the heart.
  * Those who drink excessively, particularly those who consume illicit drugs like cocaine, amphetamines, and anabolic steroids.
  * People taking certain chemotherapy medications or receiving radiation therapy for cancer.
  * Those with thyroid disease, especially if the disease causes excessive iron accumulation in the body (hemochromatosis).
  * Those who accumulate a buildup of a certain protein in their organs, known as amyloidosis.
  * People who develop small patches of inflamed tissue in their organs, called sarcoidosis.
  * Individuals with connective tissue disorders, including"
0.6550276478131613,0.6844149827957153,0.6298738916714987,0.7628744840621948,0.2774675289789835,1.0,1.0,0.7628744840621948,0.791446328163147,0.7329665422439575,159,0.8457446808510638,0.32142857142857145,0.5262733122540845,-0.021446149796247482,3,1,1,0,0,0,What is (are) Sleep Apnea ?,Respiratory,"Sleep Apnea is a type of sleep disorder characterized by repeated episodes of interrupted or disrupted breathing during sleep. There are two main forms of Sleep Apnea:

1. **Obstructive Sleep Apnea (OSA)**: This occurs when the throat muscles relax and the soft palate blocks the passage of air from the nose or mouth, preventing adequate oxygen from reaching the brain. This is often caused by a narrow or collapsing airway due to the presence of excess weight, obesity, or structural abnormalities in the jaw, tongue, or neck.

2. **Central Sleep Apnea (CSA)**: This type of Sleep Apnea occurs when the brain does not send enough signals to the muscles responsible for breathing. This can happen if there is a problem with the autonomic nervous system, which controls body functions like breathing. Symptoms may include frequent pauses in breathing and a feeling of being unwell while sleeping.

**Diagnosis:** Sleep Apnea can be diagnosed through a variety of methods including polysomn"
0.5416913231213888,0.5582649111747742,0.6524839997291565,0.7123885750770569,0.3535181681315104,1.0,1.0,0.7123885750770569,0.6818411350250244,0.6453105211257935,70,0.5223880597014925,0.17647058823529413,0.5398488491773605,0.5185011625289917,0,1,1,0,0,0,What is the outlook for Epilepsy ?,Neurological,"The outlook for individuals with epilepsy depends on the specific type of epilepsy and the individual's response to treatment. Most people with epilepsy do not require long-term medication to prevent seizures, although some may require lifelong therapy. With proper management, people with epilepsy can lead healthy lives and enjoy a full range of activities. Early detection and diagnosis of epilepsy are crucial for appropriate treatment and managing the condition effectively."
0.4004669785499573,0.406172513961792,0.31233216325442,0.33387836813926697,0.7266180068254471,0.9706760748042298,0.0,0.33387836813926697,0.718132734298706,0.7483319044113159,84,0.27631578947368424,0.2926829268292683,0.22971913293004037,0.012953121215105057,5,1,1,0,0,0,What to do for Wilson Disease ?,Endocrine/Metabolic,"Wilson Disease is not related to Raynaud's Disease, Angina, or Cystic Fibrosis. It is a genetic disorder affecting the liver and brain. The disease results from a deficiency of copper, which causes damage to various organs such as the liver, kidneys, and brain. To manage Wilson's Disease, patients need to follow specific dietary restrictions, including avoiding foods high in copper like nuts, seeds, avocados, and spinach, and taking medications prescribed by their healthcare provider. Regular monitoring and updates on kidney function are also crucial."
0.7011584838231405,0.7217468023300171,0.6261763572692871,0.6826403141021729,0.26435571908950806,1.0,1.0,0.6826403141021729,0.7493985295295715,0.7335715293884277,144,0.29690721649484536,0.625,0.26729846172607863,-0.13435636460781097,9,1,1,0,0,0,What are the complications of Polycystic Kidney Disease ?,Kidney/Renal,"The complications of Polycystic Kidney Disease (PKD) can include:

1. **High Blood Pressure** - Common in PKD patients, untreated hypertension can lead to kidney damage and increase the risk of heart disease and strokes.

2. **Loss of Kidney Function** - Over time, PKD can cause the kidneys to lose their ability to perform normal functions, leading to kidney failure.

3. **Pain** - Pain is a common symptom of PKD. It can occur anywhere in the body due to various causes such as bleeding within a cyst, a urinary tract infection, a kidney stone, or even cancer. 

4. **Cysts in Other Parts of the Body** - PKD can lead to cysts growing in other organs like the liver, pancreas, and other parts of the body.

5. **Brain Aneurysm** - PKD patients have a higher risk of aneurysms, which can rupture and cause bleeding.

6. **"
0.5557897686958313,0.5746034383773804,0.5145357350508372,0.6678215265274048,0.5287341574827831,1.0,0.3333333333333333,0.6678215265274048,0.6931014060974121,0.6988924741744995,70,0.46357615894039733,0.2702702702702703,0.6456007957458496,0.5007025599479675,0,1,1,0,0,0,Who is at risk for Gout? ?,Musculoskeletal,"People who have high levels of uric acid in their bodies are at increased risk of developing gout. This is because gout is caused by a buildup of uric acid crystals in the joints, which can cause inflammation and pain when these crystals become stuck in the tissues. Additionally, certain factors like diet, alcohol consumption, weight, certain medical conditions, medications, and family history can also increase the risk of gout."
0.472560187180837,0.4999012053012848,0.5246371229489645,0.5634039640426636,0.37006751696268714,0.9630833851536434,0.6666666666666666,0.5634039640426636,0.7374304533004761,0.8095676898956299,98,0.7903225806451613,0.28125,0.3400261053815484,-0.015507092699408531,8,0,1,0,0,1,What are the symptoms of Prostate Cancer ?,Unrelated,"The symptoms of prostate cancer can vary depending on its location within the prostate gland. However, some common symptoms of prostate cancer include:

1. Back or pelvic pain
2. Erectile dysfunction
3. Urinary urgency or frequency
4. Lower abdominal lump
5. Blood in urine or semen
6. Difficulty passing urine
7. Fatigue or weakness

It's important to note that not everyone will experience these symptoms, and many people with prostate cancer do not have any symptoms initially. Regular screening tests for prostate cancer are recommended by healthcare professionals to detect the disease early when it is most treatable."
0.5762543479601542,0.604841411113739,0.5263516108194987,0.5825687646865845,0.39439431826273597,1.0,0.6666666666666666,0.5825687646865845,0.6591962575912476,0.6834347248077393,171,1.5545454545454545,0.6,0.26123231773575145,-0.07769916206598282,8,1,1,0,0,0,what research (or clinical trials) is being done for Parkinson's Disease ?,Neurological,"There is ongoing research focused on developing new treatments for Parkinson's disease. Here are some areas of focus:

1. Neuroprotective agents: Scientists are investigating potential drugs that might help protect neurons from damage caused by the disease. Some neuroprotective approaches aim to reduce oxidative stress within the brain, which is believed to contribute to Parkinson's progression.

2. Stem cell therapy: Researchers are exploring the use of stem cells to regenerate damaged tissue and improve motor function in people with Parkinson's. However, this field is still in its early stages and requires further study to understand safety and efficacy.

3. Gene therapies: Efforts are underway to identify genes associated with Parkinson's and develop targeted gene therapies that could potentially alter the progression of the disease. This approach aims to correct specific genetic mutations thought to play a role.

4. Lifestyle interventions: While lifestyle changes like exercise and diet have been shown to have a protective effect against Parkinson's, more research is needed to determine if these factors can be effectively incorporated into"
0.6155603726704916,0.6570487022399902,0.2710900505383809,0.3346545696258545,0.2954388658205668,1.0,0.0,0.3346545696258545,0.3796630799770355,0.7520363330841064,154,1.1159420289855073,0.13043478260869565,0.2849114928394556,-0.03467172011733055,14,1,1,0,0,0,What are the symptoms of Short Bowel Syndrome ?,Gastrointestinal,"Short bowel syndrome is a medical condition characterized by a reduced length of the digestive tract. It typically occurs due to damage or obstruction in the small intestine. The symptoms of short bowel syndrome include:

1. Malabsorption: People with short bowel syndrome often experience malabsorption issues, which can lead to nutrient deficiencies.
2. Abdominal Distention: Patients often report abdominal distension due to fluid retention and the inability to absorb nutrients effectively.
3. Weight Loss: Due to the decreased absorption capacity of the intestines, patients might experience significant weight loss over time.
4. Nausea and Vomiting: This symptom can occur due to altered gut function and the difficulty in processing food.
5. Fatigue: In many cases, short bowel syndrome leads to chronic fatigue because of the nutritional deficiencies mentioned above.
6. Constipation: Since the gut does not absorb water from ingested food, patients may experience constipation.
7. Diarrhea: Sometimes this happens when the patient tries"
0.5651877323786417,0.5719932317733765,0.6221866607666016,0.7127753496170044,0.38998965422312415,0.948438651341248,1.0,0.7127753496170044,0.7960270643234253,0.6843284368515015,126,1.826086956521739,0.3684210526315789,0.4501848825150066,-0.03246273845434189,5,1,1,0,0,0,What is (are) Stroke ?,Neurological,"Stroke is a medical condition characterized by an interruption in the flow of blood to parts of the brain, leading to the death or dysfunction of brain tissue. There are two main types of strokes:

1. **Ischemic stroke**: Occurs when the blood supply to a portion of the brain becomes blocked due to narrowing of arteries. This can lead to a temporary loss of brain function but does not result in permanent damage.

2. **Hemorrhagic stroke**: Typically occurs when a blood vessel in the brain ruptures, causing bleeding into the brain. This leads to significant brain damage, including potential death.

Strokes are medical emergencies and require prompt medical intervention to minimize brain damage and improve outcomes. Early recognition and treatment are crucial for improving patient outcomes."
0.7062049309412638,0.773266077041626,0.7621720234553019,0.8496432304382324,0.2572676340738932,1.0,1.0,0.8496432304382324,0.8931599855422974,0.8199634552001953,135,1.173913043478261,0.6896551724137931,0.8671857714653015,0.8671857714653015,0,1,1,0,0,0,What are the symptoms of Heart Attack ?,Cardiovascular,"Symptoms of a heart attack can vary but commonly include:

- Chest pain or pressure (angina)
- Shortness of breath
- Pain or discomfort that spreads to the shoulder, arm, back, neck, jaw, teeth or sometimes the upper belly
- Fatigue or lightheadedness
- Coughing up white or pink, foamy mucus with spots of blood

Common heart attack symptoms also include:
- Chest pain that may feel like pressure, tightness, squeezing or aching
- Pain or discomfort that may spread to the shoulders, arms, back, neck, jaw, teeth, or sometimes the upper abdomen
- Cold sweats
- Shortness of breath
- Nausea and lack of appetite
- Difficulty concentrating or decreased alertness

Some people experiencing heart attack symptoms may also experience sudden cardiac arrest or experience them hours, days, or weeks before the actual event."
0.6356026927630106,0.7667657732963562,0.7095374266306559,0.8749672174453735,0.35889146725336707,1.0,1.0,0.8749672174453735,0.9135299324989319,0.8316330313682556,118,1.1919191919191918,0.6206896551724138,0.4834407791495323,0.20562385022640228,4,1,1,0,0,0,What are the symptoms of Lung Cancer ?,Respiratory,"The main symptoms of lung cancer may include:

1. A new cough that doesn't go away
2. Chest pain
3. Coughing up blood, even a small amount
4. Hoarseness
5. Shortness of breath

In addition, lung cancer can spread to other parts of the body causing various symptoms like:

- Losing weight without trying
- Loss of appetite
- Swelling in the face or neck
- Making an appointment with your doctor or other healthcare professional if you have any symptoms that worry you
- Smoking cessation advice and support

It's important to note that lung cancer doesn't always cause symptoms until the disease is advanced, which means its early detection through regular check-ups and screenings is crucial."
0.5859370827674866,0.6043665409088135,0.6930976311365763,0.8317030668258667,0.3048009673754374,0.9089288436801352,1.0,0.8317030668258667,0.8698896169662476,0.6278595328330994,137,0.32235294117647056,0.4489795918367347,0.5361158341169358,0.25704827904701233,4,1,1,0,0,0,What is (are) COPD ?,Respiratory,"COPD stands for Chronic Obstructive Pulmonary Disease. It's a type of lung disorder that affects how well you breathe. When you have COPD, it can make it harder to breathe, especially when you're active or exercising. This is because the airways in your lungs become narrowed, making it hard to move air in and out. This narrowing of the airways is called obstruction. There are different types of COPD, including:

  * Chronic bronchitis: This is inflammation of the lining of the tubes that bring air into the lungs. These tubes are called bronchi.
  * Emphysema: This is damage to the walls of the tiny air sacs in the lungs. This damage reduces the ability of these air sacs to hold and exchange gases. This can lead to a buildup of mucus and make it harder to breathe."
0.641006330649058,0.7326955795288086,0.6742985844612122,0.7406155467033386,0.36304803689320886,0.948053630713623,1.0,0.7406155467033386,0.7619250416755676,0.6946002840995789,147,0.9363057324840764,0.5142857142857142,0.31020450592041016,-0.04471401870250702,8,1,1,0,0,0,What is (are) Hemorrhoids ?,Gastrointestinal,"Hemorrhoids, also known as piles, are swollen veins located in the anus and lower rectum. They are classified into two types based on their location within the body:

1. **Internal hemorrhoids**: These are located inside the rectum and are treated primarily through medication or surgery.
2. **External hemorrhoids**: These are located outside the rectum and are typically treated by sitting baths or creams designed to reduce swelling and inflammation.

Hemorrhoids can be caused by various factors including:

- Increased pressure on the lower rectum due to straining during bowel movements, prolonged sitting, or poor dietary habits.
- Changes in bowel habits such as diarrhea or constipation.
- Obesity.
- Pregnancy.
- Anal intercourse.
- Eating a low-fiber diet.
- Regular lifting of heavy objects.

If left untreated, complications associated with hemorrhoids include anemia, strangulation (where the blood supply to the hemorrhoid is cut off), and blood clots."
0.5731602112452189,0.6032779216766357,0.4134247104326884,0.4446835219860077,0.2697684566179911,0.977079298933741,0.0,0.4446835219860077,0.2889650762081146,0.682198166847229,149,0.8277777777777777,0.2608695652173913,0.32310553453862667,0.1831206977367401,7,1,1,0,0,0,What are the treatments for Urinary Tract Infections in Children ?,Kidney/Renal,"The treatment for Urinary Tract Infections (UTIs) in children depends on the age group and severity of the infection. 

For infants and young children (<2 years old), symptoms include frequent urination, pain while passing urine, and fever. Antibiotics like amoxicillin are commonly used for this age group because their metabolism in the liver is not yet fully developed, making them more effective against bacterial infections.

In older children (aged 2-12 years), symptoms might be less severe but still require antibiotics. It's essential to start early to prevent complications like kidney damage.

Adolescents (ages 13-18 years) generally respond well to oral antibiotics, usually a single dose of amoxicillin, which is safe for this age group. However, younger adolescents under 13 may benefit from intravenous antibiotic therapy due to their immature immune systems.

Children over 18 typically require intravenous antibiotics for severe infections, such as those involving the kidneys or blood"
0.4859208861986796,0.519586443901062,0.2844828913609187,0.31804171204566956,0.38248542944590247,0.9902772358853092,0.0,0.31804171204566956,0.3325406312942505,0.8151668906211853,57,0.95,0.18181818181818182,0.3712515632311503,0.1508731245994568,2,0,1,0,0,1,What is (are) Surviving Cancer ?,Unrelated,"Surviving cancer refers to individuals who have been diagnosed with a type of cancer and are still alive following treatment or recovery from the disease. This category encompasses all stages of cancer, including early detection, diagnosis, treatment, and survivorship. Survivorship typically includes factors such as long-term follow-up care, psychological support, and access to research and clinical trials."
0.6811726888020834,0.7087674140930176,0.6440967122713724,0.7226783633232117,0.2964473168055216,0.9633486062969757,1.0,0.7226783633232117,0.643021821975708,0.7902902960777283,57,0.0778688524590164,0.22,0.7973411083221436,0.7973411083221436,0,1,1,0,0,0,What causes Pneumonia ?,Respiratory,"The most common causes of pneumonia include:

- Bacteria
- Viruses, including the influenza virus
- Fungi
- Mycoplasma pneumoniae
- Streptococcus pneumoniae
- Walking pneumonia
- Coronavirus 2019 (COVID-19)
- Aspiration pneumonia
- Health care-acquired pneumonia
- Organ dysfunction due to pneumonia
- Fluid buildup around the lungs (pleural effusion)
- Abscess formation within the lungs"
0.6405178308486938,0.6713252067565918,0.43018193046251935,0.46268129348754883,0.25463835398356116,0.9861938298611049,0.0,0.46268129348754883,0.5494592785835266,0.7487791776657104,155,0.2849264705882353,0.24444444444444444,0.14771616994403303,-0.10294643044471741,15,1,1,0,0,0,What are the treatments for Peripheral Arterial Disease (P.A.D.) ?,Cardiovascular,"Treatment options for Peripheral Arterial Disease (PAD) may include:

1. Exercise: Regular physical activity helps improve circulation and strengthens muscles around the legs and lower body.

2. Diet: Eating a diet rich in fruits, vegetables, lean proteins, whole grains, and low-fat dairy products can help maintain healthy blood lipid levels and cholesterol.

3. Smoking cessation: Quitting smoking reduces the risk of further complications and improves overall health.

4. Medications: Depending on the severity of the condition, medications such as statins to lower cholesterol levels and aspirin to prevent clot formation can be prescribed.

5. Wound management: For wounds that persist after treatment with compression therapy, special dressings or surgical procedures might be needed.

6. Compression stockings: These provide gentle compression that increases blood flow and reduces swelling.

7. Lifestyle changes: Engaging in regular activities like swimming or walking can help improve circulation.

8. Surgical intervention: For severe cases, surgery like angioplasty or bypass surgery may"
0.6560472647349039,0.6702941656112671,0.4057285686333974,0.4378563165664673,0.2603585720062256,0.9618212932247739,0.0,0.4378563165664673,0.7321347594261169,0.7556685209274292,147,0.34507042253521125,0.30434782608695654,0.21815750375390053,-0.1380392163991928,7,1,1,0,0,0,How to diagnose Peripheral Arterial Disease (P.A.D.) ?,Cardiovascular,"To diagnose Peripheral Arterial Disease (PAD), healthcare providers typically use a combination of clinical examination and diagnostic tests. Here’s how they do it:

1. **Clinical Examination**: A healthcare professional will assess your overall health history, including age, family history of cardiovascular diseases, any previous medical conditions, lifestyle factors like smoking habits, and any signs of PAD such as leg swelling, coldness, numbness, pain, or weakness in the legs.

2. **Physical Examination**: They will perform physical examinations focusing on limb strength, range of motion, and tenderness, as well as checking blood pressure and pulse on the extremities.

3. **Laboratory Tests**: These can include:
   - Blood tests: These can help determine whether there's an underlying cause of the symptoms, such as high blood pressure, diabetes, or heart problems.
   - Imaging studies: Ultrasound, X-rays, CT scans, or MRI can show narrowing of the arteries, blockages, or damage to the vessels"
0.570963184038798,0.6305987238883972,0.4723135034243266,0.5420355796813965,0.4083372553189596,0.9884770491428351,0.3333333333333333,0.5420355796813965,0.41224926710128784,0.6507806777954102,8,0.26666666666666666,0.16666666666666666,0.6168291568756104,0.6168291568756104,0,1,1,0,0,0,Who is at risk for Colorectal Cancer? ?,Gastrointestinal,People with a family history of colon cancer.
0.3556050459543864,0.3916306495666504,0.29217779636383057,0.3238295912742615,0.7208937406539917,0.9570381547571315,0.0,0.3238295912742615,0.5883662700653076,0.747776985168457,137,0.16666666666666666,0.3469387755102041,0.15177173962195714,-0.09869513660669327,14,0,1,0,0,1,What are the treatments for Gum (Periodontal) Disease ?,Unrelated,"The treatments for gum (periodontal) disease depend on its severity and the presence of other health issues. Here are some general approaches:

1. **Cleaning**: Regular professional cleanings and home brushing can remove plaque and tartar buildup from the teeth and gums.

2. **Flossing**: Flossing daily helps reach areas that toothbrushes cannot.

3. **Surgical Treatments**: If cleaning and flossing fail, surgical procedures such as scaling and root planing might be recommended to treat deeper pockets.

4. **Medication**: Nonsteroidal anti-inflammatory drugs (NSAIDs), antibiotics, and mouth rinses can sometimes relieve pain and inflammation caused by gum disease.

5. **Nutritional Changes**: Certain foods and supplements like probiotics and vitamin D may be beneficial in treating gum disease.

6. **Regular Check-ups**: Regular dental visits are crucial for early detection and management of gum diseases.

7. **Preventive Measures**: Avoid tobacco products, maintain good"
0.5720609823862711,0.5853484869003296,0.43919992446899414,0.49824023246765137,0.4485190610090891,0.9294016621025789,0.0,0.49824023246765137,0.5534019470214844,0.8101447224617004,131,0.24485981308411214,0.25,0.3035836327247895,-0.051872435957193375,8,1,1,0,0,0,How to prevent Osteoporosis ?,Endocrine/Metabolic,"To prevent osteoporosis, follow these steps:

1. Maintain a balanced diet rich in foods containing calcium and vitamin D. These nutrients play key roles in building and maintaining strong bones.

2. Engage in regular weight-bearing exercises, like walking, jogging, weightlifting, and dancing, which increase bone density.

3. Limit alcohol consumption, especially excessive alcohol, which can lead to weaker bones.

4. Avoid smoking, as tobacco use appears to contribute to bone weakness.

5. Monitor your intake of drugs known to interfere with bone-building processes, such as corticosteroids, thyroid medications, and those used to fight rejection in transplant patients.

6. Maintain a sedentary lifestyle free of physical activity to reduce your risk of developing osteoporosis.

By following these recommendations, you can help protect yourself against osteoporosis and maintain strong bones throughout your lifetime."
0.5932607650756836,0.6823796033859253,0.15063058709104857,0.22442680597305298,0.4209195375442505,0.9391191564953082,0.0,0.22442680597305298,0.132360577583313,0.734228253364563,168,0.5637583892617449,0.0,0.530181330939134,0.23771657049655914,1,1,1,0,0,0,What is (are) High Blood Pressure ?,Cardiovascular,"High blood pressure, also known as hypertension, is a persistent elevation of blood pressure readings over time. It refers to a state where there is a significant increase in the force of blood flowing through the arteries. High blood pressure is typically measured in terms of systolic pressure, which represents the maximum pressure in the arteries during systole (the first phase of the cardiac cycle when the heart is filling with blood), and diastolic pressure, which represents the minimum pressure in the arteries during diastole (the second phase of the cardiac cycle when the heart is emptying blood back into the veins).

Symptoms of high blood pressure include headaches, dizziness, chest pain, shortness of breath, and fatigue, but these symptoms do not necessarily indicate that someone has high blood pressure. High blood pressure can lead to various complications if left untreated, including heart attacks, strokes, kidney damage, eye problems, and even death in severe cases. Regular monitoring of blood pressure is essential for early detection and management of"
0.6227665940920512,0.6937229633331299,0.5929482380549113,0.6660405397415161,0.3061989347139994,0.9606770481558652,1.0,0.6660405397415161,0.572921633720398,0.728607177734375,28,1.0769230769230769,0.14285714285714285,0.36886218935251236,-0.05126381665468216,1,1,1,0,0,0,How many people are affected by Osteoarthritis ?,Musculoskeletal,"The question asks how many people are affected by Osteoarthritis. According to the provided context, Osteoarthritis affects millions of people worldwide. Therefore, the answer is millions of people."
0.5364895065625509,0.5881834626197815,0.23761820296446481,0.2854878604412079,0.3619369864463806,0.9828766568536008,0.0,0.2854878604412079,0.44083699584007263,0.7873458862304688,157,1.9625,0.5,0.24295152397826314,-0.04323703050613403,16,1,1,0,0,0,What are the treatments for Colorectal Cancer ?,Gastrointestinal,"The main treatments for colorectal cancer include:

1. Surgery: Surgical removal of the affected portion of the colon (rectum) and surrounding lymph nodes. The operation may also involve the removal of nearby organs like the liver and gallbladder. Surgery is often recommended for early-stage tumors.

2. Chemotherapy: Used to treat advanced or stage IV colorectal cancer. It works by killing rapidly dividing cells in the body, including cancer cells. It is administered orally or intravenously.

3. Radiation Therapy: Used in conjunction with surgery or alone, radiation targets cancer cells in the area where they're growing. It doesn’t affect normal tissues.

4. Immunotherapy: This type of treatment uses the body’s immune system to fight cancer. It includes drugs that stimulate the immune system to attack cancer cells, either directly or through blocking immune suppression.

5. Targeted Therapy: Uses specific drugs designed to target only abnormal cells. It may be used in combination with chemotherapy or radiation therapy.

6."
0.6696153084437052,0.760181725025177,0.5219415028889974,0.6024969816207886,0.5001670022805531,1.0,0.3333333333333333,0.6024969816207886,0.5865975618362427,0.8969237804412842,107,1.07,0.3333333333333333,0.2530957590788603,-0.11327054351568222,6,1,1,0,0,0,How to prevent Polycystic Kidney Disease ?,Kidney/Renal,"To prevent Polycystic Kidney Disease, one should:

1. Keep their kidneys as healthy as possible by managing their blood pressure, following a low-salt diet rich in fruits, vegetables, and whole grains, getting to and staying at a healthy weight, exercising regularly, and limiting alcohol use.
2. Avoid smoking as it can damage the kidneys and increase the risk of complications.
3. Regularly monitor and maintain good health overall to detect any signs of the disease early on before its onset.
4. Consider discussing the risks of the disease with a healthcare provider to determine if preventive measures could be taken based on family history or other factors."
0.440373957157135,0.44881659746170044,0.10550362865130107,0.11495652794837952,0.6776079138120015,1.0,0.0,0.11495652794837952,0.28189775347709656,0.7323078513145447,117,0.7005988023952096,0.13793103448275862,0.2744649449984233,0.13905540108680725,6,1,1,0,0,0,What is (are) Wilson Disease ?,Endocrine/Metabolic,"Wilson's disease is a genetic disorder caused by a deficiency of copper in the body. It affects various organs such as the liver, kidneys, brain, pancreas, and skeletal muscles. The primary symptom is jaundice, which results from bilirubin build-up due to the inability of the liver to properly process and eliminate excess copper. Other symptoms include neurological problems like tremors, cognitive decline, and seizures; kidney damage leading to failure; and hepatic encephalopathy, characterized by mental changes, confusion, seizures, and coma. Wilson's disease can progress slowly over many years and often goes undiagnosed until significant organ damage has occurred. Treatment involves managing symptoms through medication and lifestyle adjustments, while prevention strategies aim at reducing exposure to toxic metals."
0.562420129776001,0.5788357257843018,0.5800952116648356,0.6065901517868042,0.25362998247146606,0.985670410671575,1.0,0.6065901517868042,0.801727294921875,0.8063931465148926,58,2.0714285714285716,0.26666666666666666,0.35529209673404694,-0.10307066142559052,2,1,1,0,0,0,How many people are affected by Urinary Tract Infections in Children ?,Kidney/Renal,"The question does not specify how many people are affected by Urinary Tract Infections in children. It provides information on the complications associated with urinary tract infections, including lasting kidney damage, delivery complications, narrow urethra, and sepsis, but does not mention the prevalence of urinary tract infections in children. To find this information, additional research would be needed."
0.3951684534549713,0.4355804920196533,0.3178323705991109,0.4059901237487793,0.6015218297640483,0.8688212001618547,0.0,0.4059901237487793,0.7561524510383606,0.7617404460906982,145,0.4005524861878453,0.4222222222222222,0.15073156523119127,-0.030551699921488762,14,0,1,0,0,1,How to diagnose Endometrial Cancer ?,Unrelated,"Diagnosing endometrial cancer typically involves several steps:

  1. Screening: Regular Pap smears can help detect certain types of endometrial cancer early when they're less likely to spread.
  2. Physical exam: During a pelvic exam, a healthcare provider may feel for lumps or abnormalities around the uterus or vagina.
  3. Biopsy: A sample of tissue is taken from the lining of the uterus during a biopsy. This allows for a definitive diagnosis of endometrial cancer.
  4. Imaging studies: CT scans, MRI scans, or ultrasound can provide additional images of the uterus and surrounding structures.
  5. Molecular testing: Genetic testing can identify specific mutations or genetic alterations in the cancer cells.
  6. Follow-up: After receiving a diagnosis of endometrial cancer, patients may need additional follow-up visits to monitor treatment effectiveness, evaluate recovery, and ensure the recurrence of the disease.

It's important to note that these steps are"
0.5434379776318868,0.6136291027069092,0.3442424237728119,0.3896230459213257,0.4378956357638041,1.0,0.0,0.3896230459213257,0.6301284432411194,0.6862749457359314,169,4.694444444444445,0.5454545454545454,0.19946416467428207,-0.11042115837335587,16,1,1,0,0,0,How to prevent Short Bowel Syndrome ?,Gastrointestinal,"Short bowel syndrome occurs when part of the small intestine does not grow properly after birth. It usually means that the baby did not receive all the nutrients needed to grow the intestines. Symptoms include severe abdominal pain, diarrhea, vomiting, and weakness. The treatment depends on the underlying condition that caused the short bowel syndrome, such as a congenital abnormality or infection. Here are some ways to prevent short bowel syndrome:

1. Maintain proper nutrition during pregnancy. Pregnant women need adequate amounts of vitamins and minerals, which can affect the growth of the fetus's intestines. Proper nutrition reduces the risk of developing short bowel syndrome.

2. Monitor fetal development during pregnancy. Early detection and intervention are crucial for preventing short bowel syndrome. Healthcare providers should closely monitor fetal growth and development throughout pregnancy.

3. Address underlying conditions. Short bowel syndrome can occur due to genetic factors, infections, or surgeries. Identifying and treating any underlying conditions can significantly reduce the risk of developing short bowel syndrome. Consulting a healthcare provider"
0.6724463502566019,0.6967632174491882,0.5980799198150635,0.647469162940979,0.2861663500467936,1.0,1.0,0.647469162940979,0.4300879240036011,0.6304877400398254,81,0.4308510638297872,0.11904761904761904,0.5659149885177612,0.41689354181289673,1,1,1,0,0,0,What is the outlook for Alzheimer's Disease ?,Neurological,"There is currently no cure for Alzheimer's disease, but medications can help to alleviate symptoms and slow the progression of the disease. However, there is no cure yet, and the outlook for individuals with Alzheimer's disease varies depending on several factors including the severity of the condition, access to care, and individual health status. It is important to note that while the disease cannot be cured, there are ways to manage its symptoms and improve quality of life for those affected."
0.6701315442721049,0.73816978931427,0.6856809655825297,0.7748100757598877,0.2583072781562805,0.9939917085362027,1.0,0.7748100757598877,0.6547441482543945,0.6947771310806274,165,0.2874564459930314,0.35555555555555557,0.536978284517924,0.36002177000045776,2,1,1,0,0,0,What is (are) Lung Cancer ?,Respiratory,"Lung cancer refers to various types of cancer that start in the tissues of the lungs, such as small cell lung cancer and non-small cell lung cancer. These cancers occur when abnormal cells divide uncontrollably, leading to tumors that can invade nearby tissues and eventually spread to other parts of the body through the bloodstream or lymphatic system. The symptoms and causes of lung cancer vary depending on the specific type of cancer, but some common symptoms include shortness of breath, coughing up blood, persistent pain in the chest area, fatigue, weight loss, and difficulty swallowing. The diagnosis of lung cancer typically involves a combination of imaging tests, biopsy, and other diagnostic procedures, while treatment options range from surgery, radiation therapy, chemotherapy, targeted therapy, immunotherapy, or palliative care. Treatment choices depend on factors such as the stage of cancer, patient age, overall health, and personal preferences. Healthcare professionals at Mayo Clinic specialize in treating lung cancer patients and provide comprehensive care including diagnosis, treatment planning,"
0.30216096838315326,0.3273288905620575,0.30785342554251355,0.43141549825668335,0.5838864346345265,1.0,0.0,0.43141549825668335,0.6594138741493225,0.6189512610435486,62,1.5121951219512195,0.19047619047619047,0.49308453996976215,0.368728369474411,2,1,1,0,0,0,What is (are) Balance Problems ?,Neurological,"Balance problems are common among individuals with Alzheimer's disease, which is caused by a decline in cognitive abilities and a decrease in motor skills. These issues can result in a lack of coordination, difficulty maintaining stability, and an increased risk of falls. Balance problems can significantly impact daily life and quality of life, as they can lead to injuries and impair mobility."
0.5845151344935099,0.5922587513923645,0.424153208732605,0.46824491024017334,0.40451761086781823,0.9583614204827071,0.0,0.46824491024017334,0.39729586243629456,0.8149651288986206,60,0.33707865168539325,0.03125,0.563771978020668,0.2984234690666199,1,1,1,0,0,0,What is (are) Kidney Dysplasia ?,Kidney/Renal,"Kidney dysplasia refers to abnormal development of kidney tissue. This condition can occur due to genetic mutations or environmental factors. It is characterized by abnormalities in the structure and function of the kidneys, leading to reduced kidney function and potentially progressive kidney disease. Kidney dysplasia is not considered a distinct entity but rather a subset of polycystic kidney disease (PKD)."
0.4245866735776265,0.45963388681411743,0.31186358133951825,0.35130059719085693,0.48440632224082947,1.0,0.0,0.35130059719085693,0.6507630348205566,0.770991861820221,161,3.577777777777778,0.5,0.23114721849560738,-0.07356453686952591,13,0,1,0,0,1,What are the treatments for Prostate Cancer ?,Unrelated,"The treatments for prostate cancer generally depend on the stage of the cancer and the patient's overall health. There are several treatment options available, including:

1. Surgery: This includes prostatectomy, where the prostate gland is removed surgically. This is usually recommended for patients who are too ill to tolerate other treatments or who have larger tumors.
2. Radiotherapy: High-energy rays are directed at the prostate gland to shrink the tumor. This is typically used when surgery is not an option or when the patient does not want to undergo surgery.
3. Hormone therapy: Drugs are administered to block the growth of the prostate gland and its surrounding tissues, reducing the size of the tumor.
4. Immune therapy: This involves using drugs to boost the body's natural defenses against cancer, such as T-cell receptor (TCR)-based therapies.
5. Targeted therapy: This approach targets specific proteins involved in cancer growth and metabolism, making it less likely to cause side effects compared to standard chemotherapy."
0.6621674100557963,0.6877776980400085,0.6625617941220602,0.7490565776824951,0.2963778177897135,1.0,0.6666666666666666,0.7490565776824951,0.8242813944816589,0.7464009523391724,137,1.0703125,0.47058823529411764,0.5823524977479663,0.19617226719856262,2,1,1,0,0,0,What is (are) Tendinitis ?,Musculoskeletal,"Tendinitis is an inflammation of the thick fibrous cords that attach muscles to bones. It causes pain and tenderness just outside a joint, which can affect tendons in various areas such as the shoulder, elbow, wrist, knee, and heel. Tendinitis can result from overuse, injury, or other factors leading to damage in these connective tissues.

The term ""tendinitis"" typically refers to the inflammation of tendons, but it also encompasses other conditions involving tendons, such as bursitis, which involves inflammation of the fluid-filled sacs between tendons and bone surfaces. Both conditions involve similar symptoms and treatment approaches.

In summary, tendinitis is a condition characterized by inflammation of the tendons, affecting multiple parts of the body depending on the specific location and cause of the inflammation. Treatment includes rest, physical therapy, and sometimes medications to manage pain and inflammation."
0.6765015125274658,0.7571234107017517,0.4512917498747508,0.49946630001068115,0.3412601749102274,0.991965262438927,0.0,0.49946630001068115,0.765333890914917,0.740593433380127,83,0.11891117478510028,0.3,0.45843902975320816,0.3432905077934265,2,1,1,0,0,0,How to diagnose Gallstones ?,Gastrointestinal,"To diagnose gallstones, healthcare professionals typically perform imaging tests such as computed tomography (CT) scans or ultrasound. These tests can help identify whether there is a blockage in the gallbladder ducts and measure how much gallstone material is present. Bloodwork may also be necessary to check for inflammation and other conditions related to gallstones. Other diagnostic methods might involve endoscopic retrograde cholangiopancreatography (ERCP), which involves inserting a thin tube into the pancreas and bile ducts to view the gallbladder, and endoscopic ultrasonography (EUS)."
0.6377633213996887,0.669590950012207,0.36638519167900085,0.39658161997795105,0.39439431826273597,1.0,0.0,0.39658161997795105,0.4117252826690674,0.7553926110267639,90,0.4918032786885246,0.16666666666666666,0.4888988256454468,0.25895506143569946,2,1,1,0,0,0,What is (are) Parkinson's Disease ?,Neurological,"Parkinson's disease is a neurodegenerative disorder characterized by the progressive loss of dopaminergic neurons in the substantia nigra region of the basal ganglia. These neurons produce dopamine, which plays a critical role in motor function. The loss of these neurons leads to impaired movement control, tremors, rigidity, bradykinesia, postural instability, and other motor symptoms. Additionally, the disease can lead to cognitive decline, depression, and quality-of-life issues. It is important to note that Parkinson's disease is often associated with other underlying factors such as age, genetics, environmental exposures, and lifestyle choices."
0.6701315442721049,0.73816978931427,0.6701809366544088,0.7468628883361816,0.2583072781562805,1.0,1.0,0.7468628883361816,0.6070801615715027,0.6329725980758667,159,3.975,0.75,0.3325014535624247,-0.03397589921951294,9,1,1,0,0,0,What is (are) Lung Cancer ?,Respiratory,"Lung cancer is a malignant disease affecting the lungs. It develops when abnormal cells within the lungs grow uncontrollably, forming tumors that can invade surrounding tissues and spread through the bloodstream to other parts of the body. 

Causes:

1. Smoking: Smoking is considered the primary factor contributing to the development of lung cancer. It damages the cells lining the airways and triggers mutations in genes involved in normal cell function.

2. Exposure to secondhand smoke: Secondhand smoke contains toxic chemicals and carcinogens that increase the risk of lung cancer, especially in individuals who have never smoked but are exposed to secondhand smoke.

3. Chronic bronchitis, emphysema, and asthma: These conditions can lead to long-term inflammation and damage to the lungs, increasing the risk of lung cancer.

4. Occupational exposures: Workers in industries like tobacco manufacturing and coal mining are at higher risks due to occupational exposure to carcinogenic agents.

5. Genetic factors: Some genetic predispositions increase the likelihood of"
0.57587069272995,0.621073305606842,0.5181028644243876,0.631645143032074,0.5519303133090336,0.9426100207114939,0.6666666666666666,0.631645143032074,0.7771854996681213,0.7811424732208252,85,0.12022630834512023,0.28,0.6121451258659363,0.5860154032707214,0,1,1,0,0,0,"What is (are) Diabetes, Heart Disease, and Stroke ?",Cardiovascular,"Diabetes, Heart Disease, and Stroke are all conditions associated with the endocrine/metabolic system, specifically related to insulin resistance, high blood sugar levels, and increased blood pressure respectively. Diabetes is characterized by an inability to produce enough insulin or resist its effects properly, while heart disease involves inflammation, plaques buildup, and narrowing of arteries that can cause blockages leading to strokes and heart attacks. Stroke refers to an interruption in blood flow to the brain, causing death or permanent disability due to damage to brain tissue."
0.39275556802749634,0.43773508071899414,0.2558370629946391,0.3602914810180664,0.5679504474004109,0.9949693494340689,0.0,0.3602914810180664,0.39752790331840515,0.6022583246231079,165,2.0121951219512195,0.29411764705882354,0.2491260654448221,-0.0753098800778389,24,1,1,0,0,0,How to prevent Balance Problems ?,Neurological,"To prevent balance problems, you can follow these strategies:

1. Wear shoes that provide proper support. Shoes with a wide toe box can help distribute weight evenly across the foot and reduce pressure on the ball of the foot.
2. Avoid wearing high heels. Heels put too much pressure on the balls of the feet, which can lead to heel pain and instability.
3. Exercise regularly. Physical activity helps strengthen muscles and improve coordination and balance.
4. Focus on core strength. Exercises like planks, Russian twists, and core exercises can help stabilize the spine and improve posture.
5. Maintain a healthy weight. Being overweight or obese can contribute to imbalance and instability.
6. Consider using assistive devices. Devices like braces, ankle weights, or specialized walking aids can help support your feet and improve stability.
7. Practice standing and walking techniques. Proper posture and technique during standing and walking can help maintain balance and prevent falls.
8. Stay hydrated. Dehydration can cause dizziness and affect your"
0.6172242760658264,0.6289331316947937,0.5413832267125448,0.593159556388855,0.2828112244606018,1.0,0.6666666666666666,0.593159556388855,0.7035051584243774,0.7055140137672424,63,0.8289473684210527,0.07692307692307693,0.5221867337822914,0.3260857164859772,1,1,1,0,0,0,Is Lupus inherited ?,Musculoskeletal,"Yes, lupus is considered an autoimmune disorder and is often associated with genetic factors. However, it is not clear exactly how individuals develop this condition. Environmental factors such as exposure to sunlight, certain medications, and infections have also been identified as potential triggers. Therefore, while genetic predisposition plays a role, a combination of genetics and environmental factors contributes to the development of lupus."
0.37562382221221924,0.3823637068271637,0.3301248252391815,0.42320936918258667,0.6808057228724163,0.8772631575098316,0.0,0.42320936918258667,0.5532742738723755,0.7170329093933105,159,0.40253164556962023,0.3333333333333333,0.305811336884896,-0.03059869259595871,6,0,1,0,0,1,what research (or clinical trials) is being done for Prostate Cancer ?,Unrelated,"There are several ongoing clinical trials for prostate cancer research:

  * Active Surveillance for Prostate Cancer: This is a non-interventional study involving patients who are undergoing surveillance for prostate cancer and decide to stop following their PSA test results. The goal of the study is to assess the long-term benefits and harms of continued monitoring versus cessation of monitoring.
  * Prostate Specific Antigen (PSA)-based Screening for Prostate Cancer: This is a randomized controlled trial comparing two methods of prostate cancer detection - active surveillance and PSA-based screening - in men aged 50-70 years with no history of prostate cancer. The aim is to determine whether one method is more effective than the other in detecting cancer that would otherwise remain undetected.
  * Multimodal Therapy for Prostate Cancer: This is a clinical trial investigating the effectiveness of various combinations of prostate cancer treatments, including surgery, radiation therapy, hormonal therapy, and chemotherapy, in men with metastatic prostate cancer.

These are just"
0.6982709566752116,0.7424641251564026,0.5965832471847534,0.6380645036697388,0.28835817178090417,1.0,1.0,0.6380645036697388,0.6661275625228882,0.8104687929153442,68,0.3953488372093023,0.20512820512820512,0.5460475608706474,0.3143557012081146,2,1,1,0,0,0,What is (are) Kidney Cancer ?,Kidney/Renal,"Kidney cancer refers to any type or subtype of malignant growth of cells in the kidneys. It can be categorized into various subtypes based on the specific type of cells involved, their location within the kidney, and how they have developed. Commonly treated forms include renal cell carcinoma (RCC), Wilms' tumor, and mesothelioma. Each type has its own distinct characteristics, including symptoms, diagnostic methods, treatment options, and outcomes."
0.7480787634849548,0.7862024307250977,0.618062953154246,0.7111778259277344,0.28001018365224206,1.0,0.6666666666666666,0.7111778259277344,0.7345176935195923,0.7591047286987305,148,0.8222222222222222,0.42424242424242425,0.35747022181749344,-0.11594212055206299,6,1,1,0,0,0,What is (are) Chronic Kidney Disease ?,Kidney/Renal,"Chronic kidney disease refers to a progressive decline in kidney function due to various underlying diseases and conditions, leading to impaired kidney filtration and accumulation of toxins in the bloodstream. This condition is characterized by a gradual decrease in kidney function over time, often resulting in advanced chronic kidney disease where the kidneys fail to perform their primary functions effectively.

Causes of Chronic Kidney Disease:

1. Type 1 or type 2 Diabetes:
   - Excess sugar in the bloodstream damages the kidneys' filters, causing them to lose function over time.

2. High Blood Pressure:
   - Persistent elevation of blood pressure can lead to damage to the kidneys, particularly if it persists for many years.

3. Glomerulonephritis:
   - An inflammation of the kidney's filtering unit (glomerulus).

4. Interstitial Nephritis:
   - An inflammation of the kidney's tubules and surrounding tissues.

5. Prolonged Obstruction:
   - Conditions like enlarged prostate, kidney stones, and"
0.44290892283121747,0.4487254023551941,0.32134676973025006,0.3742334544658661,0.6579798658688862,1.0,0.0,0.3742334544658661,0.5791252255439758,0.6317864060401917,152,1.3571428571428572,0.21739130434782608,0.18163464506241409,-0.022692034021019936,11,1,1,0,0,0,How to prevent Hemochromatosis ?,Endocrine/Metabolic,"To prevent Hemochromatosis, which is an iron overload disorder characterized by excessive iron absorption leading to damage to organs like the liver and pancreas, the following steps should be taken:

1. **Avoid Excessive Iron Intake**: It's crucial not to consume more iron than necessary, even if the body needs it. Foods rich in iron include red meat, poultry, fish, eggs, beans, lentils, nuts, and fortified cereals.

2. **Regular Medical Checkups**: Regular check-ups with a healthcare provider can help detect any signs of iron overload early, allowing timely intervention.

3. **Management of Iron Levels**: Monitoring and managing iron levels through blood tests is important to ensure the body doesn’t accumulate excessive amounts of iron.

4. **Medication Management**: Depending on the severity of iron overload, treatment options might include medications to remove excess iron from the body.

5. **Healthy Lifestyle Choices**: Maintaining a healthy weight and avoiding smoking can help manage iron overload over"
0.6498420834541321,0.6551603078842163,0.4739137887954712,0.6280756592750549,0.39439431826273597,0.8879390715355411,0.3333333333333333,0.6280756592750549,0.4730989634990692,0.7191710472106934,72,0.8780487804878049,0.11538461538461539,0.343265163898468,0.17273175716400146,3,1,1,0,0,0,What is the outlook for Parkinson's Disease ?,Neurological,"The outlook for Parkinson's disease varies depending on the severity and stage of the condition. Generally, the prognosis is good if treatment is started early enough. However, the progression of the disease can vary greatly from person to person. With proper management and ongoing care, many people with Parkinson's disease can lead productive lives, despite their condition. Early diagnosis and appropriate management are crucial to improving quality of life and overall outcomes."
0.632499615351359,0.7053335905075073,0.6450517177581787,0.7763838768005371,0.39174244801203406,0.99310858216341,1.0,0.7763838768005371,0.7380926609039307,0.8072250485420227,139,0.29764453961456105,0.24444444444444444,0.20995574519038201,-0.09089714288711548,16,1,1,0,0,0,What are the symptoms of Rheumatoid Arthritis ?,Musculoskeletal,"Symptoms of Rheumatoid Arthritis may include:

1. Painful, warm, swollen joints.
2. Joint stiffness that most often is worse in the mornings and after periods of rest.
3. Tiredness, fever, and not wanting to eat.
4. Swelling and joint pain that spreads to more joints, especially the wrists, elbows, hips, knees, and ankles.
5. Aches or pain in the shoulders, neck, upper arms, buttocks, hips, or thighs.
6. Stiffness in the affected areas, especially in the morning or after resting for a period.
7. Less range of motion in affected areas, particularly the wrists, elbows, or knees.
8. Mild fever, feelings of malaise, appetite changes, weight loss, depression, and not wanting to eat.
9. Dry eyes and mouth, reduced tear production, and reduced saliva production.
10. Aches or pain in the carpal tunnel area due to swelling from the"
0.4245866735776265,0.45963388681411743,0.3148789008458455,0.41004472970962524,0.48440632224082947,0.9948211122744407,0.0,0.41004472970962524,0.7255658507347107,0.7691372036933899,137,2.0757575757575757,0.5,0.35147670581936835,0.0790165364742279,8,0,1,0,0,1,What are the treatments for Prostate Cancer ?,Unrelated,"Prostate cancer treatments may include surgery, radiation therapy, hormone therapy, chemotherapy, immunotherapy, and clinical trials. Surgery is the most common treatment for localized prostate cancer. It involves removing the prostate gland, which is the part of the male reproductive system responsible for producing sperm and hormones. Radiation therapy uses high-energy radiation to destroy cancer cells and shrink tumors. Hormone therapy targets the production of testosterone, which is produced by the testicles. It can slow down or stop the growth of prostate cancer cells. Chemotherapy is a drug treatment that kills cancer cells and reduces the size of the tumor. Immunotherapy is a type of treatment that uses the body's immune system to fight cancer. It is often combined with chemotherapy. Clinical trials are studies that compare experimental treatments against standard treatments or placebo to evaluate their effectiveness."
0.5628133217493693,0.6153205037117004,0.5509298046429952,0.6149423122406006,0.4743753572305044,1.0,0.6666666666666666,0.6149423122406006,0.7529361248016357,0.7527176141738892,114,0.9827586206896551,0.39285714285714285,0.5656856795152029,0.3851047456264496,1,1,1,0,0,0,What are the treatments for Stroke ?,Cardiovascular,"The treatments for stroke depend on the cause of the stroke. For an ischemic stroke, treatments include:

  * Medications: Antiplatelet drugs like aspirin or clopidogrel to prevent blood clots
  * Thinning the blood with medications like heparin or warfarin
  * Anticoagulants like dabigatran, rivaroxaban, apixaban, or edoxaban

For a hemorrhagic stroke, treatments include:

  * Thinning the blood with medications like heparin or warfarin
  * Antiplatelet drugs like aspirin
  * Anticoagulants like dabigatran, rivaroxaban, apixaban, or edoxaban

In some cases, surgery may be necessary to remove blood clots or remove parts of the brain that are damaged due to bleeding. Other treatments may include rehabilitation therapy to help regain lost motor functions or cognitive abilities."
0.5415043632189432,0.5767601132392883,0.5315965414047241,0.6011446714401245,0.29250417153040564,1.0,0.6666666666666666,0.6011446714401245,0.49672502279281616,0.651025116443634,137,0.845679012345679,0.18181818181818182,0.43230707943439484,0.23403839766979218,3,1,1,0,0,0,what research (or clinical trials) is being done for Alzheimer's Disease ?,Neurological,"There are several ongoing research efforts and clinical trials aimed at understanding the underlying mechanisms of Alzheimer's disease and developing new treatments for this condition:

1. **Clinical Trials**: There are numerous clinical trials evaluating various therapeutic approaches for Alzheimer's disease, including:
   - **Cholinesterase inhibitors** such as Donepezil, Rivastigmine, and Galantamine, which target the enzyme that breaks down acetylcholine, a neurotransmitter associated with learning and memory.
   - **Memantine**, a drug used to treat dementia and has been studied for its potential to reduce cognitive decline in Alzheimer's patients.
   - **NMDA receptor antagonists**, like Donepezil and rivastigmine, which inhibit the action of N-methyl-D-aspartate receptors, a type of ionotropic glutamate receptors involved in learning and memory.
   - **Academics and private researchers continue to conduct studies on the molecular basis of the disease and its progression, which could lead to more"
0.611943781375885,0.6323435306549072,0.5889228284358978,0.742599368095398,0.3491254051526388,0.927927365778441,0.6666666666666666,0.742599368095398,0.7014092206954956,0.6880172491073608,112,0.3708609271523179,0.15217391304347827,0.4497873544692993,0.32468897104263306,4,1,1,0,0,0,What is (are) Osteoporosis ?,Musculoskeletal,"Osteoporosis is a disease characterized by the deterioration of bones due to low levels of calcium and vitamin D. This condition leads to weakened bones, making them more susceptible to fractures and falls. It is particularly common among elderly individuals, but it also affects younger adults who may be at increased risk due to hormonal changes associated with aging. The risk factors include genetics, age, sex, and race. Treatment options include medications to stimulate bone formation, calcium supplements, and physical therapy to promote muscle strength and balance. Preventive measures like regular exercise, maintaining a balanced diet rich in calcium and vitamin D, and avoiding smoking can help reduce the risk of osteoporosis."
0.5153392950693766,0.5428909063339233,0.6006145477294922,0.6739618182182312,0.4113415082295736,0.9377778517583688,1.0,0.6739618182182312,0.7368054389953613,0.6992661952972412,153,0.9683544303797469,0.42857142857142855,0.31796583330089395,-0.10336814820766449,7,1,1,0,0,0,what research (or clinical trials) is being done for Osteoporosis ?,Endocrine/Metabolic,"There are several ongoing research projects focused on improving treatments for osteoporosis:

1. **Bone Density Scans**: Researchers continue to refine methods to accurately measure bone density, which can provide valuable insights into bone health and inform treatment decisions. For instance, the use of dual-energy X-ray absorptiometry (DEXA) scans has been extensively studied, particularly in assessing the risk of fractures.

2. **Genetic Research**: Advances in genetic research have led to the identification of genes associated with osteoporosis susceptibility. This understanding can lead to targeted therapies that address specific genetic variations rather than general measures like calcium supplementation.

3. **Metabolic Disorders**: Understanding metabolic disorders such as diabetes, obesity, and thyroid conditions plays a significant role in the development of osteoporosis. Research aimed at identifying biomarkers, therapeutic targets, and lifestyle interventions to reduce the impact of these factors on bone health is ongoing.

4. **Drug Development**: There are numerous drug trials exploring potential treatments for osteoporosis,"
0.6771086057027181,0.6911234855651855,0.7233097950617472,0.872534453868866,0.3882005214691162,0.9451811323005628,1.0,0.872534453868866,0.8765006065368652,0.7756433486938477,74,0.6016260162601627,0.35135135135135137,0.7483158856630325,0.6933133602142334,0,1,1,0,0,0,What is (are) Psoriatic Arthritis ?,Musculoskeletal,"Psoriatic arthritis is a type of arthritis that affects people with psoriasis. It occurs when psoriasis causes inflammation in the joints, leading to painful, swollen, and stiff joints. Symptoms of psoriatic arthritis include joint pain, stiffness, and swelling, which can affect any joint in the body. It is important to note that psoriatic arthritis often goes through cycles, with symptoms flaring up at certain times and then easing or going away for a while."
0.5459964871406555,0.5731419920921326,0.5934320092201233,0.632724940776825,0.3996616999308268,0.9732331134080718,1.0,0.632724940776825,0.7664057016372681,0.776152491569519,158,0.5080385852090032,0.38461538461538464,0.21666380502283572,-0.037026192992925644,13,1,1,0,0,0,What are the treatments for Lung Cancer ?,Respiratory,"The treatment options for lung cancer depend on several factors, including the stage of the cancer, location, type, and overall health status of the patient. Some common types of treatment for lung cancer include:

1. Surgery: In some cases, surgery might be recommended to remove tumors or part of the lung. This is called resection or lobectomy (removal of one lung).

2. Radiation therapy: Radiation can be used to treat lung cancer by killing cancer cells before they grow into larger masses or spread. This involves exposing the tumor to high-energy radiation.

3. Chemotherapy: Medicines called chemotherapy drugs are administered intravenously to kill cancer cells. They can target both primary (the original source) and secondary cancers (spread throughout the body).

4. Immunotherapy: This treatment uses the body’s immune system against cancer. It works by boosting the body’s natural ability to fight off cancer.

5. Targeted therapy: Drugs are developed to specifically attack certain types of cancer cells, which"
0.6200315356254578,0.6762576103210449,0.7850098013877869,0.8869702816009521,0.30511750777562463,0.9945673054937816,1.0,0.8869702816009521,0.9015815258026123,0.7214504480361938,145,0.847953216374269,0.7027027027027027,0.6159143149852753,0.3616831302642822,2,1,1,0,0,0,What are the symptoms of Bronchitis ?,Respiratory,"Acute bronchitis, which occurs after a cold or other respiratory infection, typically includes production of mucus (sputum), which may be clear, white, yellowish-gray, or green in color. The mucus may also contain blood. Other symptoms of acute bronchitis include sore throat, mild headache, body aches, slight fever, chills, chest discomfort, shortness of breath, and wheezing. These symptoms usually resolve in about a week, though a lingering cough may persist for several weeks. In contrast, chronic bronchitis, which is caused by smoking, typically has signs and symptoms that last more than three months and occur twice or more annually. These symptoms include persistent cough, which may be accompanied by a fever, blood, chest discomfort, shortness of breath, and wheezing. Individuals with chronic bronchitis may experience periods where their symptoms worsen, including episodes of fever and difficulty breathing. They should seek medical attention if their cough persists"
0.7189423243204752,0.7435314655303955,0.6950384974479675,0.8267383575439453,0.2449618776639303,0.9651053286705247,1.0,0.8267383575439453,0.8416780233383179,0.8228752613067627,87,0.13221884498480244,0.34,0.5088309466838836,0.18720856308937073,2,1,1,0,0,0,What causes Cushing's Syndrome ?,Endocrine/Metabolic,"Cushing's Syndrome is caused by having too much cortisol in the body. Cortisol is a hormone that is made in the adrenal glands. It helps the body respond to stress and plays many other important roles, including controlling blood pressure, reducing inflammation, helping the heart and blood vessels work correctly, controlling blood sugar, and helping the body use food for energy. In some cases, Cushing's Syndrome can happen from taking glucocorticoid medicines. These are often used to treat inflammatory diseases such as rheumatoid arthritis, lupus and asthma."
0.6701315442721049,0.73816978931427,0.6962509552637736,0.7677778005599976,0.2583072781562805,1.0,1.0,0.7677778005599976,0.654349148273468,0.6801289916038513,155,0.5916030534351145,0.28125,0.40051004104316235,0.035250648856163025,5,1,1,0,0,0,What is (are) Lung Cancer ?,Respiratory,"Lung cancer is a type of cancer that starts when abnormal cells in the lungs grow uncontrollably due to genetic mutations or environmental factors. The primary symptom of lung cancer typically begins with coughing up blood, difficulty breathing, or chest pain. Other symptoms may include weight loss, fatigue, shortness of breath, persistent fever, and unexplained bleeding from the mouth, nose, or rectum. 

Diagnosis of lung cancer involves a series of tests, including imaging studies like X-rays, CT scans, or PET scans, bronchoscopy, or biopsy to confirm the presence of cancerous cells. Treatment options vary depending on the stage of the cancer and patient's overall health.

Treatment plans often include surgery, radiation therapy, chemotherapy, immunotherapy, targeted therapy, or a combination of treatments. For early-stage lung cancer, surgery may be the primary treatment option, while for advanced cases, palliative care may be more effective.

The Mayo Clinic offers comprehensive care services across various departments such as Pul"
0.36398916443188983,0.3670370876789093,0.2942991455396016,0.43198829889297485,0.7644657070438067,0.9805490113467074,0.0,0.43198829889297485,0.6958205699920654,0.7312636375427246,136,2.125,0.15789473684210525,0.3620674099240984,0.25666308403015137,7,0,1,0,0,1,What is (are) Age-related Macular Degeneration ?,Unrelated,"Age-related macular degeneration (AMD) is a serious eye disease that affects the central part of the retina. This area of the retina is responsible for seeing fine details, such as letters on a page or faces in a crowd. AMD is the leading cause of blindness among older Americans and one of the top ten causes of preventable blindness worldwide. The condition is characterized by the gradual loss of the rods and cones in the central portion of the retina. As these cells deteriorate, vision quality begins to decline, and colors become less vividly perceived. The progression of the disease can lead to significant visual impairment, including total blindness if left untreated. Early detection and intervention, especially with proper nutrition and regular eye examinations, can significantly reduce the risk of severe vision loss associated with AMD."
0.611699640750885,0.6218231320381165,0.7710697849591573,0.819271445274353,0.24037287632624305,0.9896113607517816,1.0,0.819271445274353,0.6577341556549072,0.6827678084373474,152,0.4794952681388013,0.425,0.22670232752958933,-0.12164896726608276,10,1,1,0,0,0,What to do for Celiac Disease ?,Gastrointestinal,"For individuals with celiac disease, managing symptoms and supporting their health involves adhering to a strict gluten-free diet. This means avoiding all foods that contain gluten, which includes wheat, barley, rye, oats, and products made with those grains or their derivatives. Here are some key strategies:

1. **Understand the Diet**: Start by consulting a nutritionist who specializes in working with people with celiac disease. Understanding what to eat and what to avoid will allow you to make informed choices and minimize potential risks.

2. **Monitor Nutrient Intake**: While avoiding gluten, it’s important to maintain good nutritional intake through supplementation or careful meal planning. Professionals can recommend safe sources of certain nutrients that aren’t available in gluten-containing foods.

3. **Nutritional Supplements**: Depending on your needs, a nutritionist may suggest supplements like vitamin D, vitamin B12, and omega-3 fatty acids, which are typically present in fortified foods but limited in gluten-free diets.

4. **"
0.6574335892995199,0.7174045443534851,0.6337757507960001,0.7393792271614075,0.2929050922393799,0.9910441832980942,1.0,0.7393792271614075,0.8713449239730835,0.7781449556350708,62,2.2142857142857144,0.5714285714285714,0.72755100329717,0.5928049683570862,0,1,1,0,0,0,Who is at risk for Osteoporosis? ?,Endocrine/Metabolic,"Age, race, lifestyle choices, and medical conditions and treatments are all risk factors for osteoporosis. Women are at greater risk of osteoporosis than men due to hormonal changes during menopause, and people with a family history of the condition are also more likely to develop it. Additionally, individuals with smaller body frames and certain genetic mutations may also be at higher risk."
0.49228241046269733,0.5046039819717407,0.35334686438242596,0.35740333795547485,0.34608757495880127,0.9988212238207532,0.0,0.35740333795547485,0.46324634552001953,0.6612041592597961,157,2.4153846153846152,0.3333333333333333,0.24066815866778293,0.023371141403913498,12,0,1,0,0,1,What is (are) Prostate Cancer ?,Unrelated,"Prostate cancer is a type of cancer that starts from cells in the prostate gland, which is a small gland located below the bladder and just above the rectum. It affects about 200,000 men worldwide each year. Prostate cancer is one of the most common types of cancer in men, accounting for approximately 1% of all new cancer cases globally. 

The exact cause of prostate cancer is unknown, but several factors have been identified as potential risk factors:

1. Age: As men age, the risk of developing prostate cancer increases. The risk peaks around age 65-70 years.
2. Family history: If a man's father or brother has had prostate cancer, his own risk may be higher.
3. Genetic mutations: Certain genetic alterations within the genes that regulate cellular growth and division are associated with an increased risk of prostate cancer.
4. Diet: Studies suggest that diets high in red meat, processed meats, and fat-rich foods may increase"
0.6756706039110819,0.7066491842269897,0.6080958247184753,0.664478063583374,0.26632626851399743,1.0,0.6666666666666666,0.664478063583374,0.7064454555511475,0.6955091953277588,150,0.46153846153846156,0.4444444444444444,0.3809811897002734,-0.0915796160697937,7,1,1,0,0,0,What is (are) Heart Failure ?,Cardiovascular,"Heart failure refers to the inability of the heart to pump blood efficiently due to weakening or damage to the heart muscles. Symptoms typically begin in the lower left heart chamber, known as the left ventricle, but can also affect the right side of the heart. Heart failure can occur gradually over time and is categorized into several types based on severity and the affected heart muscle.

Types of Heart Failure:

1. **Left Ventricular Failure:** The primary symptom is shortness of breath, especially during physical activity, which is caused by low blood oxygen levels.

2. **Right Ventricular Failure:** This form is more common and can lead to pulmonary edema, where fluid builds up in the lungs.

3. **Hypertrophic Cardiomyopathy:** Characterized by thickening of the heart muscle walls.

4. **Restrictive Cardiomyopathy:** The heart muscles are unable to contract fully, making it difficult for them to pump blood effectively.

5. **Dilated Cardiomy"
0.6754080851872762,0.6971146464347839,0.7112965782483419,0.7406156063079834,0.23418597380320227,1.0,1.0,0.7406156063079834,0.7559887170791626,0.7403286695480347,158,1.7954545454545454,0.36363636363636365,0.38277236217012006,-0.08094372600317001,5,1,1,0,0,0,What is (are) Kidney Disease ?,Kidney/Renal,"Kidney disease refers to any condition that affects the kidneys, which are responsible for filtering waste and excess fluids from the blood. This can lead to various symptoms and complications if left untreated. Common types of kidney disease include:

1. **Chronic Kidney Disease** - This occurs when a disease or condition impairs kidney function, causing kidney damage to worsen over several months or years.
2. **Diabetes-related kidney disease** - Conditions like diabetes can cause damage to the kidneys, resulting in reduced filtration capacity and higher levels of certain substances in the bloodstream.
3. **Renal Failure** - This happens when the kidneys stop functioning completely due to irreversible damage or loss of their ability to perform essential functions, including removing waste products from the blood.
4. **Nephrotic Syndrome** - A specific form of kidney disease characterized by excessive protein loss in the urine, often due to damage to the glomerular capillaries in the kidneys.
5. **Other kidney disorders** -"
0.6165422002474467,0.6349933743476868,0.6123932401339213,0.6975365281105042,0.4349521199862162,1.0,1.0,0.6975365281105042,0.5723631381988525,0.4694833755493164,151,0.5354609929078015,0.16666666666666666,0.32356826588511467,-0.04668387770652771,9,1,1,0,0,0,What to do for Gallstones ?,Gastrointestinal,"If you suspect that you might have gallstones, it's important to schedule an appointment with your doctor. Signs and symptoms of gallstones, such as abdominal pain, can be concerning but do not always indicate a severe issue. You should seek immediate medical attention if you experience:

1. **Abdominal Pain**: The pain should be so intense that it hinders your ability to sit comfortably or find a position that is comfortable. This type of severe abdominal discomfort suggests a potential emergency situation.
   
2. **Yellowing of Skin and Eyes**: Jaundice occurs when there is an accumulation of bile pigments, usually bilirubin. This symptom indicates liver disease, which could also involve gallstones. Jaundice is another indication that something is wrong.

3. **High Fever with Chills**: A fever accompanied by chills suggests infection, which could be caused by gallstones or other issues like sepsis. It's crucial to address this promptly.

In addition to these symptoms,"
0.6200217207272848,0.6384373903274536,0.7646964987119039,0.8595224022865295,0.25678960482279456,0.9930351331379412,1.0,0.8595224022865295,0.8082484602928162,0.6776914000511169,140,0.22544283413848631,0.5306122448979592,0.28914143352840954,0.004489627666771412,11,1,1,0,0,0,What are the symptoms of Cystic Fibrosis ?,Respiratory,"Cystic fibrosis can cause a wide range of symptoms in people with the disease, including:

  * Persistent cough that does not go away and brings up thick mucus.
  * Wheezing, which makes it difficult to breathe.
  * Limited ability to do physical activity before tiring.
  * Repetitive lung infections.
  * Irritated and swollen nasal passages or a stuffy nose.
  * Repetitive sinus infections.
  * Thick mucus caused by cystic fibrosis can block tubes that carry digestive enzymes from the pancreas to the small intestine. Without these digestive enzymes, the intestines can't fully take in and use the nutrients in food.
  * Foul-smelling, greasy stools.
  * Poor weight gain and growth.
  * Blocked intestines, which is more likely to happen in newborns.
  * Ongoing or severe constipation.
  * Straining often while trying to pass stool can cause part of the rectum"
0.6290315985679626,0.6473139524459839,0.46452120939890545,0.5225095748901367,0.2532174984614054,0.9558074902305623,0.3333333333333333,0.5225095748901367,0.7129830718040466,0.8262902498245239,53,0.16825396825396827,0.3617021276595745,0.549363523721695,0.506899893283844,0,1,1,0,0,0,What causes High Blood Cholesterol ?,Cardiovascular,"High blood cholesterol is primarily caused by dietary habits, including excessive intake of saturated and trans fats found in processed foods, meats, and dairy products, as well as a lack of physical activity and genetics. Lifestyle choices, such as smoking, alcohol consumption, and excessive weight, can also contribute to high blood cholesterol levels."
0.6405911445617676,0.66131591796875,0.5593274037043253,0.6065436005592346,0.3904594381650289,1.0,0.6666666666666666,0.6065436005592346,0.745686411857605,0.5603020787239075,42,0.267515923566879,0.22727272727272727,0.6356951196988424,0.6321917772293091,0,1,1,0,0,0,Who is at risk for Lung Cancer? ?,Respiratory,"People who smoke are at increased risk for lung cancer. The risk of lung cancer increases with the length of time and number of cigarettes smoked. Quitting smoking, even after smoking for many years, significantly lowers the chances of developing lung cancer."
0.7017156680425009,0.7969021201133728,0.5039021869500478,0.5767390727996826,0.2931692202885946,0.9921463957132765,0.6666666666666666,0.5767390727996826,0.7561550140380859,0.7084619402885437,155,2.6724137931034484,0.2777777777777778,0.26807469671422784,-0.11808597296476364,9,1,1,0,0,0,What are the symptoms of Polycystic Kidney Disease ?,Kidney/Renal,"The symptoms of Polycystic Kidney Disease (PKD) can vary widely depending on the stage of the disease and the individual affected. However, here are some typical symptoms that patients may experience:

1. **High Blood Pressure** - This is a common symptom in PKD and occurs when there are too many cysts in the kidneys causing them to expand and put pressure on the surrounding tissues.

2. **Belly, Side or Back Pain** - Some people with PKD may experience abdominal pain, which can be located anywhere along the abdomen, including the lower back.

3. **Blood in the Urine** - This symptom can occur due to the presence of cysts in the kidneys that produce fluid containing protein.

4. **Fullness in the Belly** - Over time, as the kidneys enlarge, patients may feel a sensation of fullness in the stomach area caused by increased volume.

5. **Increased Size of the Belly From Enlarged Kidneys** - As the"
0.5859370827674866,0.6043665409088135,0.6570979158083597,0.7767999172210693,0.3048009673754374,0.922143807592443,1.0,0.7767999172210693,0.8979659080505371,0.7508243918418884,48,1.2307692307692308,0.5333333333333333,0.5664168000221252,0.4231281876564026,1,1,1,0,0,0,What is (are) COPD ?,Respiratory,"COPD stands for chronic obstructive pulmonary disease, which is an ongoing lung condition caused by damage to the lungs. The damage results in swelling and irritation, also called inflammation, inside the airways that limit airflow into and out of the lungs. This limited airflow is known as obstruction."
