avg_q_to_ctx_similarity,max_q_to_ctx_similarity,avg_gt_to_ctx_similarity,max_gt_to_ctx_similarity,retrieval_diversity,avg_bm25_score,max_bm25_score,ndcg@k,context_relevance,context_coverage,semantic_similarity,answer_question_relevance,rouge1_f,rouge2_f,rougeL_f,bert_score_precision,bert_score_recall,bert_score_f1,answer_length,length_ratio,key_term_coverage,faithfulness_score,min_sentence_support,unsupported_sentences,is_relevant,should_answer,correct_abstention,incorrect_abstention,hallucination,question,category,generated_answer
0.725834588209788,0.7412714958190918,0.6913237770398458,0.7751433253288269,0.2916871905326843,0.08716875310453596,0.09056511419520534,0.991721641868488,1.0,0.7751433253288269,0.7889784574508667,0.8206593990325928,0.1372549019607843,0.04590163934426229,0.08169934640522876,0.8845251202583313,0.7517129182815552,0.8127288222312927,52,0.09012131715771231,0.38,0.47789176056782406,0.03527858853340149,2,1,1,0,0,0,What causes Hypothyroidism ?,Endocrine/Metabolic,"Hypothyroidism occurs when the thyroid gland does not produce enough hormones. Common causes include:

- Autoimmune diseases, including Hashimoto's thyroiditis.
- An infection.
- Certain types of cancer.

These conditions can lead to low levels of thyroid hormone, which then triggers hypothyroidism. Additionally, some medications, such as Lithium, can also cause hypothyroidism."
0.5677494208017985,0.5810369253158569,0.6339273254076639,0.6645737886428833,0.2654995719591776,0.8980562339342676,1.9768544130480743,0.977627898289332,1.0,0.6645737886428833,0.741993248462677,0.8114455342292786,0.2096069868995633,0.035242290748898675,0.148471615720524,0.8727601766586304,0.8333161473274231,0.8525821566581726,74,0.46835443037974683,0.2564102564102564,0.5071545392274857,0.24876737594604492,1,1,1,0,0,0,what research (or clinical trials) is being done for Osteoporosis ?,Musculoskeletal,"There are ongoing research studies investigating various treatment options for osteoporosis, including medications, physical therapy, and lifestyle modifications. Some of these studies focus on improving bone density through exercise programs, dietary changes, or hormone replacement therapies. Additionally, there are clinical trials exploring newer treatments like gene therapies and personalized medicine approaches tailored to individual patients' needs. It's important to consult with a healthcare provider for more detailed information about ongoing research studies for osteoporosis."
0.6562066674232483,0.6874492764472961,0.636911153793335,0.7139025926589966,0.2563233176867167,0.5736120930970275,1.3965627205833835,1.0,1.0,0.7139025926589966,0.5517055988311768,0.6287509799003601,0.04934210526315789,0.013201320132013201,0.03289473684210526,0.8595855236053467,0.6876806020736694,0.7640835642814636,21,0.03626943005181347,0.1,0.6138512194156647,0.594870924949646,0,1,1,0,0,0,Who is at risk for Lung Cancer? ?,Respiratory,People who smoke heavily for many years are at increased risk of lung cancer. Quitting smoking can decrease this risk significantly.
0.6207570632298788,0.6596571207046509,0.5205092032750448,0.5883201360702515,0.2825779318809509,0.5497384997890385,1.3768865713021379,0.9528960275545029,0.3333333333333333,0.5883201360702515,0.44520747661590576,0.7186806201934814,0.22888283378746596,0.04383561643835617,0.13079019073569484,0.8370755314826965,0.8130068778991699,0.8248657584190369,120,0.49382716049382713,0.29411764705882354,0.3729965289433797,0.20454564690589905,5,1,1,0,0,0,What is (are) Urinary Tract Infections in Children ?,Kidney/Renal,"Urinary Tract Infections (UTIs) in children are infections that affect the urinary system, specifically the kidneys, ureters, bladder, and lower part of the urethra. They occur due to various factors such as inadequate hygiene, improper diet, and poor lifestyle choices. Common symptoms include frequent urination, pain during urination, blood in urine, fever, chills, and fatigue. 

Children may experience UTIs more frequently than adults because their immune systems are not fully developed. This vulnerability increases when they are young, especially those under 2 years old who have a high rate of exposure to contaminated water sources and breast milk. Additionally, children often have a greater tolerance to antibiotics compared to adults, which can lead to antibiotic-resistant strains of bacteria over time."
0.6356390515963236,0.6527897715568542,0.5608569383621216,0.5983685255050659,0.23733411232630408,0.09797735170743954,0.11064184687270864,0.9954116939951342,1.0,0.5983685255050659,0.7746835947036743,0.7365905046463013,0.19230769230769232,0.06423982869379015,0.10256410256410256,0.8476783037185669,0.7360814213752747,0.7879480719566345,148,0.19397116644823068,0.48,0.17739417254924775,-0.1944267600774765,8,1,1,0,0,0,How to diagnose Pulmonary Embolism ?,Cardiovascular,"To diagnose pulmonary embolism, healthcare providers typically perform the following steps:

1. History and physical examination: A thorough assessment is conducted by a healthcare provider to determine if the patient has any risk factors for developing a pulmonary embolism, such as prolonged sitting, smoking, obesity, or long-distance travel.
2. Medical history review: The provider reviews the patient’s medical history, including any previous pulmonary embolism episodes, prior treatments, medications, and current health status.
3. Blood tests: These may include laboratory tests like complete blood count (CBC), D-dimer test, and coagulation tests to check the levels of specific substances in the blood.
4. Imaging studies: Chest X-ray (CT scan) and/or computed tomography angiography (CTA) scans are performed to visualize the structure and function of the blood vessels in the chest and lungs, especially in areas near the lungs where a pulmonary embolism might occur.
5. Biopsy: If imaging is incon"
0.6400507291158041,0.6710646152496338,0.5743986765543619,0.6249518394470215,0.20284463961919152,0.2666942348042452,0.6147911916771109,0.9944542777199851,1.0,0.6249518394470215,0.5173805952072144,0.8234174251556396,0.1095890410958904,0.056338028169014086,0.1095890410958904,0.8646172285079956,0.8130911588668823,0.8380630016326904,4,0.057971014492753624,0.09523809523809523,0.5666136741638184,0.5666136741638184,0,1,1,0,0,0,What is (are) Lung Cancer ?,Respiratory,"(Lung Cancer)
(Lung Cancer)"
0.6664816935857137,0.7125959992408752,0.4655100603898366,0.5033429861068726,0.2846148808797201,0.3799375587982953,0.9016676393469241,0.9555388989166496,0.3333333333333333,0.5033429861068726,0.45766201615333557,0.6015373468399048,0.12112676056338029,0.02542372881355932,0.07042253521126761,0.8289045691490173,0.7860430479049683,0.8069050908088684,77,0.12222222222222222,0.21739130434782608,0.4283812940120697,0.29438352584838867,3,1,1,0,0,0,What is (are) Kidney Disease ?,Kidney/Renal,"Chronic Kidney Disease (CKD) and Acute Kidney Injury (AKI) are both conditions characterized by impairment of kidney function. CKD refers to a gradual decline in kidney function over time, typically lasting more than six months. AKI, on the other hand, occurs suddenly and is defined by acute kidney injury. This can be due to factors like viral infection, toxins, or immune system disorders. Both conditions require timely treatment to prevent further renal damage and improve patient outcomes."
0.4113733172416687,0.46056243777275085,0.43522416551907855,0.5162665843963623,0.5036119023958843,0.2542563755885512,0.6391416090395615,0.9873326351863237,0.3333333333333333,0.5162665843963623,0.8203719854354858,0.8515411615371704,0.3629032258064516,0.1138211382113821,0.22580645161290322,0.8600084185600281,0.8618408441543579,0.8609236478805542,86,0.5375,0.34285714285714286,0.46426553279161453,0.380073606967926,3,0,1,0,0,1,Is Breast Cancer inherited ?,Unrelated,"Yes, breast cancer is often inherited. It can be influenced by genetic factors, particularly in hereditary conditions such as Lynch syndrome (familial adenomatous polyposis), Gardner's Syndrome (multiple endocrine neoplasm type I), and familial breast and ovarian cancer syndrome (breast cancer, ovarian cancer). Additionally, certain mutations in BRCA1 or BRCA2 genes can increase the risk of developing breast cancer. If you're concerned about your family history of breast cancer, discussing this with a healthcare provider can help determine if testing for these genetic mutations may be beneficial."
0.6614491740862528,0.6645492315292358,0.537771056095759,0.7171934247016907,0.3187355001767477,0.214238335284341,0.5112312455138004,0.8649660755546942,0.3333333333333333,0.7171934247016907,0.463730126619339,0.714398205280304,0.19867549668874174,0.013422818791946308,0.11920529801324505,0.8482020497322083,0.7446918487548828,0.7930837869644165,45,0.42452830188679247,0.13513513513513514,0.5510558287302653,0.493265300989151,2,1,1,0,0,0,What is (are) Gallstones ?,Gastrointestinal,"Gallstones are hardened deposits of digestive fluid that can form in your gallbladder. The gallbladder is a small, pear-shaped organ on the right side of your abdomen, just beneath your liver. The gallbladder holds a digestive fluid called bile that's released into your small intestine."
0.5094505051771799,0.5783278942108154,0.48147571086883545,0.7142074108123779,0.5423373381296794,0.12336739703469475,0.2240379366701064,0.9905220072276852,0.3333333333333333,0.7142074108123779,0.8659055233001709,0.7287073135375977,0.4602510460251046,0.11814345991561181,0.23430962343096234,0.8616641759872437,0.8893061876296997,0.875266969203949,137,1.4123711340206186,0.48,0.5063320944706599,0.36564454436302185,3,1,1,0,0,0,What is (are) Wilson Disease ?,Endocrine/Metabolic,"Wilson's disease is a genetic disorder that affects the way the liver processes copper. It occurs when the body produces too much copper and does not remove enough of it from the bloodstream. This buildup of copper can lead to damage to organs such as the brain, heart, and kidneys, causing a variety of symptoms including neurological problems, liver damage, and kidney failure. The exact cause of Wilson's disease is still not fully understood, but it is thought to be related to a mutation in a gene called cystathionine beta-synthase (CBS). In people with Wilson's disease, there is a lack of enzyme activity that breaks down a substance called homocysteine into cysteine, leading to increased levels of copper in the blood. This can also affect other organs like the skin, hair, nails, bones, and the liver itself."
0.7375028530756632,0.7487887144088745,0.7182784279187521,0.7606325149536133,0.15630958477656043,0.2548932090331852,0.5681365536385836,1.0,1.0,0.7606325149536133,0.7711794376373291,0.7515523433685303,0.3916913946587537,0.10746268656716418,0.20178041543026706,0.8678139448165894,0.7783492207527161,0.8206504583358765,126,0.6028708133971292,0.42857142857142855,0.43898337582747143,0.1702803075313568,3,1,1,0,0,0,What causes Cystic Fibrosis ?,Respiratory,"Cystic fibrosis (CF) is caused by a defect in the CFTR (cystic fibrosis transmembrane conductance regulator) gene. This gene is responsible for producing a protein that helps regulate the flow of substances through the cell membrane. When the CFTR gene has a faulty version, it leads to an accumulation of thick, sticky mucus in the lungs, pancreas, sweat glands, and other parts of the body. This buildup of mucus makes it difficult for air to pass through the bronchi and causes chronic coughing, leading to infections and other respiratory problems. Additionally, the thick mucus also blocks pancreatic ducts, which can result in malnutrition due to insufficient insulin production. These conditions can lead to significant morbidity and mortality, making CF one of the leading genetic diseases worldwide."
0.508602519830068,0.5171172618865967,0.5119132399559021,0.5224083065986633,0.24347078800201416,0.535788056079411,1.4824647140379665,0.9965120299745183,0.6666666666666666,0.5224083065986633,0.8629932999610901,0.7877496480941772,0.4161849710982659,0.05813953488372093,0.15606936416184972,0.84526127576828,0.845407247543335,0.8453342318534851,148,0.7628865979381443,0.5294117647058824,0.22552665416151285,-0.04526008665561676,13,1,1,0,0,0,what research (or clinical trials) is being done for Epilepsy ?,Neurological,"There are ongoing research studies on various aspects of epilepsy management. Some examples include:

1. **Anti-epileptic drug efficacy**: Researchers are investigating new drugs or combinations of existing ones to better control seizures in patients.

2. **Prevention of seizures**: There are efforts to develop methods of preventing seizures in high-risk individuals, such as newborns with genetic predispositions.

3. **Neuroimaging techniques**: Advances in neuroimaging techniques like MRI and CT scans help doctors understand the brain structure and function associated with epilepsy, leading to more targeted treatments.

4. **Patient-reported outcomes**: Studies aim to improve understanding of how patients experience their seizures, including emotional and cognitive impacts.

5. **Epilepsy surgery**: Techniques are being explored to safely remove parts of the brain responsible for seizures, reducing the frequency and severity of attacks.

6. **New therapies**: Researchers are exploring new approaches like gene therapy or stem cell transplantation to potentially cure epilepsy.

7. **Neuromodulation"
0.5174201230208079,0.5972766876220703,0.4824454188346863,0.516264796257019,0.25907427072525024,0.21174623182068855,0.2465644256795041,0.9813805810829767,0.6666666666666666,0.516264796257019,0.6131168603897095,0.7098464965820312,0.16033755274261605,0.027484143763213533,0.09282700421940927,0.8261610269546509,0.7968364953994751,0.8112338185310364,146,0.18318695106649938,0.1875,0.2713344167917967,0.020130522549152374,6,1,1,0,0,0,How to diagnose Urinary Tract Infections in Children ?,Kidney/Renal,"Diagnosing urinary tract infections (UTIs) in children may vary depending on the age group of the child. Here are some general guidelines:

1. **Age 2-5 Years:** For children aged 2-5 years, a UTI should be diagnosed based on signs and symptoms such as frequent urination, increased frequency of urination, a burning sensation during urination, or blood in the urine.
2. **Age 6+ Years:** For older children and adults, diagnosis is more likely based on symptoms alone, especially if they have recurrent UTIs or a family history of UTIs.
3. **Diagnostic Tests:** Basic tests like blood culture, urinalysis, and urine culture are commonly used to confirm the presence of bacteria causing the UTI. However, these tests might not provide specific results without a sample from the infected area.
4. **In vitro Diagnostic Tests:** For more precise results, specialized diagnostic tests including urine osmolality, pH, and protein levels"
0.6495313048362732,0.7040523290634155,0.6385466456413269,0.7048201560974121,0.30947289864222205,0.5396988277513927,1.2272722154179432,0.9653371576487334,1.0,0.7048201560974121,0.7524387240409851,0.7634295225143433,0.3910112359550562,0.09029345372460496,0.1752808988764045,0.840032160282135,0.7227897047996521,0.7770131826400757,162,0.5724381625441696,0.6428571428571429,0.3649234731088985,-0.0671767145395279,10,1,1,0,0,0,Who is at risk for Heart Attack? ?,Cardiovascular,"At-risk individuals for heart attack include those who have any one or more of the following risk factors:

- Age: People over the age of 45 years are more susceptible.
- Smoking: Regular tobacco use is linked to an increased risk.
- Hypertension: Persistent high blood pressure can damage heart vessels.
- Diabetes: Individuals with uncontrolled diabetes are at greater risk.
- Obesity: Being overweight or obese increases the risk.
- Family history of heart disease: Having a family member with a history of heart disease puts you at higher risk.
- Chronic kidney disease: Advanced kidney failure can cause heart problems due to poor circulation.
- Unprotected open wounds: Recent surgery, cuts, or scrapes can expose the heart valves to infection and inflammation.
- Physical stress or trauma: Heavy physical exertion, sudden injury, or other forms of stress can affect heart function.
- Unhealthy lifestyle habits: Lack of exercise, excessive alcohol consumption, and unhealthy diet contribute to heart disease.
- Pre-existing"
0.6463518738746643,0.6878493428230286,0.4840862949689229,0.5238327980041504,0.2706085840861002,0.6905592655249845,1.2373122692597376,0.9819335900335627,0.6666666666666666,0.5238327980041504,0.5741420984268188,0.8224658370018005,0.29787234042553196,0.05755395683453238,0.15602836879432624,0.8364509344100952,0.854194164276123,0.84522944688797,91,1.82,0.1875,0.547123122215271,0.42620527744293213,3,1,1,0,0,0,What is (are) Colorectal Cancer ?,Gastrointestinal,"Colorectal cancer, also known as colorectal neoplasm, is a type of cancer that originates from the lining of the large intestine or rectum, which are part of the digestive system. It is the third most common form of cancer globally, after lung cancer and breast cancer. This cancer often develops slowly over many years but can cause serious complications if left untreated. Colorectal cancer may present symptoms such as persistent abdominal pain, changes in bowel habits, and bleeding during defecation. Early detection through screening tests like colonoscopies can significantly improve outcomes."
0.46072330077489215,0.4794050455093384,0.4425991376241048,0.4543834328651428,0.4913508097330729,0.2134764019898169,0.5126420720527919,0.9798851873343382,0.0,0.4543834328651428,0.7232840657234192,0.729143500328064,0.35398230088495575,0.1081081081081081,0.24778761061946902,0.8717933893203735,0.9033669829368591,0.8872994184494019,64,1.3617021276595744,0.3333333333333333,0.567694624265035,0.4760463237762451,1,0,1,0,0,1,What causes Dry Eye ?,Unrelated,"The dryness of the eyes caused by Sjögren's Syndrome is primarily due to the reduced production of tears, which are essential for maintaining healthy eye surface structures. Other factors contributing to dry eyes include ocular infections, dry air, contact lens use, certain medications, and underlying health conditions like diabetes and glaucoma. Additionally, environmental factors like dust, smoke, or pollution can exacerbate dry eye symptoms."
0.6424930294354757,0.6688793897628784,0.527717391649882,0.5783373117446899,0.28910078605016076,0.12415006512434522,0.13326866478821586,0.9717858634457299,0.6666666666666666,0.5783373117446899,0.6259934902191162,0.6681712865829468,0.3277310924369748,0.06779661016949154,0.1512605042016807,0.8434267044067383,0.878017783164978,0.8603747487068176,156,1.9024390243902438,0.5,0.36567452698946,-0.06866666674613953,7,1,1,0,0,0,What is (are) Kidney Disease ?,Kidney/Renal,"Kidney disease refers to any abnormality of the kidneys that affects their normal functioning. There are two main types of kidney disease:

1. Chronic kidney disease (CKD): This occurs when the kidneys gradually lose their ability to filter waste products from the body effectively, leading to gradual decline in kidney function.

2. Acute kidney injury (AKI): This typically happens suddenly due to severe injury to the kidney or exposure to toxins like drugs, alcohol, or certain medications. AKIs can be acute, meaning they occur very quickly after injury or poisoning, or chronic, lasting for more than 2 weeks. They can also be caused by infections, such as sepsis or pneumonia. Infections can lead to acute kidney failure if not treated promptly.

Both CKD and AKI affect the kidneys' ability to filter waste products, which includes excess fluids, proteins, electrolytes, and other substances. These conditions often require medical intervention, including monitoring, treatment, and sometimes dialysis or transplantation."
0.6272730032602946,0.6631361246109009,0.4368503491083781,0.48293888568878174,0.26744713385899865,0.06618752010506458,0.07314175594227629,0.9937778001811927,0.0,0.48293888568878174,0.6025105714797974,0.8211057186126709,0.10958904109589042,0.0,0.0821917808219178,0.8327078819274902,0.8568357229232788,0.8445995450019836,48,2.2857142857142856,0.1,0.6400622427463531,0.5976688861846924,0,1,1,0,0,0,What is (are) High Blood Cholesterol ?,Cardiovascular,"High blood cholesterol refers to an elevated concentration of bad cholesterol (low-density lipoprotein [LDL]) and/or triglycerides in the bloodstream. When there's an imbalance between these two types of fats in the body, it can lead to various health issues such as heart disease, stroke, and other cardiovascular diseases."
0.6648062864939371,0.6768221855163574,0.6616828242937723,0.6847843527793884,0.3170943657557169,0.3925241049476753,0.9233511772685122,1.0,1.0,0.6847843527793884,0.749309241771698,0.8123788833618164,0.28703703703703703,0.06542056074766356,0.14814814814814814,0.8198064565658569,0.8335157632827759,0.8266042470932007,122,1.3555555555555556,0.2608695652173913,0.18251178752292285,-0.12410697340965271,19,1,1,0,0,0,What are the symptoms of Kidney Disease ?,Kidney/Renal,"The symptoms of kidney disease are nonspecific, meaning they can also be caused by other illnesses. Common signs and symptoms of chronic kidney disease include:

1. Persistent fatigue and weakness.
2. Frequent urination, especially at night.
3. Changes in thirst and/or hunger.
4. Fatigue and dizziness after drinking water.
5. Unusual tiredness or shortness of breath.
6. Increased thirst even when the patient has adequate fluids.
7. A sudden increase in the need to urinate, even when the person hasn't had enough to drink.
8. Frequent headaches.
9. Weight loss despite eating well.
10. Blood in the urine.

If these symptoms persist without treatment, it's important to seek medical attention as early intervention is crucial for managing the progression of kidney disease."
0.5428459346294403,0.682339072227478,0.5556588570276896,0.6462243795394897,0.3635260661443075,0.2947774197744321,0.41220385224295464,0.9222724766063828,0.6666666666666666,0.6462243795394897,0.4920366704463959,0.6094492673873901,0.2714285714285714,0.0430622009569378,0.11904761904761905,0.8284293413162231,0.7985607385635376,0.8132208585739136,155,0.5477031802120141,0.4117647058823529,0.3258829082955014,-0.12535925209522247,5,1,1,0,0,0,What to do for Cirrhosis ?,Gastrointestinal,"For individuals with cirrhosis, it is important to follow specific guidelines to lower their risk of developing this condition:

1. **Avoid Alcohol**: Drinking alcohol, especially when you have liver disease, can worsen cirrhosis and increase your risk of liver failure.
2. **Healthy Diet**: Eating a balanced diet rich in fruits, vegetables, whole grains, and lean proteins can help maintain good health and support a healthy liver.
3. **Cut Back on Fatty and Fried Foods**: Reducing intake of high-fat and fried foods can prevent excessive fat accumulation, which can harm the liver.
4. **Maintain Healthy Weight**: Excess body fat can contribute to liver damage; therefore, maintaining a healthy weight is crucial.
5. **Talk to Your Healthcare Professional**: Consulting a healthcare provider about a personalized weight loss plan is beneficial if there’s a concern about carrying excess body fat.

In addition to these lifestyle modifications, it's essential to manage other factors related to cirrhosis such as controlling"
0.6182633638381958,0.6571210622787476,0.5702032248179117,0.5987347364425659,0.3863714734713236,0.378853335332699,0.5804489964890182,1.0,1.0,0.5987347364425659,0.6440771818161011,0.7547875642776489,0.10121244069583553,0.03271767810026385,0.05271481286241434,0.8352530598640442,0.8273078799247742,0.8312614560127258,149,0.08427601809954752,0.32,0.2949395598843694,-0.034077513962984085,8,1,1,0,0,0,What are the treatments for Kidney Disease ?,Kidney/Renal,"The treatments for kidney disease typically involve several steps:

1. Blood Tests: Regular blood tests help monitor kidney function and detect any problems early. The specific tests vary depending on the underlying condition but generally include creatinine, blood urea nitrogen (BUN), protein in urine, electrolytes like potassium and magnesium, and glucose levels.

2. Medications: Depending on the cause of kidney disease, your doctor will prescribe medication to control symptoms, improve kidney function, or treat the underlying cause. These medications can include blood thinners (anti-platelet drugs), ACE inhibitors, angiotensin receptor blockers, beta-blockers, diuretics, statins, and other medications to control high blood pressure, cholesterol, and blood sugar.

3. Dialysis: For advanced stages of kidney disease where the kidneys cannot function properly, dialysis is required. Dialysis involves removing waste products and extra fluid from the body by filtering blood through a machine that removes these substances. There are two main types of"
0.7102413177490234,0.7377468943595886,0.7242441773414612,0.753410279750824,0.20728655656178796,0.5560786473003243,0.8985842856382367,0.9799260294761316,1.0,0.753410279750824,0.7603238821029663,0.7802890539169312,0.27906976744186046,0.07511737089201878,0.17674418604651163,0.8685787916183472,0.7964829802513123,0.830970048904419,52,0.3058823529411765,0.18604651162790697,0.6399984955787659,0.5412930846214294,0,1,1,0,0,0,What is (are) Lung Cancer ?,Respiratory,"Lung cancer refers to any type of cancer that occurs in the lungs, which are two spongy organs in the chest that help regulate breathing. It is the leading cause of cancer deaths worldwide and is caused by various factors such as smoking, exposure to certain chemicals or pollutants, and genetic mutations."
0.29662365714708966,0.342717707157135,0.15845886369546255,0.22212448716163635,0.68549644947052,0.19744115310920138,0.2040776756274308,0.9012794922196206,0.0,0.22212448716163635,0.4127041697502136,0.6204439401626587,0.15470852017937223,0.02247191011235955,0.07623318385650224,0.8034307360649109,0.7584254741668701,0.7802796363830566,160,0.25806451612903225,0.2978723404255319,0.19198937043547631,-0.03945402055978775,10,0,1,0,0,1,What is (are) Medicare and Continuing Care ?,Unrelated,"Medicare is a government-run health insurance program in the United States designed to provide coverage for healthcare services primarily for individuals aged 65 years old and older as well as those with certain disabilities. It covers many preventive services, such as routine check-ups, immunizations, and prescription drugs.

Continuing care refers to various types of senior living options available to individuals who require assistance with daily activities due to age-related decline or chronic illness. These options include:

1. Skilled nursing homes and assisted living facilities: These facilities offer 24-hour supervision and professional medical care for residents who need help with personal care tasks like bathing, dressing, and medication administration. 

2. Independent Living Communities (ILCs): These communities are designed for seniors who do not require full-time medical care but still want to remain independent in their living arrangements. ILCs may offer meals, transportation, and other amenities that support residents' quality of life.

3. In-home care and home healthcare services: These options allow"
0.6938351392745972,0.6987817287445068,0.6108283400535583,0.6317539215087891,0.15772294998168945,-0.09767875272169851,-0.09149515866522764,0.9950600015318892,1.0,0.6317539215087891,0.7253547310829163,0.773445188999176,0.35714285714285715,0.1134020618556701,0.19387755102040813,0.8552585244178772,0.8846263885498047,0.8696946501731873,115,1.4197530864197532,0.35294117647058826,0.487290620803833,0.13460037112236023,3,1,1,0,0,0,What is (are) Heart Failure ?,Cardiovascular,"Heart failure is a condition characterized by impaired cardiac function leading to reduced pumping capacity of the heart muscle. It can be caused by various underlying factors such as coronary artery disease, valvular heart disease, pulmonary hypertension, and congenital heart defects. Symptoms of heart failure vary depending on the cause but can include shortness of breath, fatigue, swelling in the legs or abdomen, dizziness, and coughing. Diagnosis typically involves medical history, physical examination, and laboratory tests. Treatment options range from lifestyle modifications to medications, invasive therapies like catheterization, and possibly surgery based on the severity and cause of the heart failure. Healthcare professionals specialize in cardiology to provide care for patients diagnosed with heart failure."
0.6311697562535604,0.6848328113555908,0.633016566435496,0.7406059503555298,0.28280570109685266,0.12409111909463848,0.13404334243830504,0.9405988195831689,1.0,0.7406059503555298,0.796558141708374,0.7266280055046082,0.11363636363636363,0.03984819734345351,0.07954545454545454,0.8689056038856506,0.7816520929336548,0.8229725360870361,74,0.07581967213114754,0.28,0.5727007389068604,0.5278189778327942,0,1,1,0,0,0,What causes Causes of Diabetes ?,Endocrine/Metabolic,"Type 1 diabetes is caused by the destruction of the insulin-producing cells in the pancreas, usually due to an autoimmune response. Type 2 diabetes, on the other hand, results from a combination of genetic factors, lifestyle choices, and environmental triggers such as obesity and poor diet. It is important to note that there is no single ""cause"" of diabetes; it is a complex disease that involves multiple factors contributing to its onset and progression."
0.4392816325028737,0.4511631727218628,0.3963157037893931,0.41814208030700684,0.19508713483810425,0.05717527566044608,0.06119918894961117,0.9955475731397294,0.0,0.41814208030700684,0.7866233587265015,0.6695178747177124,0.15716486902927582,0.04327666151468315,0.07704160246533126,0.845824122428894,0.7997570037841797,0.8221457600593567,99,0.18065693430656934,0.3125,0.21939011414845785,0.06369812041521072,12,0,1,0,0,1,What is (are) Dry Eye ?,Unrelated,"Dry eye syndrome (DES) is a condition characterized by reduced tear production in the eye's surface, leading to discomfort, redness, and visual problems. DES occurs when the eyelids don't effectively seal tears from leaving the eye. It can be due to various factors such as genetics, environmental conditions like air pollution, aging, or medications used. Common symptoms include:

1. Redness
2. Watery eyes
3. Burning sensation
4. Eye fatigue
5. Difficulty reading or driving
6. Sore throat
7. Tearing
8. Nausea or headache

Treatment options include artificial tears, warm compresses, and lifestyle changes like avoiding irritants or quitting smoking."
0.5818576614061991,0.6150228977203369,0.6516602238019308,0.7198267579078674,0.29515981674194336,0.6097186497439483,0.9644858017536121,0.9857823550991568,1.0,0.7198267579078674,0.7507235407829285,0.801931619644165,0.057562408223201175,0.015280634734058184,0.031130690161527166,0.8297916650772095,0.8306550979614258,0.8302231431007385,132,0.04153555695405916,0.22,0.28382911985473974,-0.013550389558076859,11,1,1,0,0,0,What are the treatments for Asthma ?,Respiratory,"The main treatments for asthma include:

1. Medications: These include long-acting bronchodilators, short-acting bronchodilators, corticosteroids, leukotriene modifiers, and oral corticosteroids.

2. Lifestyle modifications:
   - Avoiding triggers such as smoking, exposure to air pollution, allergens, and other environmental factors.
   - Managing stress through relaxation techniques and exercise.
   - Regular exercise to maintain lung function.
   
3. Medication usage: Following a detailed asthma action plan with medications like inhalers, nebulizers, and oral steroids under the guidance of a healthcare professional.

4. Immunotherapy: This involves gradually exposing the immune system to small amounts of specific allergens over time to build tolerance to them.
   
5. Vaccinations: Getting vaccinated against influenza and pneumococcus helps protect against serious infections that can worsen asthma symptoms.
   
6. Pulmonary rehabilitation: A program designed to help patients manage their asthma by teaching them"
0.6727956136067709,0.7087372541427612,0.615389088789622,0.6536908745765686,0.2873450517654419,0.2669399259875753,0.6136892505355177,0.9867640054380831,1.0,0.6536908745765686,0.7845015525817871,0.8054512739181519,0.37450199203187245,0.068,0.17928286852589642,0.8569160103797913,0.7859472036361694,0.8198987245559692,143,0.3994413407821229,0.5306122448979592,0.36184277236461637,-0.11505965143442154,5,1,1,0,0,0,What causes Cardiomyopathy ?,Cardiovascular,"Cardiomyopathy is a general term used to describe a group of diseases that affect the muscles responsible for pumping blood throughout the body. The exact cause of cardiomyopathy can vary widely depending on the specific type of condition being discussed. However, some common causes include:

  1. Genetic factors: Inherited forms of cardiomyopathy can be passed down through families and may be caused by mutations in genes related to muscle function.
  2. Heart disease: Conditions like valvular heart disease, atrial fibrillation, and hypertrophic obstructive cardiomyopathy (HOCM) can all contribute to the development of cardiomyopathy.
  3. Other systemic diseases: Some cardiomyopathies are associated with underlying conditions such as amyloidosis, which is a disorder characterized by the buildup of abnormal proteins in tissues, leading to damage and dysfunction.
  4. Environmental factors: Certain environmental exposures can increase the risk of developing cardiomyopathy, particularly in individuals with certain"
0.7552303870519003,0.7846329212188721,0.7464134295781454,0.7716716527938843,0.2626557946205139,0.25743001075954697,0.2921238644663886,0.9899046111439092,1.0,0.7716716527938843,0.7926808595657349,0.818859338760376,0.2944162436548224,0.05128205128205128,0.18274111675126903,0.846220850944519,0.841893196105957,0.8440514802932739,69,0.5655737704918032,0.25,0.573283314704895,0.3065029978752136,1,1,1,0,0,0,What causes Alzheimer's Disease ?,Neurological,"Alzheimer's Disease is caused by a buildup of proteins in the brain, specifically amyloid plaques and neurofibrillary tangles, which leads to brain cell damage and death over time. These processes can be influenced by various factors including lack of exercise, smoking, high blood pressure, high cholesterol, poor management of type 2 diabetes, and having high levels of LDL cholesterol in middle age, particularly in those who were previously smokers."
0.6111791928609213,0.6449152231216431,0.568071981271108,0.5979501605033875,0.3254654804865519,0.26445765152650685,0.6209236962857723,1.0,1.0,0.5979501605033875,0.7957878112792969,0.7300300598144531,0.332409972299169,0.08356545961002786,0.14958448753462605,0.8455020189285278,0.8432753682136536,0.8443871736526489,137,0.6008771929824561,0.39473684210526316,0.3388815149664879,-0.07752969861030579,5,1,1,0,0,0,What are the treatments for Gout ?,Musculoskeletal,"The treatment options for Gout typically focus on managing pain, reducing inflammation, and controlling uric acid levels:

1. Medications:
   - Nonsteroidal Anti-Inflammatory Drugs (NSAIDs): These are commonly prescribed to relieve pain and reduce inflammation.
   - Allopurinol: A medication that decreases the production of uric acid in the body.
   - Colchicine: A corticosteroid that helps reduce inflammation and is given in acute flares or when NSAIDs are ineffective.

2. Lifestyle Changes:
   - Weight loss: Reducing weight through diet and exercise can help decrease uric acid levels.
   - Avoidance of alcohol: Excessive consumption of alcoholic beverages can elevate uric acid levels, leading to Gout.
   - Limiting salt intake: Salt can increase uric acid production and contribute to the development of Gout.

3. Pain Management:
   - Ice packs: Applying ice to the affected area can provide temporary relief from pain."
0.589029868443807,0.5933367609977722,0.4023861587047577,0.4236489534378052,0.3229212760925293,0.7976124158529684,1.4449641186388038,0.9679361195289864,0.0,0.4236489534378052,0.7460960149765015,0.7642027735710144,0.3198090692124105,0.08633093525179855,0.18138424821002383,0.8260277509689331,0.8450494408607483,0.8354303240776062,148,0.5584905660377358,0.375,0.18429684068541974,-0.06630784273147583,15,1,1,0,0,0,What are the treatments for Lung Cancer ?,Respiratory,"Treatments for lung cancer can vary depending on the stage and type of cancer, as well as the patient's overall health. Some common treatments include:

1. Surgery: This involves removing part or all of the tumor (tumor resection) or the entire lung.
2. Radiation therapy: This uses high-energy beams from a machine called a radiation oncologist or radiotherapist to kill cancer cells.
3. Chemotherapy: This is a type of drug treatment that kills cancer cells by damaging them.
4. Targeted therapy: This targets specific proteins that help cancer cells grow.
5. Immunotherapy: This uses the body's immune system to fight cancer.
6. Palliative care: This focuses on managing symptoms and improving quality of life during the晚期癌症阶段.
7. Supportive care: This includes providing emotional and psychological support for patients and their families.

In some cases, a team of specialists including pulmonologists, thoracic surgeons, oncologists, and medical directors may work"
0.7552303870519003,0.7846329212188721,0.6787752906481425,0.7043704390525818,0.2626557946205139,0.25743001075954697,0.2921238644663886,0.9964438980540217,1.0,0.7043704390525818,0.6602135896682739,0.7863032221794128,0.15282392026578073,0.056666666666666664,0.11295681063122924,0.8372319936752319,0.8032074570655823,0.8198668360710144,85,0.17137096774193547,0.25,0.5962126155694326,0.4198531210422516,1,1,1,0,0,0,What causes Alzheimer's Disease ?,Neurological,"Alzheimer's disease is primarily caused by the accumulation of beta-amyloid protein and tau protein deposits within the brain, leading to the death of brain cells and the development of plaque and tangle formations. These abnormal proteins can damage nerve cells, disrupting communication between them and causing memory loss, confusion, impaired judgment, and difficulty with daily tasks. Other risk factors such as high blood pressure, smoking, high cholesterol, and poor blood sugar management during adulthood have been linked to an increased risk of developing Alzheimer's disease."
0.6703568895657858,0.6825243830680847,0.7069660027821859,0.7411462068557739,0.293886681397756,0.13056398929406973,0.19337953068550592,0.9617254395281197,1.0,0.7411462068557739,0.7394801378250122,0.6978527307510376,0.2992125984251969,0.05928853754940712,0.1456692913385827,0.8585663437843323,0.7448071241378784,0.7976511120796204,130,0.3485254691689008,0.5434782608695652,0.4598265091578166,0.17015963792800903,2,1,1,0,0,0,What is (are) Bronchitis ?,Respiratory,"Bronchitis is an inflammation of one or both of the primary airways of the lungs, known as the bronchi. It can be caused by various factors such as viral infection, bacterial infections, irritants like smoke, pollutants, allergens, or environmental factors like air pollution. The severity and duration of bronchitis vary depending on the underlying cause and the immune response of the individual. Some common types include acute bronchitis due to viral infections or bacterial infections, while chronic bronchitis is persistent inflammation of the bronchial tubes, often associated with smoking, but can also develop in individuals without tobacco use. Treatment options range from supportive care to specific treatments for underlying conditions. It's important to note that bronchitis can lead to serious complications if left untreated, including lung infections and heart problems."
0.6534011562665304,0.7084096670150757,0.43345628182093304,0.52785325050354,0.2581597566604614,0.10678503585547505,0.12143488698327679,0.9197711691321341,0.3333333333333333,0.52785325050354,0.4560263752937317,0.6421753168106079,0.17940199335548174,0.006688963210702341,0.11960132890365448,0.7944228649139404,0.8090381622314453,0.8016639351844788,130,0.7514450867052023,0.11538461538461539,0.1496340329400622,-0.10577201843261719,22,1,1,0,0,0,What is (are) Kidney Disease ?,Kidney/Renal,"Kidney disease refers to various conditions that affect the structure and function of the kidneys. It encompasses both acute and chronic forms of kidney dysfunction, characterized by impaired kidney function due to various causes such as genetic disorders, infections, toxins, drugs, etc. The primary symptoms of kidney disease usually include:

1. **Loss of appetite**.
2. **Fatigue and weakness**.
3. **Sleep problems**.
4. **Urinating more or less**.
5. **Decreased mental sharpness**.
6. **Muscle cramps**.
7. **Swelling of feet and ankles**.
8. **Dry, itchy skin**.
9. **High blood pressure (hypertension)**.
10. **Shortness of breath**, especially when fluid builds up in the lungs.
11. **Chest pain**, especially when fluid builds up around the lining of the heart.

These symptoms may vary depending on the specific form of kidney disease and its progression. In"
0.5596549908320109,0.6195340156555176,0.5384739637374878,0.598257303237915,0.3280359307924906,0.6212149103200403,1.7715819837086293,0.9935887959276279,0.6666666666666666,0.598257303237915,0.6761081218719482,0.6734558939933777,0.0893854748603352,0.022598870056497175,0.0670391061452514,0.7999663352966309,0.8472716212272644,0.8229396939277649,163,8.578947368421053,0.5,0.26913277246057987,-0.03475556522607803,11,1,1,0,0,0,What to do for Short Bowel Syndrome ?,Gastrointestinal,"Short bowels syndrome is a condition characterized by a shortened colon. It is often caused by a variety of factors, including:

1. Genetic predisposition - Some individuals are born with short bowels due to genetic abnormalities.
2. Surgery - Some conditions like Crohn's disease or colorectal cancer surgery can lead to shortened bowels.
3. Medical intervention - Certain medications, including chemotherapy drugs used in cancer treatment, can affect the length of the colon.
4. Irritable Bowel Syndrome (IBS): This chronic digestive disorder can cause changes in the size and shape of the colon, leading to shortness of this part of the digestive tract.
5. Celiac Disease: This autoimmune condition affects the small intestine, which can result in a shorter colon due to inflammation.

Treatment options for short bowels syndrome depend on the underlying cause and severity of the condition. For example:

- If it is due to a genetic abnormality or medical interventions, genetic counseling or further medical testing could help identify the"
0.6566234628359476,0.714715301990509,0.6981188853581747,0.755990743637085,0.24597781896591187,0.4378574812007134,0.8879786239694709,0.9837187665828643,1.0,0.755990743637085,0.875763475894928,0.7488865852355957,0.380952380952381,0.11702127659574467,0.19576719576719576,0.8711181282997131,0.7300720810890198,0.7943828105926514,117,0.4588235294117647,0.5121951219512195,0.7426787416140238,0.6813691258430481,0,1,1,0,0,0,What are the symptoms of Sleep Apnea ?,Respiratory,"The symptoms of obstructive and central sleep apneas overlap, making it difficult to determine which type you have. The most common symptoms of obstructive sleep apnea include loud snoring, episodes where you stop breathing during sleep (which would be reported by another person), gasping for air during sleep, awakening with a dry mouth, morning headaches, difficulty staying asleep, known as insomnia, excessive daytime sleepiness, known as hypersomnia, difficulty paying attention while awake, irritability, and loud snoring can also indicate a potentially serious problem, but not everyone who has sleep apnea snores. It's important to talk to your healthcare provider if you have symptoms of sleep apnea or any sleep problem that leaves you fatigued, sleepy, and irritable."
0.660659929116567,0.6878493428230286,0.6639085014661154,0.6859778761863708,0.2157406210899353,0.7176540553279761,1.3309087309352872,0.9961788538607299,1.0,0.6859778761863708,0.7429497838020325,0.7205346822738647,0.32671081677704195,0.12416851441241683,0.21633554083885212,0.8569281697273254,0.7489540576934814,0.7993112206459045,141,0.4462025316455696,0.3170731707317073,0.5558810035387675,0.4195541739463806,1,1,1,0,0,0,What is (are) Colorectal Cancer ?,Gastrointestinal,"Colorectal cancer, also known as colon cancer or rectal cancer, is a type of cancer that starts in the lining of the colon or rectum. It affects both the colon and the rectum, which are parts of the digestive system responsible for processing food waste. The exact cause of colorectal cancer is not fully understood, but genetic factors, lifestyle choices, and environmental exposures play significant roles in its development.

The disease typically starts with the growth of abnormal cells in the colon or rectum, which may be detected through various means such as routine screenings, fecal occult blood test, colonoscopy, and imaging studies like CT scan. If left untreated, colorectal cancer can lead to advanced stages including metastasis, making treatment strategies more challenging. Early detection and management of colorectal cancer through regular health check-ups and appropriate treatment options significantly improve outcomes."
0.6438605586687723,0.6637904644012451,0.6250394781430563,0.6469606161117554,0.2880134781201681,0.2101153588007905,0.5421729994540816,0.9952256560112864,1.0,0.6469606161117554,0.6681991815567017,0.6747599840164185,0.2280373831775701,0.0300187617260788,0.11962616822429906,0.8171111345291138,0.7505398988723755,0.782412052154541,157,0.4109947643979058,0.2765957446808511,0.6448271907866001,0.4874824583530426,1,1,1,0,0,0,Who is at risk for Diabetes? ?,Endocrine/Metabolic,"Risk factors for Type 1 Diabetes:

Family History: People with a family member who has Type 1 diabetes tend to have a slightly higher risk of developing the condition.
Genetics: Having specific genetic markers linked to Type 1 diabetes increases the risk of developing this type of diabetes.
Geography: The prevalence of Type 1 diabetes varies across different geographical locations, particularly as one moves further away from the equator.
Age: Type 1 diabetes can start at any age, but it typically appears later in adulthood.
Inactivity: Engaging in sedentary behavior increases the risk of Type 1 diabetes.
Race/Ethnicity: Certain populations like Black, Hispanic, and American Indian individuals have been found to have a higher incidence of Type 1 diabetes.
Smoking: Regular smoking habits can lead to an increased risk of complications due to diabetes and heart diseases.

Risk factors for Prediabetes:

Red Meat and Processed Meat Consumption: Eating a diet rich in these foods can increase the"
0.6113176345825195,0.6252764463424683,0.49770935376485187,0.5242180228233337,0.18194448947906494,0.029483409335477384,0.03228676506386834,0.9748089425530011,0.3333333333333333,0.5242180228233337,0.641467273235321,0.7966912388801575,0.22623345367027675,0.06996381182147164,0.12033694344163659,0.8454207181930542,0.7975296974182129,0.8207772374153137,159,0.2362555720653789,0.3191489361702128,0.4856938421726227,0.16206791996955872,3,1,1,0,0,0,What causes Causes of Diabetes ?,Endocrine/Metabolic,"Diabetes can be caused by several factors, including:

  * Insulin Resistance: When the body becomes resistant to the effects of insulin, it no longer responds effectively to its actions. This can occur as a result of obesity, physical inactivity, poor diet, or certain medications.
  * Heredity: Diabetes can run in families, especially if one parent has diabetes or if both parents have had family history of diabetes.
  * Genetic Factors: Certain genetic mutations can cause an increased risk of developing diabetes, such as mutations in genes that regulate metabolism or insulin production.
  * Weight Gain: Being overweight or obese can increase the risk of developing diabetes because it puts additional stress on the body's organs and systems, including the pancreas and the liver.
  * Poor Diet: Eating too many carbohydrates, sugary drinks, and processed foods can raise blood glucose levels, increasing the risk of developing diabetes.
  * Infections: Certain infections, such as those of the kidney or the eyes,"
0.6255042354265848,0.6447572112083435,0.5695127844810486,0.6329952478408813,0.25943311055501306,0.3848423925876216,0.7145350343816242,0.9392734853827779,1.0,0.6329952478408813,0.7449105978012085,0.7181458473205566,0.3069767441860465,0.06572769953051644,0.1488372093023256,0.8372950553894043,0.8796124458312988,0.8579322099685669,142,2.0,0.625,0.21106055422740824,-0.09235211461782455,14,1,1,0,0,0,What are the treatments for COPD ?,Respiratory,"There are several treatment options available for patients with chronic obstructive pulmonary disease (COPD):

1. Medications: These medications help manage symptoms such as shortness of breath, cough, and chest congestion.
2. Pulmonary Rehabilitation: This therapy helps improve lung function and exercise tolerance.
3. Smoking Cessation Programs: Quitting smoking is crucial for managing COPD and improving outcomes.
4. Oxygen Therapy: High-flow oxygen therapy can help improve oxygen saturation levels when other treatments fail.
5. Lifestyle Changes: Encouraging patients to avoid triggers like pollution, allergens, and tobacco smoke can reduce symptoms and progression.
6. Mechanical Ventilation: In severe cases, mechanical ventilation or respirators may be necessary.
7. Bronchodilators: These drugs relax the muscles around the airway, allowing easier breathing.
8. Antihistamines: Used to treat symptoms related to allergic rhinitis or asthma.

It's important to note that the specific treatment plan will depend on each"
0.598154604434967,0.6878493428230286,0.5418080786863962,0.7059736251831055,0.297293484210968,0.5164433584424111,0.8611433775688513,1.0,0.3333333333333333,0.7059736251831055,0.6445680260658264,0.7747241258621216,0.3364485981308411,0.07619047619047617,0.18691588785046728,0.8617393374443054,0.867579460144043,0.8646495342254639,49,0.8596491228070176,0.2222222222222222,0.6256566842397054,0.6082736253738403,0,1,1,0,0,0,What is (are) Colorectal Cancer ?,Gastrointestinal,"Colorectal cancer refers to two different types of cancer that begin in either the colon or rectum. It's also sometimes referred to as ""colonic cancer"" or ""rectal cancer."" The term includes both colon cancer and rectal cancer, as these cancers often start in different parts of the digestive tract."
0.6448498169581095,0.663600742816925,0.5938378771146139,0.6291689872741699,0.24126760164896643,0.6629545396062221,1.192056977917054,0.9842851382714042,1.0,0.6291689872741699,-0.01895724982023239,0.10995344817638397,0.0,0.0,0.0,0.8174730539321899,0.7604327201843262,0.7879218459129333,1,0.014925373134328358,0.0,0.12794150412082672,0.12794150412082672,1,1,1,0,0,0,Who is at risk for Urinary Tract Infections in Children? ?,Kidney/Renal,Women
0.6311697562535604,0.6848328113555908,0.5230290691057841,0.5472702383995056,0.28280570109685266,0.12409111909463848,0.13404334243830504,0.9840790261841644,0.6666666666666666,0.5472702383995056,0.6280065178871155,0.7062379717826843,0.21001221001221002,0.0587515299877601,0.11477411477411478,0.8269505500793457,0.7645984888076782,0.7945531010627747,141,0.20950965824665677,0.34,0.2278616912662983,-0.10231894254684448,14,1,1,0,0,0,What causes Causes of Diabetes ?,Endocrine/Metabolic,"Diabetes can be caused by several factors, including:

1. **Insulin Resistance**: The body's cells become less responsive to insulin, leading to increased glucose production by the liver and kidneys.
2. **Genetics**: Certain genetic variations can contribute to the development of diabetes.
3. **Weight Loss**: Losing too much weight quickly can disrupt hormonal balance and cause insulin resistance.
4. **Age**: The risk of developing diabetes increases with age.
5. **Hormonal Imbalances**: Hormonal imbalances such as those due to thyroid disorders or polycystic ovarian syndrome (PCOS) can affect insulin sensitivity.
6. **Physical Activity**: Regular physical activity helps improve insulin sensitivity and reduce the risk of diabetes.
7. **Smoking**: Smoking can cause oxidative stress that damages blood vessels and impairs insulin action.
8. **Eating Habits**: Unhealthy eating habits, especially a diet rich in sugary drinks, processed foods, and refined carbohydrates, can lead to insulin"
0.7466606299082438,0.7869983911514282,0.6140396396319071,0.6703341603279114,0.14453705151875818,0.108897129190134,0.12247034731002136,0.9550027910996838,1.0,0.6703341603279114,0.4870086908340454,0.6788784861564636,0.21238938053097342,0.0,0.09734513274336283,0.8165398240089417,0.8578720092773438,0.8366957902908325,144,1.87012987012987,0.14285714285714285,0.22813797635691507,-0.12171861529350281,12,1,1,0,0,0,How to diagnose COPD ?,Respiratory,"To diagnose chronic obstructive pulmonary disease (COPD), healthcare providers use several diagnostic tests. These tests help determine whether someone has COPD, how severe it is, and what type they have.

1. **Pulmonary Function Tests (PFTs):** These tests measure the amount of oxygen your body can absorb from the air and how efficiently your lungs move air through them. They're usually done using spirometry or dynamic imaging techniques.
2. **Bronchoscopy:** In this procedure, a thin, flexible tube with a camera on the end is inserted down the throat to look into the bronchial tubes. It's useful for diagnosing COPD because it helps see if there's any narrowing or inflammation inside the airways.
3. **X-rays:** X-rays can show areas where the lungs might be narrowed or inflamed.
4. **CT Scan:** CT scans can help visualize any blockages in the airways or other abnormalities.
5. **Blood Tests:**"
0.737613836924235,0.7730281352996826,0.7771712144215902,0.8079707622528076,0.23909022410710656,0.3952370537311301,0.8801865010226005,0.973445833389354,1.0,0.8079707622528076,0.864175021648407,0.7943457961082458,0.2832618025751073,0.12987012987012989,0.2060085836909871,0.8911066055297852,0.8415970206260681,0.8656444549560547,59,0.34104046242774566,0.4,0.5905071496963501,0.45945191383361816,1,1,1,0,0,0,What is (are) Celiac Disease ?,Gastrointestinal,"Celiac Disease is an autoimmune disorder characterized by damage to the small intestine caused by eating foods containing gluten, which is a protein found in wheat, barley, rye, and other grains. This damage leads to malabsorption, making it difficult for the body to get necessary nutrients, causing symptoms such as abdominal pain, bloating, diarrhea, weight loss, fatigue, and anemia."
0.4225098292032878,0.4411316514015198,0.3400200804074605,0.3937097191810608,0.5095667392015457,0.40010041046333683,0.9725093186271427,1.0,0.0,0.3937097191810608,0.501629114151001,0.7506451606750488,0.2894736842105263,0.05960264900662252,0.17763157894736845,0.8489651679992676,0.8436369895935059,0.8462926745414734,143,0.89375,0.18518518518518517,0.2008256921544671,-0.07627866417169571,16,0,1,0,0,1,Who is at risk for Cataract? ?,Unrelated,"The risk factors for cataracts include:

1. Age: The chances of developing cataracts increase as people get older.
2. Genetic: There may be an increased risk if one or both parents had cataracts.
3. Exposure to UV rays from the sun: Long-term exposure to ultraviolet (UV) radiation increases the risk of cataracts.
4. Eye injuries or trauma: Any injury to the eye, particularly to the retina or optic nerve, can increase the risk of developing cataracts later in life.
5. Diabetes: People with diabetes have a higher chance of developing cataracts compared to those without diabetes.
6. Smoking: Smoking has been linked to an increased risk of cataracts.
7. Poor diet: A diet rich in antioxidants may reduce the risk of cataracts.
8. Family history: If there is a family history of cataracts, there is also a higher chance of developing them yourself."
0.7027013897895813,0.7231941819190979,0.5783528486887614,0.6365160346031189,0.20851961771647132,0.38291877499342214,0.6913212193768083,0.9519807558096881,1.0,0.6365160346031189,0.7596989274024963,0.7354399561882019,0.14743589743589744,0.06109324758842443,0.09615384615384615,0.8745602369308472,0.7406772375106812,0.802070140838623,62,0.113345521023766,0.2857142857142857,0.41241391003131866,0.11805778741836548,3,1,1,0,0,0,How to diagnose Cystic Fibrosis ?,Respiratory,"Cystic fibrosis (CF) can be diagnosed by genetic testing, especially if there is a family history of the disease. Genetic testing involves collecting saliva samples from the mouth or taking a small sample from the skin. The results will tell whether the person has inherited the gene mutation responsible for CF. This genetic test helps in determining the likelihood of developing CF."
0.7031611998875936,0.7178362011909485,0.4416176478068034,0.4608406126499176,0.21325121323267615,0.15401595770601556,0.1950898632157484,0.9813438085610188,0.0,0.4608406126499176,0.5194172263145447,0.6882968544960022,0.2591093117408907,0.024489795918367346,0.1376518218623482,0.8043456077575684,0.8072670698165894,0.8058037161827087,145,1.3679245283018868,0.24242424242424243,0.40702261202610457,-0.07617375254631042,6,1,1,0,0,0,Who is at risk for Osteoporosis? ?,Endocrine/Metabolic,"Osteoporosis is a condition that affects bones and causes them to become weak and brittle over time. It is not entirely clear why some individuals are at higher risk for developing osteoporosis than others. However, it has been found that several risk factors can increase an individual's risk of osteoporosis:

1. Age: As we age, our bones lose density and become more prone to fractures.
2. Race: Menstrual cycle: Women are more likely to develop osteoporosis than men.
3. Lifestyle: Sedentary lifestyles and poor nutrition can contribute to osteoporosis.
4. Medical Conditions: Certain diseases like celiac disease, inflammatory bowel disease, kidney or liver disease, multiple myeloma, rheumatoid arthritis, and smoking can increase the risk of osteoporosis.
5. Hormonal Changes: Reduced sex hormone levels during menopause and after menopause increases the risk of osteoporosis.

It's important to note that although these risk factors are associated with"
0.5228727658589681,0.5462327003479004,0.46716200311978656,0.5920302271842957,0.5527593791484833,0.3044702202623802,0.336121384153845,1.0,0.3333333333333333,0.5920302271842957,0.7383310198783875,0.7383801341056824,0.2571428571428572,0.057692307692307696,0.16190476190476188,0.8245449066162109,0.8079990148544312,0.8161880970001221,133,1.6835443037974684,0.4166666666666667,0.20550284076195496,-0.1300923228263855,12,1,1,0,0,0,What are the complications of Wilson Disease ?,Endocrine/Metabolic,"Wilson's disease can lead to several serious complications if left untreated, including:

1. Liver damage: Over time, the accumulation of copper can damage the liver, leading to cirrhosis and eventually liver failure.

2. Kidney damage: Copper in the body can accumulate in the kidneys, causing kidney stones, glomerular injury, and chronic tubulointerstitial nephritis.

3. Neurological problems: Wilson's disease increases the risk for neurological disorders such as dementia, Parkinson’s disease, and other neurodegenerative diseases.

4. Skin problems: The skin can become discolored due to the accumulation of copper. It can also develop scarring or changes in pigmentation.

5. Heart problems: Copper build-up in the heart valves can cause valve stenosis and mitral regurgitation, leading to arrhythmias, hypertension, and endocarditis.

6. Gastrointestinal issues: The accumulation of copper in the gallbladder can lead to biliary cirrh"
0.6310644547144572,0.6576657295227051,0.5188585619131724,0.6558051109313965,0.19664229949315393,0.009771938623371315,0.016815697393698665,0.9223847677569528,0.3333333333333333,0.6558051109313965,0.5646507740020752,0.6940571665763855,0.2875399361022364,0.05787781350482315,0.1405750798722045,0.8637300729751587,0.8007798790931702,0.8310645818710327,81,0.34913793103448276,0.30612244897959184,0.5897885113954544,0.4734838604927063,1,1,1,0,0,0,Who is at risk for Gout? ?,Musculoskeletal,"People who have high levels of uric acid in their bodies are at an increased risk of developing gout. This includes individuals who consume foods and drinks that increase uric acid production, such as red meat and shellfish, as well as alcohol. It's also associated with certain medical conditions like high blood pressure and weight-related issues. In addition, specific medications like low-dose aspirin and those used to manage hypertension may increase the risk due to their effects on uric acid metabolism."
0.48606249690055847,0.5507835745811462,0.48565740386645,0.563917875289917,0.4756801724433899,0.5626732253992617,0.7595000070216167,1.0,0.3333333333333333,0.563917875289917,0.8937879204750061,0.8119434118270874,0.46625766871165647,0.12422360248447206,0.22085889570552147,0.8623898029327393,0.8575054407119751,0.8599406480789185,98,1.3424657534246576,0.5833333333333334,0.286376491189003,0.09018884599208832,3,0,1,0,0,1,What are the symptoms of Endometrial Cancer ?,Unrelated,"The symptoms of endometrial cancer can vary depending on the stage and location of the tumor. However, some common symptoms include:

- Heavy menstrual bleeding (often heavy enough to cause iron deficiency anemia)
- Menstrual flow after menopause
- Painful periods or spotting between cycles
- Pelvic pain or bloating
- Unexplained vaginal bleeding or discharge

It's important to note that these symptoms can also be associated with other conditions, so it's crucial to consult with a healthcare provider if you experience any unusual changes in your menstrual cycle. Early detection and treatment are key to improving outcomes."
0.6568170587221781,0.6715453267097473,0.615717609723409,0.6440053582191467,0.21117148796717322,0.07572736708353053,0.08223254498154475,1.0,1.0,0.6440053582191467,0.8090695142745972,0.7347073554992676,0.3574468085106383,0.034334763948497854,0.15319148936170213,0.8332302570343018,0.8762791156768799,0.8542127013206482,149,1.7529411764705882,0.6363636363636364,0.28241544335403224,0.017299722880125046,7,1,1,0,0,0,How to diagnose Stroke ?,Neurological,"Diagnosing a stroke involves evaluating symptoms and signs that indicate brain damage from blood clots or blocked arteries. It typically includes:

1. **Physical examination**: Doctors will examine the patient for any signs of neurological damage such as confusion, slurred speech, difficulty with movement, or loss of balance.

2. **Medical history**: Collecting information about the patient’s health, including any previous strokes, blood pressure readings, heart disease, diabetes, and recent changes in medication use.

3. **Diagnostic imaging**: Depending on the location and severity of the stroke, imaging tests like MRI, CT scan, or angiography might be recommended to provide detailed images of the brain and assess blood flow and blockages.

4. **Blood tests**: Tests such as complete blood count (CBC) and clotting profile might be performed to check for any underlying conditions that could lead to a stroke.

5. **Electroencephalogram (EEG)**: An EEG is used to measure electrical activity in the"
0.6517720818519592,0.731745719909668,0.716009259223938,0.7699754238128662,0.3035784959793091,0.43058406283723855,0.9087131403870252,0.9845688208502562,1.0,0.7699754238128662,0.8805397152900696,0.8492035865783691,0.2568306010928962,0.06043956043956044,0.15300546448087432,0.8674296140670776,0.7946640253067017,0.8294539451599121,73,0.24914675767918087,0.4,0.40399538228909176,0.1970866471529007,4,1,1,0,0,0,How to prevent Heart Attack ?,Cardiovascular,"To prevent a heart attack, it is important to follow a healthy lifestyle that includes:

  * Avoid smoking.
  * Maintain a healthy weight with a heart-healthy diet.
  * Exercise regularly and manage stress.
  * Manage other health conditions, such as hypertension and diabetes, which can increase the risk of heart attacks.
  * Take prescribed medications as directed by healthcare providers.
  * Regularly schedule appointments with your healthcare provider for check-ups and necessary screenings."
0.7207664052645365,0.7455325722694397,0.4737700819969177,0.5315406322479248,0.21244039138158166,0.3063380887322089,0.6515288168415535,0.9679334392892411,0.6666666666666666,0.5315406322479248,0.7347589731216431,0.6936179399490356,0.23972602739726026,0.0274914089347079,0.11643835616438357,0.8374215960502625,0.7526118755340576,0.7927548885345459,155,0.34598214285714285,0.41304347826086957,0.23551059008709022,-0.046861469745635986,12,1,1,0,0,0,What to do for Polycystic Kidney Disease ?,Kidney/Renal,"For individuals diagnosed with polycystic kidney disease (PKD), managing their health and lifestyle can significantly impact their quality of life. Key strategies include:

1. **Maintaining a Healthy Weight** - Obesity increases the risk of both hypertension and kidney stone formation. Regular exercise helps maintain a healthy weight.
2. **Regular Physical Activity** - Engaging in activities like walking, swimming, or cycling can improve cardiovascular health and reduce the risk of complications related to kidney stones and hypertension.
3. **Balanced Diet** - Consuming a diet rich in fruits, vegetables, and whole grains can provide essential nutrients while reducing sodium intake.
4. **Blood Pressure Management** - Monitoring and managing blood pressure through medication and lifestyle changes is crucial for preventing further kidney damage and associated complications.
5. **Weight Management** - Losing weight if necessary can also reduce the risk of hypertension and potentially slow the progression of PKD.
6. **Nutrition** - Ensuring adequate intake of vitamins, minerals, and"
0.5957366426785787,0.6034035682678223,0.5243210196495056,0.6255946159362793,0.3870249390602112,0.03504671611958799,0.04170826426360735,1.0,0.6666666666666666,0.6255946159362793,0.666182816028595,0.8141995072364807,0.24409448818897636,0.023715415019762844,0.13385826771653545,0.8265941143035889,0.8168892860412598,0.8217130303382874,149,0.4257142857142857,0.375,0.3225524921647527,-0.026859860867261887,7,1,1,0,0,0,How to prevent Diabetes ?,Endocrine/Metabolic,"To prevent type 2 diabetes, several strategies can be implemented:

1. **Maintain a Healthy Lifestyle**: Eating a balanced diet rich in fruits, vegetables, lean proteins, and whole grains while limiting processed foods, added sugars, and saturated fats can help regulate blood glucose levels.

2. **Regular Exercise**: Engage in regular physical activity, aiming for at least 150 minutes per week of moderate-intensity aerobic exercise or 75 minutes per week of vigorous-intensity aerobic exercise.

3. **Lifestyle Changes**: Maintain a healthy weight through a balanced diet and regular physical activity. Avoid smoking and excessive alcohol consumption, which can worsen diabetes complications.

4. **Control Blood Sugar Levels**: Regularly monitor blood sugar levels by taking medications prescribed by healthcare providers, adhering to dietary guidelines, and participating in educational programs about managing diabetes.

5. **Preventative Care**: Consider preventive measures like screening for pre-diabetes and early detection of diabetes to catch it before it becomes serious"
0.6510712305704752,0.6642749309539795,0.7143115202585856,0.7797061204910278,0.29695743322372437,0.14698033791332554,0.1797448966466655,0.965956363787469,1.0,0.7797061204910278,0.786091685295105,0.6951729655265808,0.28205128205128205,0.10344827586206898,0.17948717948717946,0.9097174406051636,0.8343929052352905,0.8704285621643066,52,0.28415300546448086,0.20930232558139536,0.5103969971338908,0.37372052669525146,1,1,1,0,0,0,What is (are) Meningitis ?,Neurological,"Meningitis is a type of inflammation that affects the protective membranes surrounding the brain and spinal cord. It can occur due to various reasons, including viruses, bacteria, fungi, and parasites. It's important to receive prompt medical attention if you suspect or experience symptoms of meningitis, as it can lead to serious complications."
0.6595279971758524,0.6781356334686279,0.6501315434773763,0.6622393131256104,0.18920040130615234,0.18824918514177666,0.5253559646414035,1.0,1.0,0.6622393131256104,0.6957514882087708,0.754254937171936,0.22553191489361699,0.05555555555555555,0.11914893617021279,0.8443280458450317,0.786220371723175,0.8142387866973877,96,0.2532981530343008,0.5,0.6119310061136881,0.36843717098236084,1,1,1,0,0,0,Who is at risk for Atrial Fibrillation? ?,Cardiovascular,"The following individuals are at risk for Atrial Fibrillation:

- Age: As age increases, the risk of AFib increases.
- Lifestyle habits: Alcohol consumption, smoking, and illegal drug use can increase the risk.
- Risk factors:
  - Age
  - Caffeine, nicotine, or illegal drug use
  - High blood pressure
  - Chronic kidney disease
  - Lung disease
  - Sleep apnea
  - Diabetes
  - Heart failure
  - Some heart valve diseases
  - Some medicines and supplements
  - Thyroid disease
  - Overactive thyroid gland

These factors contribute to the increased risk of developing AFib, which can cause irregular heartbeats."
0.608507513999939,0.6605328917503357,0.6814839045206705,0.7986340522766113,0.3322679400444031,0.04288446648703056,0.04975807439933308,0.9403256866685682,1.0,0.7986340522766113,0.8364357948303223,0.7282139658927917,0.35398230088495575,0.09821428571428571,0.18584070796460175,0.8453316688537598,0.8514487743377686,0.8483791947364807,147,1.7294117647058824,0.7142857142857143,0.2937719893331329,-0.07785464823246002,8,1,1,0,0,0,What to do for Gallstones ?,Gastrointestinal,"For individuals with gallstones, managing their condition involves several key strategies:

1. **Weight Management**: Reducing caloric intake and increasing physical activity can help reduce the risk of stones forming, and once you've achieved a healthy weight, continue maintaining it through a balanced diet and regular exercise.

2. **Healthy Lifestyle Changes**:
   - Regular physical activity helps maintain a healthy weight and reduces stone formation.
   - Eating a balanced diet rich in fruits, vegetables, whole grains, lean proteins, and low-fat dairy products can support overall health.
   - Limiting alcohol consumption can decrease the risk of gallstone formation.
   
3. **Lifestyle Factors**:
   - Quitting smoking significantly decreases the risk of developing gallstones.
   - Avoidance of certain foods, especially high-fat meals and fried food, can prevent stone formation.
   - Managing stress levels through relaxation techniques like yoga or meditation may also help.

4. **Medication Management**:
   - Some people might need medications to"
0.40814610322316486,0.4196348488330841,0.3348115185896556,0.3763812780380249,0.6300316154956818,0.15525245405417765,0.20817495728445085,1.0,0.0,0.3763812780380249,0.48837780952453613,0.7508886456489563,0.1288782816229117,0.020717131474103586,0.07000795544948289,0.8189078569412231,0.8079013228416443,0.8133673667907715,147,0.13172043010752688,0.24,0.15501561287480095,-0.05133422091603279,12,0,1,0,0,1,How to diagnose Anxiety Disorders ?,Unrelated,"Anxiety disorders can be diagnosed through a variety of methods, including:

1. **Clinical interview**: This involves discussing a person's symptoms, behaviors, and personal history to determine whether they meet criteria for an anxiety disorder.
2. **Psychological assessment**: This includes measuring cognitive functions like memory, attention, and problem-solving abilities; emotional responses (e.g., sadness, anger, fear); and social skills and functioning.
3. **Physical examination**: Sometimes, medical professionals might need to perform tests related to physical health to rule out other conditions that could mimic anxiety.
4. **Psychometric testing**: Instruments like the Beck Depression Inventory (BDI) or the Hamilton Anxiety Rating Scale (HAM-A) can help assess specific anxiety-related symptoms.
5. **Symptom checklist**: Using standardized checklists, clinicians can evaluate the presence and severity of anxiety symptoms without requiring interviews or assessments.
6. **Interview with family members or friends**: Sometimes, asking someone else about their experiences can provide insight into a person"
0.5555578072865804,0.5907003879547119,0.5880949298540751,0.6514109373092651,0.28846011559168494,0.714584530475871,1.4205555089900943,0.998556819264692,1.0,0.6514109373092651,0.7871987819671631,0.7966828346252441,0.239813736903376,0.058343057176196034,0.1187427240977881,0.8524361848831177,0.8205691576004028,0.836199164390564,161,0.2309899569583931,0.4375,0.24587341224153836,-0.04318185895681381,14,1,1,0,0,0,What are the treatments for Colorectal Cancer ?,Gastrointestinal,"The main treatments for colorectal cancer, also known as colon cancer, include:

1. Surgery: Depending on the location of the tumor, surgical removal (resection) may be recommended.
2. Radiation therapy: This treatment uses high-energy beams to destroy cancer cells by killing or damaging them before they divide and grow.
3. Chemotherapy: This treatment uses drugs that kill rapidly dividing cells, including cancerous cells. It can help shrink tumors and prevent their growth.
4. Immunotherapy: This approach works by boosting the immune system to recognize and attack cancer cells. It often involves monoclonal antibodies that target specific proteins found on the surface of cancer cells.
5. Targeted Therapy: This type of treatment targets specific proteins or genes that cancer cells use to grow and spread. It aims to stop or slow down the growth of cancer cells without harming healthy cells.

These treatments might vary depending on the stage of the cancer, its location, the person's overall health, and other factors. It"
0.565394937992096,0.5851671695709229,0.5356565713882446,0.5683989524841309,0.3357935746510824,0.33288130549763556,0.831995895560294,1.0,0.6666666666666666,0.5683989524841309,0.7080944776535034,0.7074975967407227,0.30303030303030304,0.05102040816326531,0.19191919191919193,0.8509578704833984,0.8441890478134155,0.847559928894043,106,1.1521739130434783,0.2727272727272727,0.5042756572365761,0.09613330662250519,2,1,1,0,0,0,What is (are) Hemorrhoids ?,Gastrointestinal,"Hemorrhoids are enlarged, dilated veins in the inner lining of the anal canal, located near the rectum. They are usually painless but may cause discomfort, itching, or bleeding during bowel movements. Hemorrhoids are common and often treatable conditions that affect millions of people worldwide. The exact cause of hemorrhoids is not well understood, but some factors that may contribute to their development include chronic straining during bowel movements, obesity, pregnancy, and prolonged sitting or standing. Hemorrhoids can vary in severity, ranging from mild irritation and occasional bleeding to severe swelling and difficulty defecating. Treatment options typically involve lifestyle changes, topical creams, and in severe cases, surgery."
0.6792711019515991,0.701805830001831,0.5979452729225159,0.6403781175613403,0.15050172805786133,0.10402929866975004,0.4372252143528251,1.0,1.0,0.6403781175613403,0.836006760597229,0.6866634488105774,0.40129449838187703,0.10423452768729641,0.22006472491909385,0.8414109945297241,0.8575405478477478,0.849399209022522,146,0.8795180722891566,0.4117647058823529,0.23107205176105103,-0.06588035821914673,10,1,1,0,0,0,How to diagnose Heart Failure ?,Cardiovascular,"Heart failure can be diagnosed through various methods including:

1. **Physical examination**: Healthcare providers examine the patient for signs of heart failure such as swelling, shortness of breath, fatigue, and difficulty exercising.
   
2. **Echocardiogram (Echo)**: This test uses sound waves to create pictures of the heart muscle and valves. It helps doctors assess the function of the heart and its chambers.
   
3. **Cardiac catheterization**:
   - This procedure involves inserting a thin, flexible tube into a vein near the groin and then passing it down to the heart. The doctor uses special equipment to look inside the heart and view how the heart muscle works.
   
4. **Blood tests**:
   - Blood tests can check levels of certain proteins that indicate the health of the heart muscle, liver, and kidneys.
   
5. **Electrocardiogram (ECG)**: An ECG measures electrical activity within the heart and can reveal abnormalities that could indicate heart"
0.6167152126630148,0.6514464020729065,0.6558496753374735,0.7225490808486938,0.31962980826695764,0.4794471247227661,0.8171411606903856,1.0,1.0,0.7225490808486938,0.8537716865539551,0.7727324962615967,0.3655913978494624,0.02173913043478261,0.15053763440860213,0.8179541826248169,0.8711168766021729,0.8436989188194275,143,2.508771929824561,0.625,0.37855230106247795,0.10334800183773041,6,1,1,0,0,0,What are the symptoms of Diabetes ?,Endocrine/Metabolic,"The symptoms of Diabetes can vary depending on the type of Diabetes (type 1 or type 2) but generally include:

- **Sudden changes in thirst** - Feeling more thirsty than normal.
- **Increased urination** - Experiencing frequent bathroom visits at night.
- **Excessive hunger** - Consuming large amounts of food despite feeling full.
- **Loss of weight** - Losing weight even when maintaining a healthy eating pattern.
- **Fatigue** - Feeling tired all the time, even after getting plenty of rest.
- **Nervousness or irritability** - Being easily upset or irritable.
- **Dry eyes or blurred vision** - Symptoms that could indicate diabetic retinopathy.
- **Slow-healing sores** - Swelling, redness, or discoloration on the skin, especially around the mouth or throat.

In addition to these signs, type 1 diabetes patients might also experience symptoms related to low blood sugar levels, such as shaking"
0.6511516769727071,0.7096049785614014,0.6988194584846497,0.7683429718017578,0.29941936333974206,0.19070168298337462,0.23028521685080805,0.9922142377754414,1.0,0.7683429718017578,0.7380931973457336,0.8225660920143127,0.16414141414141414,0.05063291139240507,0.11111111111111112,0.847507655620575,0.8118091821670532,0.8292744755744934,117,0.17620481927710843,0.4489795918367347,0.22332699868517616,-0.035687558352947235,9,1,1,0,0,0,How to prevent Alzheimer's Disease ?,Neurological,"To prevent Alzheimer's disease:

1. Make lifestyle changes: Engage in regular physical activity, maintain a healthy diet, and engage in social activities.
2. Lower cardiovascular risk factors: Exercise regularly, eat a balanced diet rich in fruits, vegetables, and whole grains, and avoid smoking.
3. Consider medication: Talk to your healthcare provider about medications that may help manage symptoms or slow progression of Alzheimer's.
4. Monitor health conditions: Regular check-ups with a healthcare professional can help identify any health risks early and provide necessary interventions.
5. Stay informed: Keep up-to-date with the latest research findings and guidelines for preventing Alzheimer's disease.
6. Support caregivers: Encourage family members and friends to provide emotional support and assistance during caregiving tasks."
0.6978441079457601,0.7526971101760864,0.7679799397786459,0.8238838315010071,0.2508322596549988,0.19183733998667848,0.23757002004226327,0.969023063156258,1.0,0.8238838315010071,0.7946634292602539,0.8101975321769714,0.2923076923076923,0.08527131782945736,0.2230769230769231,0.8694131374359131,0.8468078374862671,0.8579615950584412,92,0.5542168674698795,0.42857142857142855,0.42672648280858994,0.14519892632961273,3,1,1,0,0,0,What is (are) Rheumatoid Arthritis ?,Musculoskeletal,"Rheumatoid arthritis is an autoimmune disorder characterized by inflammation and destruction of synovial lining of joints, causing pain, swelling, stiffness, and limited range of motion. It affects multiple joints throughout the body, including the fingers, wrist, knee, ankle, hip, and spine. This disease can lead to complications such as bone erosion, deformities, and joint disability. Diagnosis typically involves laboratory tests, imaging studies, and clinical examination. Treatment options include nonsteroidal anti-inflammatory drugs, corticosteroids, biologics, physical therapy, and sometimes surgical intervention. Management aims at minimizing symptoms, preventing joint damage, and improving quality of life."
0.5220883091290792,0.5536748170852661,0.42026690642038983,0.4572659730911255,0.460715134938558,0.23123859482605583,0.27697058001221647,0.95001629236794,0.0,0.4572659730911255,0.7151854038238525,0.7712221741676331,0.17337461300309598,0.024922118380062308,0.11764705882352941,0.8645230531692505,0.8146675825119019,0.8388552069664001,60,0.22058823529411764,0.11627906976744186,0.37673912942409515,0.24816694855690002,4,1,1,0,0,0,What to do for Kidney Dysplasia ?,Kidney/Renal,"Kidney dysplasia is not a common condition, but it can be managed if symptoms are present. Treatment options typically include medication and lifestyle changes. It's important to work closely with a healthcare provider to determine the best course of action based on individual needs and circumstances. If you suspect you have kidney dysplasia, it's crucial to seek prompt medical attention."
0.6923439105351766,0.7087218761444092,0.6924073100090027,0.7164599299430847,0.194465716679891,0.09897617501224769,0.4322519718022082,0.9968022096693109,1.0,0.7164599299430847,0.6919717192649841,0.8123629093170166,0.28124999999999994,0.042105263157894736,0.15625,0.8400760889053345,0.873847246170044,0.856628954410553,124,1.8507462686567164,0.3684210526315789,0.2051034513051095,-0.10858853906393051,20,1,1,0,0,0,What are the symptoms of Rheumatoid Arthritis ?,Musculoskeletal,"The symptoms of Rheumatoid Arthritis (RA) include:

1. Painful, warm, swollen joints.
2. Joint stiffness that worsens in the morning and after periods of rest.
3. Fatigue, fever, and lack of appetite.
4. Inflammation affecting the small joints of the hands and feet.
5. Spread to other joints over time.
6. Nervous system involvement.
7. Increased joint pain during flare-ups.
8. Changes in the appearance and function of the affected joints.
9. Muscle weakness.
10. Heart problems, including inflammation of the heart valves (valvular heart disease).

These symptoms can lead to significant disability and impact daily life significantly. Treatment options aim to manage symptoms and prevent further joint destruction. Regular checkups by healthcare providers are crucial for monitoring the progression and effectiveness of treatments."
0.670154869556427,0.7249634265899658,0.5724591513474783,0.6982423067092896,0.3828873236974081,0.38167251965186,0.723962473990917,0.9148236090170481,0.6666666666666666,0.6982423067092896,0.7577572464942932,0.7912781238555908,0.3167587476979742,0.08872458410351201,0.18047882136279925,0.8577510714530945,0.7683279514312744,0.8105806708335876,145,0.35108958837772397,0.5319148936170213,0.22881097334126632,-0.0389791876077652,13,1,1,0,0,0,What are the complications of Ulcerative Colitis ?,Gastrointestinal,"The complications of Ulcerative Colitis (UC) include:

1. Severe Bleeding: This can occur due to inflammation of the lining of the large intestine (colon), leading to internal bleeding.
2. Severe Dehydration: The inflammatory process causes water loss from the body, which can lead to severe dehydration.
3. Loss of Red Blood Cells (Anemia): Due to inflammation, there may be decreased production of red blood cells, resulting in anemia.
4. Osteoporosis: The bones become weak because of bone loss caused by UC. This can result in fractures and pain, especially in the spine.
5. Skin, Joint, and Eye Inflammation: UC often affects the skin, joints, and eyes, causing inflammation that can be painful and affect daily life.
6. Colon Cancer Risk: People with UC have a significantly increased risk of developing colorectal cancer compared to the general population.
7. Vein and Artery Clotting: Chronic inflammation in"
0.7180912693341573,0.7705276012420654,0.7339831988016764,0.8191481232643127,0.24677540858586633,0.29496798938782576,0.7795817444169363,0.9823054152320806,1.0,0.8191481232643127,0.8115059733390808,0.7258396744728088,0.34210526315789475,0.05309734513274336,0.14035087719298245,0.8325304388999939,0.8717532157897949,0.8516904711723328,147,1.8375,0.4583333333333333,0.26095523263017334,-0.09307224303483963,11,1,1,0,0,0,How to prevent COPD ?,Respiratory,"To prevent Chronic Obstructive Pulmonary Disease (COPD), one should:

1. **Quit Smoking**: Smoking is the primary cause of COPD. Quitting smoking reduces the risk of developing the disease significantly.
2. **Get Vaccinated**: Vaccination against influenza and pneumococcal pneumonia helps reduce the likelihood of contracting these illnesses and their associated complications.
3. **Maintain Good Hygiene**: Avoiding close contact with people who have respiratory symptoms can prevent infection.
4. **Stay Informed About Risk Factors**: Being aware of potential risk factors like workplace exposures to chemicals can guide protective measures.
5. **Seek Professional Help**: If diagnosed with COPD, consulting with doctors and healthcare professionals regarding quitting smoking, medications, and lifestyle changes tailored to individual needs is crucial.
6. **Regular Physical Activity**: Engaging in regular physical activity can improve overall health and strengthen respiratory muscles, potentially reducing symptoms and slowing disease progression.
7. **Manage Stress**: Chronic stress has been shown to"
0.6477257609367371,0.678589403629303,0.7187755902608236,0.7755255699157715,0.2576970855394999,0.4288307419226159,1.0625866753001676,1.0,1.0,0.7755255699157715,0.807402491569519,0.7713483572006226,0.2727272727272727,0.11224489795918369,0.16161616161616163,0.8775246143341064,0.8375394940376282,0.8570659756660461,44,0.2857142857142857,0.24390243902439024,0.7707479000091553,0.7707479000091553,0,1,1,0,0,0,Who is at risk for Kidney Disease? ?,Kidney/Renal,"People with chronic kidney disease, such as hypertension, heart disease, being black, native american, or asian american, having abnormal kidney structure, frequent use of medications that can damage the kidneys, or family history of kidney disease are at an increased risk for kidney disease."
0.6978441079457601,0.7526971101760864,0.7848743796348572,0.8231716156005859,0.2508322596549988,0.19183733998667848,0.23757002004226327,0.9779471313367369,1.0,0.8231716156005859,0.7626477479934692,0.72104811668396,0.2738589211618257,0.07916666666666668,0.14522821576763487,0.8757815957069397,0.8340966701507568,0.8544310331344604,103,0.27320954907161804,0.48,0.5060007348656654,0.18326535820960999,2,1,1,0,0,0,What is (are) Rheumatoid Arthritis ?,Musculoskeletal,"Rheumatoid arthritis is a chronic autoimmune disorder characterized by inflammation of the joints, which can lead to pain, stiffness, and swelling. It primarily affects the small joints of the hands and feet but can affect other areas of the body as well. The exact cause of rheumatoid arthritis remains unknown, although there is evidence suggesting genetic factors, environmental triggers, and an inflammatory response play roles. People with rheumatoid arthritis may experience fatigue, weight loss, and joint deformities over time. Treatment options include medications like corticosteroids, biologic therapies, and nonsteroidal anti-inflammatory drugs. Regular physical therapy and lifestyle modifications are important for managing the condition."
0.41506194074948627,0.43026071786880493,0.255511815349261,0.30453652143478394,0.5208090047041576,0.26291779687067435,0.6099439039557694,0.91852340297344,0.0,0.30453652143478394,0.4345509111881256,0.7666151523590088,0.2278481012658228,0.0,0.10970464135021098,0.8167538642883301,0.824979841709137,0.8208462595939636,152,1.8313253012048192,0.34782608695652173,0.20142882131040096,-0.025823697447776794,13,1,1,0,0,0,What are the treatments for Balance Problems ?,Neurological,"Balancing problems can range from mild to severe and require different types of treatments depending on the underlying cause. Common treatments include:

1. **Physical Therapy**: This involves exercises designed to strengthen and stabilize the muscles around the area where balance problems are occurring.
2. **Occupational Therapy**: Helps individuals learn ways to adjust their environment to better support their ability to walk independently and perform daily tasks.
3. **Orthotics and Footwear**: Specialized shoes and orthotics (custom-made inserts) can provide additional support and stability for the feet and lower legs.
4. **Medication**: In some cases, medications like anticonvulsants or muscle relaxants may be prescribed to treat specific causes of balance problems.
5. **Surgery**: Depending on the underlying condition causing the balance problems, surgical interventions such as Botox injections into the foot to reduce tremors, or more serious conditions requiring joint replacement or even total hip or knee replacements, may be necessary.
6. **Vision Testing**:"
0.592149555683136,0.6803547739982605,0.6091286142667135,0.7454431653022766,0.4568381806214651,0.2225883129725743,0.2449506132398275,0.9125430958826187,1.0,0.7454431653022766,0.7596524357795715,0.7662084102630615,0.3009404388714734,0.06309148264984228,0.13793103448275862,0.8382357954978943,0.8103041648864746,0.8240333795547485,159,1.0127388535031847,0.41379310344827586,0.31552944806489075,-0.1244739219546318,6,1,1,0,0,0,How to prevent High Blood Pressure ?,Cardiovascular,"To prevent high blood pressure (hypertension), there are several key strategies that individuals can adopt:

1. **Healthy Lifestyle Changes**: Incorporating physical activity into your routine, maintaining a healthy weight, and reducing salt intake can be effective. Regular exercise has been shown to lower blood pressure, while a balanced diet rich in fruits, vegetables, whole grains, lean protein sources, and low-fat dairy products can contribute to better overall health.

2. **Limiting Alcohol Consumption**: Drinking alcohol in moderation, typically no more than one drink per day for women and up to two drinks per day for men, can help maintain normal blood pressure levels.

3. **Maintaining a Healthy Weight**: Being overweight or obese increases the risk of hypertension. Losing even small amounts of body weight can lead to significant reductions in blood pressure.

4. **Regular Medical Checks**: Regular check-ups, beginning at age 18, are crucial for monitoring blood pressure levels. These appointments should include discussions about lifestyle modifications and potential medication"
0.5359456042448679,0.6271251440048218,0.38048140207926434,0.44404029846191406,0.28262239694595337,0.3256639633503553,0.787572841528072,0.9626186321414932,0.0,0.44404029846191406,0.6095232963562012,0.6689186692237854,0.3013698630136986,0.05555555555555555,0.1232876712328767,0.8608790636062622,0.8550238609313965,0.8579414486885071,63,0.7682926829268293,0.12903225806451613,0.5588627854983012,0.3782098889350891,1,1,1,0,0,0,What is (are) Stroke ?,Neurological,"Stroke is a type of cardiovascular disease that occurs when blood flow to the brain is interrupted or reduced due to a blockage in a blood vessel. This interruption or reduction of blood flow can cause swelling, inflammation, and cell death in the affected area of the brain. Symptoms of a stroke can vary depending on the location and severity of the blockage."
0.5917973717053732,0.6011310815811157,0.6836094657580057,0.7312988042831421,0.2649269104003906,0.2701461317896657,0.76324547404383,0.9437003189484481,1.0,0.7312988042831421,0.7068499326705933,0.7678262591362,0.10729023383768914,0.03304268012849931,0.0577716643741403,0.8490641713142395,0.7699244022369385,0.8075600862503052,150,0.07545271629778671,0.32,0.25685729867277235,0.005155405029654503,10,1,1,0,0,0,What are the treatments for Stroke ?,Cardiovascular,"The treatments for Stroke vary depending on the cause of the stroke and its severity. Common treatments include:

1. Emergency medical treatment: Immediate medical intervention, such as CPR, defibrillation, or clot-busting drugs like tPA, which can help prevent further damage to the brain.
2. Hospitalization: Patients often stay in the hospital for observation and therapy, receiving medications and treatments to manage symptoms, control bleeding, and prevent further complications.
3. Rehabilitation: Depending on the type and extent of the stroke, patients may require physical therapy, occupational therapy, speech therapy, and other forms of rehabilitation to regain function and independence.
4. Medications: Antiplatelet and anticoagulant drugs may be prescribed to prevent clots from forming in the future.
5. Long-term care: Patients with severe strokes may require long-term care at home, nursing homes, or assisted living facilities.
6. Lifestyle changes: Maintaining a healthy diet, regular exercise, and avoiding smoking can improve overall health"
0.6531534989674886,0.6768009662628174,0.5699111223220825,0.6620811223983765,0.24008836348851526,0.7760069881030205,2.0885489900566485,0.9673289567796232,0.6666666666666666,0.6620811223983765,0.5974526405334473,0.7725710868835449,0.36507936507936506,0.14400000000000002,0.25396825396825395,0.8582192659378052,0.8487192988395691,0.8534428477287292,118,0.8309859154929577,0.4482758620689655,0.38659075647592545,0.07645201683044434,6,1,1,0,0,0,What are the symptoms of Stroke ?,Neurological,"Some symptoms of stroke include:

- Trouble speaking and understanding what others are saying.
- Confusion or slurred speech.
- Numbness, weakness, or paralysis in the face, arm, or leg, especially on one side of the body (this often affects just one side).
- Slurred speech, difficulty understanding speech, or loss of speech.
- Loss of feeling in the left arm or legs, particularly in the hands and feet.
- Changes in behavior and self-care, such as withdrawal from social situations.

It's important to seek immediate medical attention if you or someone else exhibits these symptoms, regardless of whether they seem to come and go or disappear completely. Early treatment can significantly improve outcomes for patients with stroke."
0.7430369655291239,0.7730281352996826,0.7333974043528239,0.759853720664978,0.18338970343271888,0.008021913760605412,0.009613611359984583,0.9962062383274076,1.0,0.759853720664978,0.8946658968925476,0.790036678314209,0.39590443686006827,0.15120274914089346,0.19795221843003413,0.8809080123901367,0.827940821647644,0.8536035418510437,112,0.6363636363636364,0.5625,0.5630373477935791,0.3211328387260437,2,1,1,0,0,0,What is (are) Celiac Disease ?,Gastrointestinal,"Celiac Disease is an autoimmune disorder that occurs when the immune system mistakenly attacks the body's own cells. The condition affects the lining of the small intestine, preventing it from properly absorbing nutrients. People who have Celiac Disease may experience various symptoms such as abdominal discomfort, diarrhea, bloating, weight loss, and fatigue. Additionally, there is a risk of developing certain types of cancer, especially those involving the colon and rectum, because the damaged gut makes it difficult for other parts of the body to absorb nutrients effectively. Therefore, it's important for individuals diagnosed with Celiac Disease to follow a gluten-free diet, which means avoiding all products made with wheat, barley, or rye."
0.6562066674232483,0.6874492764472961,0.5903630256652832,0.6857581734657288,0.2563233176867167,0.5736120930970275,1.3965627205833835,0.9956099874042283,1.0,0.6857581734657288,0.5123284459114075,0.7887253165245056,0.078125,0.015873015873015872,0.078125,0.8986632227897644,0.804209291934967,0.8488166928291321,11,0.1,0.06382978723404255,0.5896666049957275,0.5896666049957275,0,1,1,0,0,0,Who is at risk for Lung Cancer? ?,Respiratory,People who smoke are at the highest risk for lung cancer.
0.5409887234369913,0.5791816115379333,0.4434185226758321,0.46860194206237793,0.20966984828313195,0.265974726853126,0.5875630138853591,0.9774739871672317,0.0,0.46860194206237793,0.6199146509170532,0.7218157649040222,0.22654867256637168,0.024866785079928948,0.09203539823008851,0.8448374271392822,0.8171576261520386,0.830767035484314,142,0.34134615384615385,0.37777777777777777,0.3029750462931891,-0.035975132137537,9,1,1,0,0,0,What are the treatments for Osteoarthritis ?,Musculoskeletal,"The treatment options for osteoarthritis depend on various factors such as the severity of the condition, age, gender, and overall health status. Here are some general approaches:

1. **Physical Therapy**: Physical therapy can help improve strength, flexibility, balance, and range of motion in affected joints. This helps maintain joint stability and prevent further damage.

2. **Weight Management**: Maintaining a healthy body mass index (BMI) can reduce strain on joints and slow progression of osteoarthritis. Losing excess weight can also relieve pressure on joint surfaces.

3. **Medication**: Non-steroidal anti-inflammatory drugs (NSAIDs), corticosteroids, and other medications can provide temporary relief from pain and inflammation in osteoarthritis. However, their long-term effects and potential side effects should be carefully evaluated by a healthcare provider.

4. **Supportive Care**: Devices like knee braces, ankle weights, and splints can help patients maintain joint support while engaging in physical activity."
0.6138309041659037,0.6305716633796692,0.43025166789690655,0.46517062187194824,0.3291939695676168,0.7926499208990142,1.2583956000528804,0.9925164819012378,0.0,0.46517062187194824,0.7043923735618591,0.8095370531082153,0.1875,0.06349206349206349,0.109375,0.8795228600502014,0.8314940929412842,0.8548344373703003,25,0.25,0.05128205128205128,0.5081391930580139,0.39514708518981934,1,1,1,0,0,0,What are the treatments for Huntington's Disease ?,Neurological,"Medicines are available to help manage the symptoms of Huntington's disease. However, treatments cannot prevent the physical, mental, and behavioral decline caused by the disease."
0.5395670930544535,0.5554836988449097,0.4979172646999359,0.5650031566619873,0.5727124114831288,0.32452686283485227,0.38306546984927076,1.0,0.3333333333333333,0.5650031566619873,0.8078993558883667,0.7437378168106079,0.1462522851919561,0.029357798165137616,0.09140767824497259,0.8622596263885498,0.7421122789382935,0.7976872324943542,63,0.126,0.32608695652173914,0.46617684960365297,0.4241810739040375,4,1,1,0,0,0,What are the symptoms of Wilson Disease ?,Endocrine/Metabolic,"Cystic Fibrosis does not cause symptoms related to Wilson's disease. Wilson's disease is a genetic disorder characterized by copper accumulation in the liver, kidneys, brain, and other organs. The most common symptom is neurological symptoms such as tremors, seizures, and memory problems. Other symptoms may include fatigue, confusion, depression, and behavioral changes. However, there are no specific symptoms associated with cystic fibrosis specifically."
0.5900197227795919,0.6008812189102173,0.5101301670074463,0.5461989641189575,0.232979416847229,0.339054292936122,0.6671791385554671,0.9846751423996587,0.6666666666666666,0.5461989641189575,0.6243700385093689,0.6952424645423889,0.24651162790697675,0.02336448598130841,0.12558139534883722,0.815936267375946,0.7988054752349854,0.8072799444198608,143,0.4965277777777778,0.23684210526315788,0.34515450352972205,-0.05016379430890083,5,1,1,0,0,0,What are the treatments for Urinary Tract Infections in Children ?,Kidney/Renal,"For children with a urinary tract infection (UTI), treatment typically involves several measures:

1. **Drinking Plenty of Fluids** - Encouraging adequate fluid intake can help flush out the bacteria from the bladder and urethra, reducing the chances of bacterial growth.
2. **Constipation Prevention** - Avoiding constipation by eating a high-fiber diet and drinking plenty of fluids can also help prevent UTIs.
3. **Incompletion of Bladder Emptying** - Ensuring that the bladder is completely emptied after urination reduces the number of bacteria remaining in the body.
4. **Urine Condition Present at Birth** - For babies born with a condition known as vesicoureteral reflux, urine backs up into the ureters, increasing the risk of UTIs. Monitoring and treating this condition early can reduce these risks.
5. **Cranberry Products** - Consuming cranberry juice or other cranberry supplements can help reduce the incidence of UTIs by promoting"
0.38118232289950055,0.44888556003570557,0.3769111732641856,0.4496734142303467,0.5364553729693096,0.5315902630016828,1.5223194175179622,0.9296967681806227,0.0,0.4496734142303467,0.5985326170921326,0.6729777455329895,0.2781954887218045,0.03787878787878787,0.10526315789473685,0.8489533066749573,0.8230395317077637,0.8357956409454346,137,1.1048387096774193,0.37037037037037035,0.4364988257487615,0.20078402757644653,3,1,1,0,0,0,What to do for Cyclic Vomiting Syndrome ?,Gastrointestinal,"If you or someone in your family has symptoms of cystic fibrosis — or if someone in your family has CF — it's important to discuss testing for the condition with your healthcare professional. They will likely recommend regular follow-up appointments with a doctor who specializes in treating cystic fibrosis. Additionally, they may recommend specific medications or treatments based on your individual needs. If you're experiencing cyclic vomiting syndrome, which is characterized by episodes of vomiting followed by periods of feeling well, it's important to consult a healthcare provider as soon as possible. They can provide guidance on appropriate management and potentially prescribe medication to help alleviate symptoms. It's also essential to note that this condition is often associated with other complications, so it's crucial to closely monitor your health and work closely with your healthcare team."
0.4893134931723277,0.5067639350891113,0.3780059814453125,0.47583848237991333,0.2562309503555298,0.04730895135313281,0.05083702449326236,0.9169008984609256,0.0,0.47583848237991333,0.4972609877586365,0.6897138357162476,0.3571428571428571,0.10071942446043164,0.17857142857142855,0.8695277571678162,0.830512523651123,0.8495723605155945,85,0.4381443298969072,0.25,0.5357156097888947,0.4986090064048767,1,1,1,0,0,0,What is (are) Stroke ?,Neurological,"Stroke is a medical condition caused by a disruption or blockage in an artery responsible for supplying blood and oxygen to the brain. The most common type of stroke is a hemorrhagic stroke, which occurs when a blood vessel breaks inside the brain, causing bleeding. The other type of stroke is called a ischemic stroke, where blood flow to the brain is restricted due to clotting. Both types of strokes can be life-threatening and result in permanent damage to brain tissue if not treated promptly."
0.4862810969352722,0.533574104309082,0.2796295831600825,0.32590991258621216,0.5093202888965607,0.9897857101622516,1.7778128547753642,0.8869647363001734,0.0,0.32590991258621216,0.4491894841194153,0.6641712188720703,0.16444444444444448,0.008928571428571428,0.07555555555555556,0.7990238666534424,0.7728887796401978,0.7857390642166138,148,0.46394984326018807,0.13953488372093023,0.374238982796669,0.14305531978607178,8,1,1,0,0,0,What are the treatments for Diabetes ?,Endocrine/Metabolic,"Diabetes is a chronic condition that affects how the body processes glucose (sugar) from the diet. There are several types of diabetes, including Type 1, Type 2, and gestational diabetes. Each type has its own specific symptoms, diagnosis, and treatment methods. Here are general guidelines for managing diabetes:

### Treatment Options:
#### Type 1 Diabetes:
- **Insulin** - The most common form of insulin is called ""human insulin."" It is usually given by injection.
- **Glucagon** - Can help increase blood glucose levels when needed.
- **Specialized Diet** - A balanced diet rich in fruits, vegetables, whole grains, lean proteins, and low-fat dairy products helps maintain normal blood sugar levels.
- **Exercise** - Regular physical activity can improve insulin sensitivity and help manage weight.
- **Blood Sugar Monitoring** - Continuous glucose monitoring devices can help identify low and high blood sugar levels early.
- **Hypoglycemia Management** - Special"
0.6466175119082133,0.7442703247070312,0.6794705788294474,0.8118870258331299,0.2733875513076782,0.5166082308641223,0.7580953526996909,1.0,1.0,0.8118870258331299,0.9237064719200134,0.8103797435760498,0.362962962962963,0.11194029850746269,0.2074074074074074,0.8410208225250244,0.8400954604148865,0.840557873249054,150,1.1904761904761905,0.5,0.284779774526564,-0.07821102440357208,9,1,1,0,0,0,What are the symptoms of Colorectal Cancer ?,Gastrointestinal,"Colorectal cancer symptoms can vary widely from person to person depending on several factors including the stage of the disease, location within the colon, and other underlying conditions. Some common symptoms of colorectal cancer include:

1. **Change in Bowel Habits**: This can include changes in frequency, consistency, or intensity of bowel movements.
2. **Rectal Bleeding**: This may be noticed as bright red blood in the stool, even after washing thoroughly, or dark blood in the toilet bowl or on the toilet paper when wiping.
3. **Sudden Fatigue or Weakness**: Feeling unusually fatigued or experiencing persistent weakness without knowing why could indicate colon cancer.
4. **Loss of Weight Without Trying**: A sudden drop in weight over time might be related to cancer but also due to other reasons.
5. **Belly Pain**: Nausea, abdominal bloating, cramping, or discomfort in the lower abdomen can signal a problem with the digestive system.
6. **Other"
0.5869545539220175,0.6021575927734375,0.4569530387719472,0.4893563389778137,0.232979416847229,0.1500409649694816,0.1913259123019979,1.0,0.0,0.4893563389778137,0.7172979116439819,0.6885528564453125,0.17708333333333334,0.010526315789473684,0.10416666666666667,0.815945565700531,0.858368456363678,0.8366195559501648,149,3.6341463414634148,0.4,0.2782693329182538,-0.05016379430890083,8,1,1,0,0,0,What to do for Urinary Tract Infections in Children ?,Kidney/Renal,"When treating children with urinary tract infections (UTIs), it is important to consider the specific symptoms, underlying causes, and potential complications associated with the disease. Here are some general guidelines:

1. **Treatment**: Depending on the age, severity, and causative factors of the UTI, treatment options might include antibiotics, hydration, and potentially changes to diet and lifestyle habits. For younger children under 2 years old, oral antibiotics are often used due to their safety and effectiveness in this age group. Adolescents and adults over 65 might require intravenous antibiotics for severe cases.

2. **Hydration**: Urine loss during illness increases the risk of dehydration. Encourage fluid intake, which includes water, as well as electrolyte-rich drinks like sports drinks, when possible.

3. **Constipation Management**: Avoidance of high-fiber foods and increased fiber consumption can exacerbate UTIs. Encourage regular bowel movements by eating small meals throughout the day rather than large ones, ensuring adequate"
0.4893134931723277,0.5067639350891113,0.5158476233482361,0.5549143552780151,0.2562309503555298,0.04730895135313281,0.05083702449326236,1.0,0.6666666666666666,0.5549143552780151,0.4442403316497803,0.656808078289032,0.28260869565217395,0.06666666666666667,0.15217391304347824,0.8482183814048767,0.8752318620681763,0.8615134954452515,58,1.7058823529411764,0.2,0.3730194369951884,0.22325417399406433,2,1,1,0,0,0,What is (are) Stroke ?,Cardiovascular,"Stroke is a condition characterized by blood flow disruption to parts of the brain due to blockage or occlusion. This can lead to various neurological consequences depending on which part of the brain is affected. Common symptoms include sudden onset of confusion, trouble speaking, difficulty walking, numbness or weakness in the limbs, loss of consciousness, or difficulty swallowing."
0.7031611998875936,0.7178362011909485,0.5375266472498575,0.5606697201728821,0.21325121323267615,0.15401595770601556,0.1950898632157484,0.9711173691181204,1.0,0.5606697201728821,0.5864167213439941,0.8375899791717529,0.14187643020594967,0.022988505747126433,0.10068649885583524,0.8390946388244629,0.7533100843429565,0.7938916683197021,78,0.17371937639198218,0.32653061224489793,0.6299232840538025,0.5515626072883606,0,1,1,0,0,0,Who is at risk for Osteoporosis? ?,Musculoskeletal,"People who are at risk for osteoporosis include individuals over 60 years old, especially women, due to hormonal changes during menopause. Additionally, those with specific health conditions such as celiac disease, inflammatory bowel disease, kidney or liver disease, multiple myeloma, rheumatoid arthritis, and certain types of cancer like prostate cancer that require hormone treatments are also at increased risk. Other risk factors include smoking, a sedentary lifestyle, obesity, low calcium intake, lack of physical activity, and poor nutrition."
0.5265538493792216,0.5523785948753357,0.5981799364089966,0.6400278806686401,0.31119074424107873,0.617370217561167,1.3300277361882804,0.9726867811254699,1.0,0.6400278806686401,0.7149544358253479,0.834125280380249,0.2477231329690346,0.03656307129798903,0.12021857923497269,0.8312654495239258,0.8271224498748779,0.8291887640953064,129,0.30641330166270786,0.34782608695652173,0.22907034434112056,-0.04736222326755524,10,1,1,0,0,0,what research (or clinical trials) is being done for Kidney Disease ?,Kidney/Renal,"There are ongoing clinical trials investigating various aspects of kidney disease treatment and management. Here are some examples:

1. **Kidney Transplantation**: Research focuses on improving organ donation rates, transplant outcomes, and post-transplant survival rates.
   
2. **Renal Replacement Therapy** (RRT): Studies are exploring new modalities like peritoneal dialysis and hemofiltration as alternatives to traditional kidney dialysis treatments.

3. **Genetic Research**: Investigating genetic factors that may contribute to kidney disease development, such as mutations in genes like ALK, TSC2, and SLC7A10.

4. **Dietary Approaches**: Evaluating the effectiveness of specific dietary interventions in reducing proteinuria and preserving kidney function.

5. **Drug Development**: Testing novel drugs aimed at slowing down or reversing kidney damage in patients with chronic kidney disease.

6. **Immunotherapy**: Exploring immunotherapies to treat autoimmune diseases that can affect kidneys.

7."
0.5105007986227671,0.573817253112793,0.46014438072840375,0.5205869674682617,0.21018155415852868,0.25459435385353363,0.43532935641675885,1.0,0.3333333333333333,0.5205869674682617,0.8119417428970337,0.7580814361572266,0.3402061855670104,0.09375,0.2061855670103093,0.8263810873031616,0.8881580829620361,0.8561566472053528,141,2.877551020408163,0.6875,0.27462502345442774,-0.057277191430330276,10,0,1,0,0,1,What are the treatments for Leukemia ?,Unrelated,"Leukemia is a type of cancer that affects the blood cells. The treatment options for leukemia depend on several factors, including the type and stage of leukemia, age, general health, and personal preferences. Generally, the treatment for leukemia includes:

1. Chemotherapy: This involves giving drugs directly into a vein, usually through a central line (IV), which is inserted through the skin.
2. Bone Marrow Transplant: Also called hematopoietic stem cell transplantation (HSCT) or bone marrow transplant, this treatment replaces damaged bone marrow with healthy cells from a donor.
3. Immunotherapy: This approach focuses on enhancing the body's immune system to fight cancer by stimulating its activity against specific types of cancer cells.

The choice of treatment plan is made based on these various considerations. It's important to consult with a healthcare provider who can provide personalized advice based on individual circumstances."
0.592149555683136,0.6803547739982605,0.589139719804128,0.7088334560394287,0.4568381806214651,0.2225883129725743,0.2449506132398275,1.0,1.0,0.7088334560394287,0.8437457084655762,0.7603346109390259,0.28792569659442724,0.09006211180124224,0.1176470588235294,0.8553966283798218,0.8062067031860352,0.8300735950469971,163,0.33958333333333335,0.5714285714285714,0.3413718113532433,-0.1244739294052124,7,1,1,0,0,0,How to prevent High Blood Pressure ?,Cardiovascular,"To prevent high blood pressure (hypertension), it is important to maintain a healthy lifestyle. This includes:

1. **Exercise Regularly** - Exercise regularly helps to manage blood pressure and reduce the risk of developing hypertension.
2. **Limit Alcohol Intake** - Drinking alcohol in moderation is recommended, but the recommended limit varies by gender, with women being advised to consume no more than one drink per day and men consuming up to two drinks per day.
3. **Maintain a Healthy Weight** - Being overweight or obese increases the risk of hypertension and other health conditions. Losing even small amounts of weight can be beneficial.
4. **Eat a Healthy Diet** - A diet rich in fruits, vegetables, whole grains, lean protein, and low-fat dairy products can help reduce blood pressure. Avoid excessive sodium consumption, which has been linked to an increased risk of hypertension.

Regular monitoring and management of blood pressure is crucial. If you have high blood pressure, managing it with medications can also play"
0.6811363101005554,0.7095474600791931,0.4455165167649587,0.49326813220977783,0.19686935345331824,0.6309015518730722,0.6500724007760527,1.0,0.0,0.49326813220977783,0.44044598937034607,0.7513025999069214,0.20923913043478265,0.04904632152588556,0.10869565217391304,0.824942946434021,0.8197184801101685,0.8223223686218262,147,0.2677595628415301,0.5102040816326531,0.1894254298614604,-0.07938899099826813,13,1,1,0,0,0,How to prevent Peripheral Arterial Disease (P.A.D.) ?,Cardiovascular,"To prevent Peripheral Arterial Disease (PAD), it's important to adopt a healthy lifestyle. Some key strategies include:

1. **Avoid Smoking**: Smoking damages blood vessels and increases the risk of developing PAD.
2. **Eat Healthy**: Opt for a diet rich in fruits, vegetables, whole grains, lean proteins, and healthy fats, while limiting processed foods and sugary drinks.
3. **Regular Exercise**: Engage in activities like walking, swimming, or cycling that improve cardiovascular health without putting too much strain on the joints. Check with healthcare providers regarding recommended levels and types of physical activity.
4. **Maintain a Healthy Weight**: Excess body fat around the waist increases the risk of PAD and other health problems.
5. **Manage Blood Pressure, Cholesterol, and Diabetes**: These conditions can contribute to the development of atherosclerotic plaques, leading to PAD.
6. **Good Sleep Habits**: Adequate rest and relaxation can help maintain overall health and decrease stress"
0.6123478213946024,0.6766437888145447,0.5019295314947764,0.5830980539321899,0.3327274521191915,0.5112957789852902,0.9602210148125813,0.9392629189089221,0.3333333333333333,0.5830980539321899,0.7685445547103882,0.7597091197967529,0.16399622997172478,0.0509915014164306,0.1055607917059378,0.8421628475189209,0.8112131953239441,0.8263983130455017,146,0.15921483097055616,0.40816326530612246,0.2751111164689064,-0.04237736016511917,10,1,1,0,0,0,How to diagnose Ulcerative Colitis ?,Gastrointestinal,"Ulcerative colitis can be diagnosed through a combination of clinical examination, laboratory tests, and imaging studies such as X-rays, CT scans, or magnetic resonance imaging (MRI). The following are common diagnostic methods for ulcerative colitis:

1. **Clinical Examination**: This involves a physical exam by a healthcare professional to assess signs and symptoms of ulcerative colitis.

2. **Laboratory Tests**: Blood tests may show elevated white blood cell counts due to inflammation. Stool tests may reveal abnormal red blood cells or pus cells.

3. **Imaging Studies**: These include:
   - **X-rays** can help detect changes in the lining of the colon.
   - **CT Scans** and **Magnetic Resonance Imaging (MRI)** may provide more detailed images of the colon and identify areas of inflammation or tissue damage.

4. **Biopsies**: A small sample of tissue from the affected area is taken for analysis under a microscope to confirm the diagnosis. Biopsy samples"
0.5750693082809448,0.6069933772087097,0.5823738773663839,0.6442118883132935,0.2221898237864176,0.3485134619563282,0.6965661114138552,0.968412936062506,1.0,0.6442118883132935,0.644485592842102,0.5950180292129517,0.19151846785225718,0.03566529492455418,0.10123119015047878,0.827375054359436,0.8198851346969604,0.8236131072044373,122,0.20435510887772193,0.391304347826087,0.34199951589107513,0.09605948626995087,5,1,1,0,0,0,What are the treatments for Alzheimer's Disease ?,Neurological,"Medicines are often prescribed to treat Alzheimer's disease, including medications designed to boost memory function and slow the progression of cognitive decline. Common therapies include cholinesterase inhibitors (such as donepezil, rivastigmine), memantine (brand name Namenda) for dementia, and NMDA receptor antagonists (such as galantamine). Some newer drugs like solanezumab, aducanumab, bapineuzumab, lecanidase inhibitor, and adalimumab are also being studied for Alzheimer's disease treatment.
Cholinesterase inhibitors work by inhibiting the breakdown of acetylcholine, a neurotransmitter involved in learning and memory. Memantine works by blocking the effects of glutamate, another major excitatory neurotransmitter in the brain.
NMDA receptor antagonists block the receptors for glutamate, which can reduce hyperexcitability of neurons in the brain. They are thought to prevent the buildup of toxic substances called"
0.5280135373274485,0.5791816115379333,0.4829320013523102,0.5324265956878662,0.2733640670776367,0.42800089713263484,0.8965958435747176,0.9841697045554243,0.3333333333333333,0.5324265956878662,0.6060558557510376,0.6961815357208252,0.2518518518518518,0.02985074626865672,0.11111111111111112,0.8211917877197266,0.8189744353294373,0.8200815320014954,133,0.9568345323741008,0.2222222222222222,0.2410366813150736,-0.06196662783622742,10,1,1,0,0,0,What are the treatments for Osteoarthritis ?,Musculoskeletal,"There are several treatment options available for managing osteoarthritis symptoms. Some common approaches include:

1. **Weight Management**: Maintaining a healthy body weight can help reduce stress on affected joints and potentially slow the progression of the disease.

2. **Physical Therapy**: Regular physical therapy sessions can improve flexibility and strength, which can help alleviate pain and increase range of motion.

3. **Medication**: Nonsteroidal anti-inflammatory drugs (NSAIDs) such as ibuprofen or naproxen may provide temporary relief from pain and inflammation associated with osteoarthritis.

4. **Chondroitin Sulfate**: A supplement containing chondroitin sulfate has been shown to help slow bone loss in osteoarthritis patients.

5. **Glucosamine**: Another supplement containing glucosamine has also shown some promise in helping maintain joint health and possibly slowing the progression of osteoarthritis.

6. **Joint Support Devices**: Orthotics, braces, and other devices designed"
0.6020667751630148,0.6496781706809998,0.5686831871668497,0.6163702011108398,0.21296946207682288,0.4840238638884657,1.214730341304084,0.9850216919854737,1.0,0.6163702011108398,0.8034191131591797,0.7520179748535156,0.17202432667245873,0.04177545691906005,0.08514335360556038,0.8512150645256042,0.8265585899353027,0.8387055993080139,135,0.13196480938416422,0.3,0.27215254977345466,-0.130707785487175,9,1,1,0,0,0,What are the treatments for Hyperthyroidism ?,Endocrine/Metabolic,"The primary treatments for Hyperthyroidism include:

1. Anti-thyroid medicines:
   - Levothyroxine (L-T4): This is one of the most commonly prescribed drugs for treating hyperthyroidism. It helps regulate the production of TSH.
2. Radioiodine therapy:
   - This procedure involves ingesting a radioactive form of Iodine. When absorbed into the bloodstream, it binds to thyroid tissue, causing damage to the cells.
3. Thyroid surgery:
   - For severe cases where other treatments fail, surgical removal of the thyroid gland may be necessary.

In cases where these treatments are not effective, or if a patient has resistance to medication, sometimes external desensitization (with Iodine) or radiation therapy might be considered. 

It's important to note that the choice of treatment should be made in consultation with a healthcare provider based on the specific needs and circumstances of each individual case."
0.5866424043973287,0.5985788702964783,0.5626610716183981,0.6069610714912415,0.29314273595809937,0.7620140417315874,1.4535902899359587,0.9985452632950038,0.6666666666666666,0.6069610714912415,0.7945258617401123,0.8167825937271118,0.2594142259414226,0.09282700421940929,0.14225941422594143,0.7534254789352417,0.8404943943023682,0.7945818305015564,94,0.562874251497006,0.5,0.6129760146141052,0.6129760146141052,0,1,1,0,0,0,What are the treatments for Sleep Apnea ?,Respiratory,"Treatments for sleep apnea include:

  * Lifestyle modifications:
    * Weight loss if needed
    * Quitting smoking
    * Avoiding alcohol
    * Using a mouthpiece during sleep
    * Regular physical activity
    * Changing sleeping position (e.g., side-lying)
  * Medications:
    * Antihypertensive drugs
    * Beta-blockers
    * Antidepressants
    * Anti-inflammatory medications
    * Stimulants
  * Oral appliances:
    * Mandibular advancement devices (Maxillofacial Prosthodontics)
    * Continuous Positive Airway Pressure (CPAP) therapy
    * Nightwear devices
  * Surgery:
    * Nasal surgery
    * Lateral nasal resection
    * Laryngeal surgery
    * Sublingual gland removal
    * Tongue surgery
    * Tracheostomy
    * Palatal plating
    * Submandibular"
0.4831876754760742,0.49060818552970886,0.4032595256964366,0.42248570919036865,0.4794859091440836,0.41485186479576247,0.7735531376081486,0.9875763036300597,0.0,0.42248570919036865,0.7929891347885132,0.7538225650787354,0.33701657458563533,0.06666666666666667,0.1546961325966851,0.8332027196884155,0.8136579394340515,0.8233144283294678,151,0.6741071428571429,0.5,0.2243395990559033,-0.03474504500627518,13,1,1,0,0,0,What are the symptoms of Cyclic Vomiting Syndrome ?,Gastrointestinal,"Cyclic Vomitting Syndrome (CVS) is characterized by episodes of severe, recurrent, and disabling nausea, vomiting, and abdominal discomfort followed by periods of normal behavior. This condition occurs when there is a rapid change in the level of serotonin within the brain, which affects neurotransmitter balance and the regulation of appetite.

Symptoms usually occur in response to emotional stress or physical exertion, although they can be triggered by various factors. Common symptoms include:

1. Severe nausea and vomiting
2. Abdominal discomfort 
3. Fatigue
4. Headache
5. Dizziness
6. Sweating
7. Restlessness
8. Memory loss

The exact duration of each episode varies; some cases last just hours, while others can last days or even months. CVS is considered a form of functional gastrointestinal disorder, meaning it does not have a specific cause or underlying medical condition. It can affect anyone at any age and gender, though it tends to run in families and"
0.5848342378934225,0.6332765817642212,0.42988430460294086,0.5135515928268433,0.2654995719591776,0.45345133168295426,0.8406245092304924,0.9363256932560613,0.3333333333333333,0.5135515928268433,0.5401285290718079,0.7621577978134155,0.2249657064471879,0.03851444291609354,0.09327846364883403,0.8370535373687744,0.8026774525642395,0.8195052146911621,146,0.2508591065292096,0.42857142857142855,0.24507193996881446,-0.06054668873548508,12,1,1,0,0,0,What are the treatments for Osteoporosis ?,Musculoskeletal,"Treatments for osteoporosis may vary depending on the severity of the condition, but some common approaches include:

1. Calcium and vitamin D supplementation: Calcium helps maintain strong bones, while vitamin D plays a crucial role in calcium absorption and utilization.

2. Hormonal replacement therapy (HRT): For postmenopausal women, HRT can help increase estrogen levels, which is important for bone health. However, HRT carries potential risks, such as blood clots and breast cancer, so it should be prescribed only after careful consideration and counseling.

3. Weight-bearing exercises: Activities like walking, jogging, weightlifting, and dancing can improve bone density and prevent falls.

4. Bisphosphonates and parathyroid hormone inhibitors (PPIs): These drugs work by inhibiting the breakdown of bone, making it stronger. They are most effective when used before bone loss has started, and they can be taken longer term to slow further bone loss.

5. Estrogen replacement therapy"
0.589029868443807,0.5933367609977722,0.5034825702508291,0.5270580649375916,0.3229212760925293,0.7976124158529684,1.4449641186388038,0.9720320215853105,0.6666666666666666,0.5270580649375916,0.6819047927856445,0.7910506129264832,0.21568627450980393,0.0693069306930693,0.11764705882352941,0.8307597041130066,0.8704801797866821,0.8501562476158142,159,3.8780487804878048,0.5833333333333334,0.2404586957146724,-0.0470714271068573,12,1,1,0,0,0,What are the treatments for Lung Cancer ?,Respiratory,"The treatments for lung cancer depend on various factors such as stage (location) and type of cancer. Generally, treatment options may include:

1. Surgery: This involves removing part or all of the lung, depending on the extent of the cancer.
2. Radiation therapy: Targeted radiation therapy or whole-breast radiation therapy may be used to kill tumor cells.
3. Chemotherapy: This uses drugs to destroy cancer cells by affecting their ability to divide and reproduce.
4. Immunotherapy: Uses the body's immune system to fight the cancer.
5. Targeted Therapy: Drugs that target specific proteins found only in cancer cells.
6. Palliative care: This focuses on managing symptoms and improving quality of life during the advanced stages of lung cancer.

Each treatment option will vary based on the patient's health status, personal preferences, and the specific characteristics of the cancer. It's important to discuss these options with a healthcare provider to determine the best course of action for each individual case."
0.4896685481071472,0.5293128490447998,0.4237151841322581,0.4581378698348999,0.38278812170028687,0.45106861966274053,0.609597403765964,1.0,0.0,0.4581378698348999,0.5588592290878296,0.7890735268592834,0.3282442748091603,0.015384615384615385,0.15267175572519082,0.8168929815292358,0.8453542590141296,0.8308799862861633,143,1.2767857142857142,0.391304347826087,0.2304285087933143,-0.07328496873378754,9,1,1,0,0,0,what research (or clinical trials) is being done for Stroke ?,Neurological,"There are ongoing clinical trials investigating various interventions aimed at preventing and treating stroke. These include:

1. **Stroke Prevention Trials**: Studies aim to identify new methods of reducing the risk of stroke by targeting factors such as high blood pressure, high cholesterol, diabetes, obesity, smoking, and alcohol consumption.
   
2. **Pre-Event Treatments**: Trials focus on evaluating medications like statins, anticoagulants, aspirin, and beta-blockers as well as lifestyle changes like diet and exercise, to reduce the risk of having a stroke before it occurs.

3. **Recovery Phase Treatments**: Trials investigate therapies designed specifically for patients who have experienced a stroke but are still recovering. This includes rehabilitation programs, cognitive behavioral therapy, and pharmacological approaches like ant凝血剂等.

4. **End-of-Life Care Research**: As some strokes are due to age-related issues, researchers look into how end-of-life care can support individuals and their families during this time.

5. **New"
0.695776621500651,0.755103349685669,0.6834343473116556,0.7478306293487549,0.2230472366015116,0.39205516050293077,0.852784341871736,0.9988557376537445,1.0,0.7478306293487549,0.7607552409172058,0.8014940023422241,0.39357429718875503,0.08906882591093118,0.1927710843373494,0.8627544045448303,0.7957898378372192,0.8279201984405518,134,0.9571428571428572,0.5384615384615384,0.26933418959379196,-0.015017401427030563,14,1,1,0,0,0,What are the symptoms of Hypothyroidism ?,Endocrine/Metabolic,"The symptoms of Hypothyroidism may include:

- More sensitivity to cold.
- Constipation.
- Weight gain.
- Puffy face.
- Hoarse voice.
- Coarse hair and skin.
- Muscle weakness.
- Muscle aches, tenderness and stiffness.
- Menstrual cycles that are heavier than usual or irregular.
- Thinning hair.
- Slowed heart rate, also called bradycardia.
- Depression.
- Memory problems.

Hypothyroidism is a condition where the thyroid gland does not produce enough hormones, which can lead to several issues, especially as people age. It is essential to seek medical attention if experiencing any of these symptoms, especially if there is no clear cause or if they persist over time. Additionally, if taking thyroid hormone medication, it is crucial to adhere to the prescribed schedule of appointments and follow up with the healthcare provider."
0.5874424378077189,0.6237215995788574,0.5198543667793274,0.6277115345001221,0.3352000514666239,0.2553442192267004,0.5723089821749748,1.0,0.6666666666666666,0.6277115345001221,0.7067273259162903,0.8085346221923828,0.25806451612903225,0.0819672131147541,0.16129032258064518,0.8447232246398926,0.8793399930000305,0.8616841435432434,91,2.935483870967742,0.38461538461538464,0.5246614714463552,0.46257641911506653,1,1,1,0,0,0,How many people are affected by Hemorrhoids ?,Gastrointestinal,"According to the information provided, it is not clear how many people are affected by hemorrhoids as this topic pertains to a specific condition within the gastrointestinal system rather than being a general health statistic. However, based on the prevalence of hemorrhoids among certain groups (such as older adults and those who are obese), one might estimate that millions of individuals worldwide experience this condition at some point in their lives. For a more precise number, one would need to consult updated statistics or studies on hemorrhoid prevalence across different populations."
0.5816892186800638,0.5886397361755371,0.5868557294209799,0.6014354228973389,0.18619475762049353,0.3617100687310885,0.536112438065375,0.9927838797295938,1.0,0.6014354228973389,0.6587316989898682,0.8059920072555542,0.35714285714285715,0.07194244604316546,0.1285714285714286,0.8379738330841064,0.8285248279571533,0.833222508430481,158,1.3620689655172413,0.6842105263157895,0.3374534847214818,-0.07380527257919312,6,1,1,0,0,0,"What are the treatments for Diabetes, Heart Disease, and Stroke ?",Cardiovascular,"The treatments for Diabetes, Heart Disease, and Stroke include:

1. Managing Blood Sugar: For Diabetes, regular monitoring and medication adjustments are necessary. Lifestyle modifications such as maintaining a healthy weight, eating a balanced diet, and exercising regularly can help control blood sugar.

2. Heart Disease: This is managed through lifestyle changes like quitting smoking, managing cholesterol levels, controlling blood pressure, and avoiding excessive alcohol consumption. Medications such as statins, ACE inhibitors, and beta-blockers may be prescribed depending on the specific condition.

3. Stroke: Treatment involves a combination of lifestyle changes (maintaining a healthy weight, quitting smoking, eating a balanced diet, and exercising regularly), medications for reducing inflammation and blood clots, and possibly surgery if necessary to treat an embolized vessel or brain damage.

In addition to these treatments, healthcare professionals often recommend that individuals manage their conditions effectively by following a balanced diet, engaging in regular physical activity, avoiding smoking, and being physically active. Regular check-ups with a"
0.5848342378934225,0.6332765817642212,0.5951723655064901,0.6384180784225464,0.2654995719591776,0.45345133168295426,0.8406245092304924,0.9804628298756167,1.0,0.6384180784225464,0.805808424949646,0.7898545265197754,0.3236074270557029,0.042666666666666665,0.1326259946949602,0.8479093313217163,0.8386158347129822,0.8432369828224182,135,0.5555555555555556,0.5135135135135135,0.23261146192603252,-0.06054665148258209,15,1,1,0,0,0,What are the treatments for Osteoporosis ?,Musculoskeletal,"Treatments for osteoporosis may include medications, dietary changes, and physical therapy. Some common treatments include:

1. Calcium and Vitamin D Supplements - Taking supplements of calcium and vitamin D helps in building stronger bones.
2. Weight-bearing Exercises - Activities like walking, running, weightlifting, stair climbing, and yoga can help build bone density.
3. Hormone Replacement Therapy (HRT) - For postmenopausal women, HRT supplements can be prescribed which contain hormones such as estrogen or progestin.
4. Bisphosphonates - A class of drugs that inhibit the breakdown of bone tissue.
5. Alendronate - An oral medication that reduces the risk of hip and spine fractures.
6. Raloxifene - Another oral drug used to prevent or delay osteoporotic fractures.
7. Prolonged Estrogen Therapy - Used in postmenopausal women to prevent bone loss.
8. Anti-Resorption Agents - Like risedron"
0.7430958350499471,0.7606839537620544,0.657600204149882,0.6928513050079346,0.1485170920689901,0.4960373346211207,1.077181418262375,1.0,1.0,0.6928513050079346,0.6574006080627441,0.733197808265686,0.19008264462809918,0.025,0.12396694214876033,0.8528169989585876,0.7379642724990845,0.7912445068359375,62,0.34444444444444444,0.2,0.6739079654216766,0.4814094007015228,1,1,1,0,0,0,What is (are) Graves' Disease ?,Endocrine/Metabolic,"Graves' Disease is an autoimmune disorder characterized by an overactive thyroid gland, leading to increased production of thyroid hormones. This leads to various symptoms including anxiety, weight loss despite normal eating habits, tremors, heat intolerance, sweating, palpitations, restlessness, and muscle weakness. Additionally, Graves' Disease can result in other serious complications like heart problems, heart failure, and even death due to thyroid storm."
0.4896685481071472,0.5293128490447998,0.35966453949610394,0.37194836139678955,0.38278812170028687,0.45106861966274053,0.609597403765964,0.9984805266405843,0.0,0.37194836139678955,0.5625534057617188,0.7869618535041809,0.19201725997842503,0.0454054054054054,0.09924487594390509,0.818825364112854,0.8188742399215698,0.8188498020172119,141,0.18407310704960836,0.3877551020408163,0.24285120330750942,-0.07328483462333679,8,1,1,0,0,0,what research (or clinical trials) is being done for Stroke ?,Neurological,"Research on stroke is ongoing, and there are several clinical trials investigating various aspects of stroke care. Here are some examples:

1. **Neuroprotective Agents Trial** (NAT): This trial aims to evaluate the safety and efficacy of neuroprotective agents in preventing death or disability due to ischemic stroke.
   
2. **Stroke Outcomes Trial** (SOUT): This study investigates the effectiveness of different types of therapies for stroke recovery.

3. **The National Institutes of Health Stroke Program (NIH-SPORE) Grant for Brain Stimulation** (BRAIN) Initiative: This initiative focuses on developing new technologies to improve outcomes for people with chronic strokes.

4. **ClinicalTrials.gov**: This website provides access to clinical trials related to stroke. Researchers often post their clinical trial studies here, which can provide valuable insights into current research efforts.

5. **National Institute on Aging Stroke Coordinating Center (NIA Stroke Coordinating Center)**: This center conducts clinical trials"
0.5115196605523428,0.5538473129272461,0.5243739386399587,0.5480273962020874,0.2603987058003744,0.06554467600312947,0.06983930352031956,1.0,0.6666666666666666,0.5480273962020874,0.7710080742835999,0.6215018033981323,0.27230046948356806,0.07535321821036108,0.1189358372456964,0.8485018014907837,0.7708886861801147,0.8078353404998779,164,0.3504273504273504,0.5,0.35730141699314116,0.09851957857608795,3,1,1,0,0,0,What is (are) Stroke ?,Cardiovascular,"Strokes are medical emergencies caused by an interruption in blood flow to the brain. The brain's blood vessels supply oxygen and nutrients to the tissue within the brain, which supports its functions such as movement, thinking, memory, and emotion. When the blood flow to these areas is blocked due to a clot or narrowing of a blood vessel, damage occurs, leading to neurological symptoms.

Some common symptoms of stroke include:

- Difficulty speaking or understanding language
- Confusion or slurred speech
- Numbness or weakness in the face, arm, or leg on one side of the body
- Loss of balance or coordination
- Blurred or double vision
- Sensory problems such as hearing loss or loss of taste
- Sudden confusion or difficulty remembering things
- Severe headache without a known cause

In addition to these physical symptoms, stroke patients might experience emotional changes like depression, mood swings, anxiety, or withdrawal from social activities. They may also exhibit behavioral or personality changes, such"
0.4142970144748688,0.48807406425476074,0.49226680397987366,0.5678179264068604,0.3267532785733541,0.28238714207074733,0.675800266049833,0.9949637570746135,0.3333333333333333,0.5678179264068604,0.8380414843559265,0.7729243636131287,0.05889281507656066,0.02121807465618861,0.04397330192383196,0.8600014448165894,0.72931969165802,0.7892879247665405,93,0.03768233387358185,0.28,0.36696856915950776,0.21979938447475433,5,0,1,0,0,1,What are the treatments for Neuroblastoma ?,Unrelated,"Treatment for Neuroblastoma depends on the stage and type of the tumor. Early-stage neuroblastoma may be treated with surgery alone, while advanced cases may require chemotherapy, radiation therapy, or a combination of these methods. In some cases, immunotherapy or targeted therapies may also be used.

It's important to note that treatment plans will vary from patient to patient and should be tailored to the specific needs and circumstances of each individual case. Consulting with a qualified medical professional who specializes in treating pediatric cancer is crucial for determining the best course of action."
0.6154252688090006,0.6571210622787476,0.49081310629844666,0.5360715389251709,0.42638128995895386,0.7705532737546094,1.0819425077335436,0.9515116450640159,0.3333333333333333,0.5360715389251709,0.7579465508460999,0.6983412504196167,0.1561866125760649,0.03861788617886179,0.08316430020283974,0.81251060962677,0.795822024345398,0.8040797114372253,124,0.14588235294117646,0.38,0.22960293039002203,-0.03323259949684143,10,1,1,0,0,0,What are the treatments for Kidney Disease ?,Kidney/Renal,"Kidney disease, including chronic kidney disease (CKD) and diabetic nephropathy, has several treatment options:

1. **Medication Management**: For CKD, it's important to manage high blood pressure, high cholesterol, and high blood sugar through medication if necessary. Commonly used drugs include beta-blockers, angiotensin-converting enzyme inhibitors (ACE inhibitors), angiotensin receptor blockers (ARBs), calcium channel blockers, statins (for high cholesterol), and glucagon-like peptide-1 agonists (GLP-1 agonists) for Type 2 diabetes.

2. **Nutritional Support**: Proper nutrition is crucial. Diets rich in potassium, magnesium, and fiber can help manage hypertension and retain fluid balance.

3. **Regular Blood Testing**: Routine blood tests monitor kidney function, protein level in urine, creatinine, blood glucose, and blood pressure. These tests also assess the need for dialysis or a kidney transplant.

4. **Physical Activity"
0.700887660185496,0.7628901600837708,0.4121764600276947,0.4383687674999237,0.17092951138814294,0.15603141134300866,0.16449252657802707,0.9900255999906444,0.0,0.4383687674999237,0.47525548934936523,0.8031607270240784,0.23809523809523808,0.01923076923076923,0.1142857142857143,0.8391859531402588,0.8431167006492615,0.84114670753479,95,0.8333333333333334,0.19230769230769232,0.4798162020742893,0.13570277392864227,2,1,1,0,0,0,What is (are) High Blood Pressure ?,Cardiovascular,"High blood pressure, also known as hypertension, refers to an increase in the pressure within the arteries, which causes the blood vessels to constrict. This constriction can lead to damage over time, especially in the brain and kidneys, resulting in various complications such as strokes and kidney failure. Normal blood pressure varies by age, sex, and ethnicity, but generally falls within a range of 120/80 mm Hg or lower. People with high blood pressure often don't experience any symptoms until it becomes severe enough to affect their overall health, making prompt diagnosis and treatment crucial."
0.6982501347859701,0.7056013345718384,0.602237323919932,0.6701141595840454,0.2562309503555298,0.04280588168917496,0.04568292967635004,0.9483233243291651,1.0,0.6701141595840454,0.6274197101593018,0.7806814312934875,0.18404907975460125,0.024844720496894408,0.11042944785276072,0.8110204339027405,0.8498635292053223,0.8299877643585205,98,1.5555555555555556,0.38461538461538464,0.7473495999972025,0.7259679436683655,0,1,1,0,0,0,Who is at risk for Stroke? ?,Cardiovascular,"The individuals who are at risk for stroke include those who are overweight or obese, physically inactive, heavy or binge drinkers, users of illegal drugs like cocaine and methamphetamine, individuals with high blood pressure, cigarette smokers, and those with obstructive sleep apnea. Additionally, people with cardiovascular diseases, including heart failure, heart defects, heart infections, or irregular heart rhythms like atrial fibrillation, and COVID-19 infections carry an increased risk of stroke. Lastly, certain demographics, such as those aged 55 years or older, and those from racial/ethnic groups such as African Americans and Hispanics, also face higher risks of stroke."
0.3951333264509837,0.42393815517425537,0.5058504343032837,0.5749500393867493,0.5320085684458415,0.2804921060730569,0.8414763182191708,0.8978244123923036,0.6666666666666666,0.5749500393867493,0.7392474412918091,0.5911211371421814,0.40952380952380957,0.08653846153846155,0.20952380952380953,0.8653379082679749,0.8605079650878906,0.8629162311553955,119,1.3076923076923077,0.5238095238095238,0.32551290643297964,-0.004779423587024212,9,1,1,0,0,0,What is (are) Hemochromatosis ?,Endocrine/Metabolic,"Hemochromatosis is a genetic disorder caused by the accumulation of iron in the body. There are two types of hemochromatosis:

1. Idiopathic hemochromatosis: This type of hemochromatosis occurs spontaneously and has no known cause.
2. Hereditary hemochromatosis: This type of hemochromatosis is inherited from one or both parents and affects males and females equally.

The main symptom of hemochromatosis is jaundice (yellowing of the skin and eyes), which can be confused with other conditions like liver disease or hyperbilirubinemia. Other common symptoms include abdominal pain, fatigue, muscle weakness, and darkening of the skin and eyes. In severe cases, it can lead to heart failure and other organ damage. Early diagnosis and treatment are crucial for managing this condition effectively."
0.3086412350336711,0.3846568167209625,0.32501140236854553,0.49038535356521606,0.5328818559646606,0.09041626342775251,0.12940713936888332,1.0,0.0,0.49038535356521606,0.4196886420249939,0.6973645687103271,0.22758620689655173,0.027777777777777776,0.1586206896551724,0.8144932985305786,0.815461277961731,0.8149769902229309,136,0.8607594936708861,0.21428571428571427,0.14039449694638068,-0.03581138700246811,13,0,1,0,0,1,What is (are) Problems with Smell ?,Unrelated,"Problems with smell can be caused by several factors, including:

1. Sensory neuron damage: This can result in impaired ability to perceive odors.
2. Brain injury or stroke: Trauma to the brain can affect the function of the olfactory system, leading to anosmia.
3. Neurodegenerative disorders: Conditions like Alzheimer's disease or Parkinson's disease can cause sensory neuron degeneration, reducing olfactory sensitivity.
4. Certain medications: Some prescription drugs can disrupt the normal functioning of the olfactory system.
5. Infections: Viral infections of the nose or throat can impair the ability to smell.
6. Allergic reactions: Exposure to allergens, particularly those found in dust, pollen, or pet dander, can cause temporary or permanent loss of smell.

In some cases, specific environmental factors or exposure to certain substances might contribute to a reduced sense of smell, known as anosmia."
0.36560893058776855,0.4027988016605377,0.3553113341331482,0.4052388072013855,0.4930265347162882,0.23139000595500958,0.5669288691297836,0.972322327498813,0.0,0.4052388072013855,0.781200647354126,0.8301480412483215,0.26704545454545453,0.10857142857142857,0.19886363636363635,0.8535503149032593,0.7451180219650269,0.7956569194793701,98,0.3798449612403101,0.225,0.3647080014149348,0.29197341203689575,6,0,1,0,0,1,What is (are) Endometrial Cancer ?,Unrelated,"Endometrial cancer refers to the growth of abnormal tissue in the lining of the uterus, which is responsible for producing the uterine lining. It is one of the most common types of gynecological cancers. Endometrial cancer usually occurs in women between the ages of 50 and 70 years old, but it can also affect younger women. Symptoms of endometrial cancer can include vaginal bleeding between menstrual periods, spotting after sexual intercourse, or having difficulty conceiving. Other symptoms may include pelvic pain, bloating, nausea, and fatigue. Diagnosis and treatment of endometrial cancer typically involve surgery, chemotherapy, and radiation therapy."
0.6840489109357198,0.6915296316146851,0.5814697543780009,0.5938297510147095,0.27863168716430664,0.3449465852367461,0.6731453358302684,1.0,1.0,0.5938297510147095,0.5580946803092957,0.7283933162689209,0.031914893617021274,0.02150537634408602,0.031914893617021274,0.7874861359596252,0.8035445213317871,0.7954343557357788,172,17.2,0.2222222222222222,0.2716169414611963,-0.08106252551078796,8,1,1,0,0,0,What is (are) Heart Failure ?,Cardiovascular,"Heart failure is a condition characterized by a reduced ability of the heart to pump sufficient amounts of blood throughout the body. It can be caused by various factors such as:

1. Coronary artery disease, which results from the buildup of fatty deposits in the arteries narrowing them down and reducing the amount of blood flow to the heart.
2. Heart attack, where damage to the heart muscle from a heart attack means the heart can no longer pump as efficiently as it should.
3. Heart valve disease, where a heart valve does not work properly, leading to a reduced capacity of the heart to pump.
4. High blood pressure, which causes the heart to work harder than necessary, increasing the risk of weakening the heart muscle and causing heart failure.
5. Irregular heartbeats, particularly if they are very frequent and fast, which can weaken the heart muscle and lead to heart failure.
6. Congenital heart disease, which involves structural or functional changes in the heart that can lead to heart failure"
0.6908930142720541,0.7061322927474976,0.6745044390360514,0.7096875905990601,0.2378016312917074,-0.06118061603760808,-0.05410767400947922,0.9617161426601726,1.0,0.7096875905990601,0.7844767570495605,0.687745213508606,0.2784810126582279,0.030534351145038167,0.14177215189873416,0.8355238437652588,0.8153916597366333,0.8253350257873535,144,0.5647058823529412,0.3,0.566703220208486,0.35137659311294556,1,1,1,0,0,0,What is (are) Alzheimer's Disease ?,Neurological,"Alzheimer's Disease is a progressive degenerative neurological disorder that primarily affects the brain's regions responsible for memory, learning, behavior, and mood. It is one of the most common types of dementia, accounting for around 60-70% of all cases diagnosed worldwide. 

It is caused by the accumulation of beta-amyloid plaques and hyperphosphorylated tau protein within the neurons, leading to neuronal death and cognitive decline. The exact cause of Alzheimer's remains unclear, but it is believed to be multifactorial and influenced by genetic, environmental, and lifestyle factors. 

Symptoms of Alzheimer's typically begin with mild memory loss, such as difficulty recalling recent events or conversations, then progress to severe memory impairment, language problems, confusion, disorientation, personality changes, and eventually, profound intellectual disability. As the disease progresses, patients may experience difficulties with daily living activities like dressing, eating, and bathing, which can lead to isolation and social withdrawal."
0.6931524276733398,0.7169723510742188,0.7522666255633036,0.8172948360443115,0.2282073895136515,0.572755075195926,0.8380373168081642,0.9958930264758378,1.0,0.8172948360443115,0.8509823083877563,0.7258753776550293,0.22222222222222224,0.08113590263691683,0.12121212121212123,0.8781478404998779,0.7158141136169434,0.7887147665023804,86,0.2144638403990025,0.32653061224489793,0.3711799684911966,-0.10626444220542908,4,1,1,0,0,0,Who is at risk for Metabolic Syndrome? ?,Endocrine/Metabolic,"Risk factors for metabolic syndrome include:

1. Age: As individuals get older, their risk of developing metabolic syndrome increases.
2. Ethnicity: Hispanics have been found to be at the greatest risk of developing metabolic syndrome in the United States.
3. Obesity: Carrying too much weight, particularly around the abdomen, increases the risk of metabolic syndrome.
4. Diabetes: Having diabetes during pregnancy, which is commonly known as gestational diabetes, increases the risk of metabolic syndrome.
5. Physical activity: Being inactive can increase the risk of metabolic syndrome."
0.6968660950660706,0.7526971101760864,0.5311660965283712,0.5813881158828735,0.2327410181363424,0.22039208019751552,0.28975121600903714,0.9993451092728938,1.0,0.5813881158828735,0.49908849596977234,0.7607306241989136,0.18584070796460175,0.035555555555555556,0.1238938053097345,0.8435272574424744,0.8017520308494568,0.8221092820167542,89,0.2479108635097493,0.17073170731707318,0.5193818420171737,0.1504073590040207,2,1,1,0,0,0,What is (are) Rheumatoid Arthritis ?,Musculoskeletal,"Rheumatoid arthritis is an autoimmune disorder that affects multiple joints, particularly those in the hands, feet, wrists, and elbows. It is characterized by joint pain, stiffness, and swelling. Other areas that may be affected include the skin, eyes, lungs, heart, and blood vessels. Rheumatoid arthritis is an ongoing condition that causes pain, swelling, and irritation in the joints but also damages other parts of the body such as the skin, eyes, lungs, heart, and blood vessels. It is caused by the immune system attacking its own body's tissues mistakenly."
0.652922530968984,0.6605017781257629,0.7120229999224345,0.752206563949585,0.1900618076324463,0.27131796080424697,0.7609148641518549,0.9628684086384982,1.0,0.752206563949585,0.7955852746963501,0.8061500787734985,0.2407079646017699,0.07104795737122557,0.1415929203539823,0.8641335964202881,0.8224095106124878,0.8427554368972778,107,0.2336244541484716,0.4090909090909091,0.43820370733737946,0.20291972160339355,3,1,1,0,0,0,What is (are) Osteoporosis ?,Endocrine/Metabolic,"Osteoporosis is a disease characterized by weakened bones that become fragile and prone to fractures due to reduced bone density and mineral content. It primarily affects the skeleton, particularly the ribs, vertebrae, hips, and wrists, leading to an increased risk of fractures and injuries. The condition can be inherited and worsen with age, affecting both men and women equally but with higher rates in women, particularly those past menopause. It is also influenced by certain factors like genetics, lifestyle choices, and age, making it important for individuals to take preventive measures, such as maintaining a balanced diet, regular physical activity, and avoiding smoking and excessive alcohol consumption."
0.6454389095306396,0.6866858005523682,0.6738294959068298,0.7582670450210571,0.32396980126698816,0.07666219073819484,0.09886628996645137,1.0,1.0,0.7582670450210571,0.7965731620788574,0.6827380657196045,0.2992125984251968,0.05555555555555556,0.15748031496062992,0.8696910738945007,0.7942265272140503,0.8302475214004517,69,0.3670212765957447,0.36585365853658536,0.45088036358356476,0.274349570274353,2,1,1,0,0,0,What is (are) Lupus ?,Musculoskeletal,"Lupus is an autoimmune disorder that affects multiple organs in the body. It causes inflammation and can affect the skin, joints, kidneys, lungs, heart, and brain. This condition can cause joint pain, stiffness, and swelling, butterfly-shaped rashes on the face, and skin lesions that appear or worsen with sun exposure. Finger and toe turning white or blue when exposed to cold or during stressful periods, shortness of breath, head"
0.717918852965037,0.7389278411865234,0.7653277516365051,0.7921192646026611,0.20657648642857873,0.011595900752729477,0.012801483088581563,0.9804032398796355,1.0,0.7921192646026611,0.82309889793396,0.7913064956665039,0.27848101265822783,0.07659574468085106,0.16877637130801687,0.8590973615646362,0.767728328704834,0.8108470439910889,65,0.37790697674418605,0.2972972972972973,0.7620378732681274,0.7419732809066772,0,1,1,0,0,0,What causes Bronchitis ?,Respiratory,"Bronchitis is caused by a variety of factors including exposure to irritants on the job, gastric reflux, repeated bouts of severe heartburn, low resistance, cigarette smoke, air pollution, and dust or toxic gases in the environment or workplace. Chronic bronchitis is typically linked to smoking, but other factors such as viral spread and contact with infected objects may also play a role in its development."
0.588647723197937,0.6384857892990112,0.6089048782984415,0.6733964681625366,0.3629857897758484,0.4373045583204671,0.9533874644973173,0.9942232832299099,1.0,0.6733964681625366,0.7183406352996826,0.6768877506256104,0.142,0.03006012024048096,0.082,0.8387933969497681,0.7594544291496277,0.7971547245979309,134,0.16105769230769232,0.22916666666666666,0.488313190639019,-0.1108863353729248,3,1,1,0,0,0,What is (are) Atrial Fibrillation ?,Cardiovascular,"Atrial Fibrillation (AFib) is a common cardiac arrhythmia characterized by an abnormal heart rhythm. It affects the heart's electrical activity, which can cause problems such as irregular heartbeats, palpitations, chest pain, lightheadedness, reduced physical activity capacity, shortness of breath, and fatigue. AFib has different types based on whether it is paroxysmal or persistent:

1. Paroxysmal atrial fibrillation (PAFib): This form occurs more frequently and tends to resolve spontaneously.
2. Persistent atrial fibrillation (PAFib): These episodes tend to recur, and if untreated, they can progress to atrial flutter, which is another variant of AFib.

Treatment options for AFib include medication, therapy to restore a normal heart rhythm through electro-physical cardioversion, and sometimes surgical interventions like ablation. Healthcare providers often monitor patients with AFib closely due to its association with stroke risk, particularly among those over"
0.6223364472389221,0.6479772329330444,0.6524916489919027,0.7145730257034302,0.2192676464716593,0.151881272528229,0.20340275359332832,1.0,1.0,0.7145730257034302,0.7849788665771484,0.7972928285598755,0.29365079365079366,0.064,0.12698412698412698,0.8644735813140869,0.7720639109611511,0.8156597018241882,86,0.5029239766081871,0.34146341463414637,0.5093035578727723,0.35532689094543457,2,1,1,0,0,0,What are the symptoms of Short Bowel Syndrome ?,Gastrointestinal,"Short bowel syndrome does not typically involve any specific symptoms. This term refers to a condition characterized by a shortened small intestine compared to normal size. However, some individuals with short bowel syndrome might experience digestive issues due to the reduced capacity of the gut to absorb nutrients efficiently. These issues could manifest as nausea, malabsorption, weight loss, and other digestive problems. It's essential to consult a healthcare provider if these symptoms persist or worsen, especially if they're accompanied by signs of infection or severe dehydration."
0.5409887234369913,0.5791816115379333,0.419538011153539,0.4247138500213623,0.20966984828313195,0.265974726853126,0.5875630138853591,0.9977633638423831,0.0,0.4247138500213623,0.7812011241912842,0.7750425338745117,0.30697674418604654,0.08450704225352113,0.16744186046511628,0.8452310562133789,0.8849186897277832,0.8646196722984314,150,2.459016393442623,0.7083333333333334,0.2094807046232745,-0.049515340477228165,14,1,1,0,0,0,What are the treatments for Osteoarthritis ?,Musculoskeletal,"Treatment options for osteoarthritis aim to manage pain, reduce inflammation, and improve joint function. Some of the commonly used treatments include:

1. Medications: Non-steroidal anti-inflammatory drugs (NSAIDs) like ibuprofen or naproxen may help relieve pain and reduce swelling. Corticosteroids can also be prescribed for severe cases to reduce inflammation.

2. Physical therapy: Regular physical therapy exercises can strengthen muscles around affected joints and maintain flexibility and range of motion.

3. Weight management: Maintaining a healthy body weight helps reduce pressure on joints and can ease symptoms.

4. Lifestyle changes: Avoiding smoking and excessive alcohol consumption can also lower joint pain and stiffness.

5. Surgery: In more advanced cases where other treatments fail, surgery such as joint replacement or arthroscopic procedures might be necessary.

6. Assistive devices: Using braces or walking aids can assist in maintaining balance and preventing falls.

7. Heat and cold therapies: Applying heat or ice to affected"
0.5220883091290792,0.5536748170852661,0.4514624973138173,0.4642464816570282,0.460715134938558,0.23123859482605583,0.27697058001221647,0.9782952468882946,0.0,0.4642464816570282,0.5600420236587524,0.7552232146263123,0.14379084967320263,0.026490066225165566,0.10457516339869281,0.794945478439331,0.862384557723999,0.8272929191589355,141,7.833333333333333,0.7142857142857143,0.35741924825641846,-0.10654611140489578,6,1,1,0,0,0,What to do for Kidney Dysplasia ?,Kidney/Renal,"Kidney dysplasia is not a recognized medical term. It seems like there might have been some confusion in the question. If you meant ""kidney dysfunctions"" or ""kidney disorders,"" then here's what to do:

Kidney disorders can be managed through lifestyle changes, medication, or possibly surgery, depending on the specific disorder. For example:
- **High Blood Pressure** - Control it by eating a low-salt diet and exercising regularly.
- **Diabetes** - Manage it with proper nutrition, regular physical activity, and sometimes medication.
- **Chronic Kidney Disease (CKD)** - Monitor closely with regular check-ups and consider treatments if CKD reaches stage 5.
- **Pyelonephritis** - See a doctor immediately if symptoms worsen or if you suspect an infection.
- **Kidney Stones** - Drink plenty of water, avoid high-protein foods, and take painkillers as directed.

Always seek professional advice before making any significant changes"
0.6198114355405172,0.6571210622787476,0.35951175292332965,0.423783540725708,0.45102868477503455,0.582262968832544,0.9551619202107724,1.0,0.0,0.423783540725708,0.5092166662216187,0.730924129486084,0.1774647887323944,0.014124293785310734,0.08450704225352114,0.8187943696975708,0.7750353813171387,0.7963141798973083,153,0.2670157068062827,0.22727272727272727,0.24297265641923463,-0.02919316105544567,12,1,1,0,0,0,What are the treatments for Kidney Disease ?,Kidney/Renal,"The treatments for kidney disease depend on several factors including the type of kidney disease, its severity, and overall health status. Here are some common approaches:

1. **Medication Management**: Commonly used medications include blood pressure medications, anti-diabetes drugs, blood thinners, and cholesterol-lowering agents. These help manage symptoms and control conditions that can cause further damage to the kidneys.

2. **Diabetes Management**: Maintaining tight blood glucose control is essential for preventing progression of diabetic kidney disease. Regular monitoring of blood glucose levels is critical, usually through regular blood tests.

3. **Nutritional Support**: Proper nutrition is crucial for maintaining kidney function. A diet rich in fruits, vegetables, whole grains, lean proteins, and low-fat dairy products can provide necessary nutrients without causing strain on the kidneys.

4. **Kidney Dialysis**: In advanced stages of kidney disease, dialysis becomes necessary. This involves filtering waste products and excess fluids from the blood outside the body through a machine.

5"
0.5895265738169352,0.594255805015564,0.3212611476580302,0.3435862958431244,0.29979906479517615,0.10035837249815709,0.11307429103027214,0.9716648600676782,0.0,0.3435862958431244,0.4594060480594635,0.5849270820617676,0.1636615811373093,0.011126564673157164,0.08599167822468794,0.8102233409881592,0.7839177846908569,0.7968534827232361,160,0.28776978417266186,0.13636363636363635,0.2994212386283008,-0.08412991464138031,7,1,1,0,0,0,What is (are) Diabetes ?,Endocrine/Metabolic,"Type 1 diabetes is a chronic condition characterized by insufficient production of insulin by the pancreas. It primarily affects young children and adolescents but can occur at any age, including adults. The underlying cause of type 1 diabetes is not well understood; however, it is believed to be related to genetic predispositions and viral infections that activate an autoimmune response against the pancreatic beta-cell insulin-secreting cells.

Type 1 diabetes is typically diagnosed through a combination of clinical and laboratory tests, including:

1. Blood glucose monitoring: Continuous glucose monitors (CGMs), fingerstick testing, or blood samples taken from the arm for testing can help diagnose the disease.
2. Genetic screening: Family history analysis and genetic testing can identify individuals who carry mutations associated with type 1 diabetes.
3. Immune markers: Analysis of immunological markers specific to the immune system activation during type 1 diabetes onset can help differentiate between types of diabetes.
4. Viral markers: Presence of certain viruses (such as rubella"
0.734550952911377,0.754438579082489,0.42471035321553546,0.5197954177856445,0.21210885047912598,0.2637368314053899,0.29528073434239305,0.9196944575964343,0.3333333333333333,0.5197954177856445,0.5297149419784546,0.7823662757873535,0.20779220779220778,0.026143790849673203,0.12337662337662338,0.8463894128799438,0.781657338142395,0.8127365112304688,112,0.5714285714285714,0.21212121212121213,0.5303272878130277,0.14162401854991913,1,1,1,0,0,0,What is (are) Polycystic Kidney Disease ?,Kidney/Renal,"Polycystic kidney disease is a genetic disorder characterized by the presence of multiple cysts on both kidneys. These cysts are typically small and do not cause any symptoms until they start growing. Polycystic kidney disease primarily affects children and young adults but may progress into adulthood, leading to kidney failure if left untreated. The condition is caused by mutations in the PKD1 gene, which leads to an accumulation of cysts over time due to impaired kidney function. Treatment options aim to manage symptoms and slow down progression. Preventive measures like maintaining a healthy diet, regular exercise, and avoiding harmful substances can be beneficial in reducing the risk of developing polycystic kidney disease."
0.7183993657430013,0.7400057911872864,0.7827563881874084,0.8405952453613281,0.20934190352757776,0.01304219024733639,0.015877942551577075,1.0,1.0,0.8405952453613281,0.7983693480491638,0.8385753631591797,0.08310749774164408,0.028959276018099542,0.05420054200542005,0.8727661967277527,0.8055466413497925,0.8378103375434875,62,0.058161350844277676,0.22,0.6182384888331095,0.4122520685195923,1,1,1,0,0,0,What causes Gout ?,Musculoskeletal,"Gout is caused by an accumulation of urate crystals in the joints, often resulting from high levels of uric acid in the blood. This condition is primarily associated with overconsumption of foods containing purine-rich ingredients, such as red meats, shellfish, and certain types of fruits. Additionally, alcohol consumption, particularly beer, and weight gain may contribute to an increased risk of developing gout."
0.6005496780077616,0.6878493428230286,0.6040636897087097,0.7164747714996338,0.2968404094378153,0.6399033698851749,1.3201360569721328,1.0,1.0,0.7164747714996338,0.8212034702301025,0.7842115163803101,0.20689655172413793,0.07514450867052024,0.12068965517241378,0.8575133085250854,0.8168811798095703,0.8367042541503906,51,0.17114093959731544,0.17777777777777778,0.6281152069568634,0.6189364194869995,0,1,1,0,0,0,What is (are) Colorectal Cancer ?,Gastrointestinal,"Colorectal cancer refers to any type of cancer that starts in the lining of the colon or rectum, including both colorectal adenocarcinoma and colorectal squamous cell carcinoma. These types of cancer are often referred to collectively as ""colon"" cancer due to their common origin in this region of the digestive system."
0.6014420787493387,0.6183809041976929,0.3859723409016927,0.39800184965133667,0.194465716679891,0.1283281217318494,0.4635306192443577,1.0,0.0,0.39800184965133667,0.5288447141647339,0.7853528261184692,0.20545073375262055,0.037894736842105266,0.11320754716981131,0.8131937980651855,0.8046884536743164,0.8089187741279602,143,0.42433234421364985,0.36585365853658536,0.1907080741532679,-0.059972602874040604,13,1,1,0,0,0,How to diagnose Rheumatoid Arthritis ?,Musculoskeletal,"To diagnose rheumatoid arthritis (RA), your healthcare provider will likely ask you about your symptoms, including:

1. **Pain**: Look for stiffness and pain in your hands, wrists, and other joints.
2. **Swelling**: Check for joint swelling (lymphedema) and any swelling around your eyes.
3. **Fatigue**: If you experience fatigue, especially when doing normal activities like walking or climbing stairs.
4. **Rash**: Pay attention to any new or worsening rashes.
5. **Other symptoms**: Include any changes in appetite, weight loss, fever, or difficulty moving.

Your healthcare provider might also order certain tests, such as:

- **X-rays**: To check for bone erosion or joint spaces narrowing, which are common signs of RA.
- **Blood test**: For inflammation markers to determine the presence of RA.
- **Skin biopsy**: For identifying skin lesions that can indicate the condition.

Regular monitoring of your health through regular check-ups, blood"
0.655844529469808,0.669437825679779,0.6128467321395874,0.6464736461639404,0.3357105255126953,0.15939180477925372,0.17893199848129004,1.0,1.0,0.6464736461639404,0.7977064847946167,0.7213753461837769,0.2801556420233463,0.047058823529411764,0.16342412451361865,0.864403247833252,0.8021965026855469,0.8321388959884644,86,0.4858757062146893,0.23684210526315788,0.45137911041577655,0.06872078776359558,1,1,1,0,0,0,What is (are) Cirrhosis ?,Gastrointestinal,"Cirrhosis is a chronic liver disease characterized by scarring (cirrhosis) of the liver due to prolonged exposure to toxins or viral infections like hepatitis B or C. The liver's function is impaired, leading to various symptoms and complications such as abdominal swelling, fatigue, yellowing of the skin, and difficulty controlling fluid balance. It can be caused by various factors including alcohol consumption, fatty liver diseases, non-alcoholic fatty liver disease, and autoimmune disorders. Treatment options often involve medications to manage symptoms and support the patient's overall health."
0.6974964737892151,0.7156815528869629,0.6887118816375732,0.7299918532371521,0.3067448933919271,0.45117098930202,0.7895969504548248,0.9812237428454936,1.0,0.7299918532371521,0.8136851787567139,0.7284188270568848,0.1925566343042071,0.04051863857374392,0.0970873786407767,0.8665413856506348,0.8418245315551758,0.8540041446685791,153,0.14325842696629212,0.38,0.23873871777738845,-0.09374992549419403,11,1,1,0,0,0,What are the symptoms of Parkinson's Disease ?,Neurological,"Parkinson's Disease can cause a variety of symptoms that affect different aspects of daily life. Some common symptoms include:

1. Tremors: These are the most well-known symptom of Parkinson's Disease, characterized by an uncontrollable shaking of one or more limbs.
2. Slow movement (bradykinesia): As the disease progresses, individuals may find themselves taking longer steps, speaking slower, and having difficulty walking.
3. Resting tremor: This type of tremor occurs while resting or sleeping and typically appears first in the hands and arms. It may spread to other parts of the body over time.
4. Progressive rigidity: Over time, stiffness becomes increasingly noticeable, affecting activities such as turning the head or bending forward.
5. Difficulty with balance and coordination: Parkinson's Disease can lead to difficulties with tasks requiring fine motor skills, such as buttoning a shirt or holding a cup.
6. Cognitive impairment: The disease may also impact cognitive functions, including attention, memory, and"
0.6782961090405782,0.7090240716934204,0.6959802508354187,0.7392605543136597,0.11100437243779504,0.24843053562316983,0.4281579093893084,0.9995576026832671,1.0,0.7392605543136597,0.8267444968223572,0.8556066751480103,0.26506024096385544,0.06097560975609756,0.1566265060240964,0.8384816646575928,0.7897986173629761,0.8134123682975769,43,0.33858267716535434,0.3333333333333333,0.7864478826522827,0.7864478826522827,0,1,1,0,0,0,What are the symptoms of Metabolic Syndrome ?,Endocrine/Metabolic,"The symptoms of metabolic syndrome can include:

- Large waist size (also known as central obesity)
- High blood sugar (diabetes)
- Being thirsty more often than normal
- Experiencing frequent urination
- Tiredness
- Blurred vision due to raised blood glucose levels"
0.6766192317008972,0.7199830412864685,0.7309177915255228,0.787662923336029,0.26172135273615516,0.3456767681106256,0.8170722887801134,0.9632240236355564,1.0,0.787662923336029,0.798055112361908,0.7317763566970825,0.43356643356643354,0.18439716312056736,0.2657342657342658,0.8795864582061768,0.8892763257026672,0.8844048380851746,76,1.2258064516129032,0.3333333333333333,0.6929100155830383,0.6644132137298584,0,1,1,0,0,0,What is (are) Parkinson's Disease ?,Neurological,"Parkinson's disease is a neurodegenerative disorder that affects the brain and nervous system, causing a variety of symptoms including tremors, slowed movement, and difficulty with balance. The exact cause of Parkinson's disease is not fully understood, but it is believed to involve genetic factors, exposure to toxins like pesticides and metals, oxidative stress, and environmental factors. Treatment options for Parkinson's disease include medications, physical therapy, and lifestyle changes, while surgery may be considered in severe cases."
0.5188286105791727,0.5422900915145874,0.48437806963920593,0.49726539850234985,0.3970102071762085,0.030288066181948844,0.04640680462085249,0.9852718161244257,0.0,0.49726539850234985,0.8224232792854309,0.7875797152519226,0.274074074074074,0.04477611940298507,0.16296296296296298,0.874530553817749,0.8300859928131104,0.8517289161682129,74,0.3756345177664975,0.16666666666666666,0.5112574398517609,0.4848374128341675,1,1,1,0,0,0,What causes Hemochromatosis ?,Endocrine/Metabolic,"Hemochromatosis is primarily caused by an accumulation of iron in the body. This excess iron can lead to the breakdown of the liver's ability to detoxify other substances, which can eventually cause liver damage. Other factors contributing to the development of Hemochromatosis include genetic predisposition, environmental toxins, and certain medications. It is important to note that Hemochromatosis has no known cure, but treatment aims to manage symptoms and prevent further damage to the liver."
0.6421187321345011,0.6738247871398926,0.7224440972010294,0.7922556400299072,0.27658168474833167,0.27062456536116647,0.7327946845489728,1.0,1.0,0.7922556400299072,0.7539469003677368,0.7901170253753662,0.33215547703180215,0.07829181494661921,0.12720848056537104,0.8325260877609253,0.7491130828857422,0.788620114326477,148,1.1746031746031746,0.59375,0.2413531956928117,-0.09283654391765594,11,1,1,0,0,0,How to prevent Cardiomyopathy ?,Cardiovascular,"To prevent cardiomyopathy, follow these recommendations:

1. **Avoid Alcohol and Illegal Drugs**: Avoid consuming alcohol or illegal drugs such as cocaine. These substances can damage the heart muscle.
2. **Control Other Conditions**: Manage other health issues like high blood pressure, high cholesterol, or diabetes. Regular check-ups will help detect and manage any underlying conditions early on.
3. **Eat a Healthy Diet**: A balanced diet rich in fruits, vegetables, lean proteins, whole grains, and low-fat dairy products can support overall health and reduce the risk of developing cardiomyopathy.
4. **Get Regular Exercise**: Engage in regular physical activity to maintain a healthy weight and improve heart health. Aim for at least 150 minutes of moderate-intensity aerobic activity or 75 minutes of vigorous-intensity aerobic activity per week.
5. **Maintain a Healthy Weight**: Being overweight or obese increases the risk of developing cardiomyopathy. Maintain a healthy body mass index (BMI) through a"
0.7404163281122843,0.7883769273757935,0.7678153316179911,0.7781052589416504,0.22628178199132287,0.3596648694187248,0.9455763106301388,0.9922176174139236,1.0,0.7781052589416504,0.8050679564476013,0.7912049293518066,0.3384615384615385,0.06191950464396284,0.16,0.8651931285858154,0.849084734916687,0.8570632934570312,136,0.723404255319149,0.2857142857142857,0.5495812048514684,0.2515346109867096,2,1,1,0,0,0,What is (are) Ankylosing Spondylitis ?,Musculoskeletal,"Ankylosing spondylitis, also known as ankylosis, is an autoimmune disorder affecting the spine, particularly the lumbar region, which is the area of the backbone closest to the tailbone. It typically begins with pain in the lower back and hips and progresses through the spine towards the neck. 

The disease results in bone fusion at the spine's joints, which causes deformities such as a straightened posture and difficulty breathing due to restricted lung space. Vision problems, joint pain, and abdominal pain are common among those suffering from this condition.

It is important to note that Ankylosing spondylitis is not a contagious illness; instead, it primarily affects individuals' skeletal structure and mobility. Treatment options range from medications like biologics, which target specific proteins involved in the immune response, to physical therapy aimed at improving flexibility and reducing pain."
0.6668978929519653,0.7449794411659241,0.7171231706937155,0.7850078344345093,0.2688482801119486,0.2850161883489231,0.669859001183664,1.0,1.0,0.7850078344345093,0.779285192489624,0.7975304126739502,0.3284671532846715,0.0661764705882353,0.1678832116788321,0.8933627605438232,0.8399304151535034,0.8658230304718018,78,0.40625,0.358974358974359,0.5248404741287231,0.37189292907714844,2,1,1,0,0,0,What is (are) Bursitis ?,Musculoskeletal,"Bursitis refers to a condition characterized by inflammation of the small fluid-filled sacs that cushion the bones, tendons, and muscles near the joints. It primarily impacts the shoulder, elbow, hip, knee, ankle, and toe areas. This condition results from repetitive stress on these bursae due to activities like throwing, lifting heavy objects, prolonged use of the arm or leg, or other repetitive motions. In some cases, it may be caused by injury or trauma to the affected area."
0.6310347318649292,0.643264889717102,0.6110276579856873,0.6744706630706787,0.2361292839050293,0.2766771917695601,0.6569301083463059,1.0,1.0,0.6744706630706787,0.5658643245697021,0.7027425765991211,0.07516778523489932,0.03230148048452221,0.05100671140939597,0.8554906845092773,0.6969078779220581,0.7680994272232056,40,0.05486968449931413,0.16,0.6773124039173126,0.6274705529212952,0,1,1,0,0,0,Who is at risk for Colorectal Cancer? ?,Gastrointestinal,"People who are obese, people who smoke, and people who drink alcohol excessively are at higher risk of developing colorectal cancer. Additionally, those with certain genetic mutations, such as Lynch syndrome (hereditary nonpolyposis colon cancer), are also at increased risk."
0.6480024456977844,0.6790953874588013,0.6848336060841879,0.7543478012084961,0.2564732631047567,0.12861166691331763,0.14189858585299764,0.9870309861397895,1.0,0.7543478012084961,0.8645356893539429,0.6109156608581543,0.4129554655870445,0.16326530612244894,0.2591093117408907,0.9175498485565186,0.8567277193069458,0.8860962986946106,74,0.44047619047619047,0.3170731707317073,0.5882648825645447,0.395243763923645,1,1,1,0,0,0,What is (are) Dementia ?,Neurological,"Dementia is a group of symptoms affecting memory, thinking, and social abilities. The symptoms interfere with a person's daily life. Dementia isn't one specific disease. Several diseases can cause dementia. Memory loss is one of the early symptoms of dementia. But having memory loss alone doesn't mean you have dementia because memory loss can have different causes. Alzheimer's disease is the most common cause of dementia in older adults, but there are other causes."
0.5045065780480703,0.5302420854568481,0.4543147186438243,0.47629067301750183,0.3158519665400187,0.026755708890339014,0.044421172123036375,1.0,0.0,0.47629067301750183,0.7482984662055969,0.9036632776260376,0.1927710843373494,0.024691358024691357,0.0963855421686747,0.8480843305587769,0.8554794788360596,0.8517658710479736,32,0.6666666666666666,0.1875,0.3942328542470932,0.29582545161247253,2,1,1,0,0,0,How many people are affected by Kidney Dysplasia ?,Kidney/Renal,"Unfortunately, I do not have enough information to provide an accurate answer regarding the number of people affected by Kidney Dysplasia. Please consult reliable sources or healthcare professionals for this specific detail."
0.6908930142720541,0.7061322927474976,0.6933045585950216,0.694792628288269,0.2378016312917074,-0.06118061603760808,-0.05410767400947922,0.9985800172323995,1.0,0.694792628288269,0.7631940841674805,0.7307108640670776,0.22900763358778625,0.06923076923076923,0.12977099236641224,0.882156491279602,0.8153347969055176,0.847430408000946,50,0.2403846153846154,0.27906976744186046,0.6759770512580872,0.6234681606292725,0,1,1,0,0,0,What is (are) Alzheimer's Disease ?,Neurological,"Alzheimer's disease is a progressive neurological disorder that affects the brain, causing cognitive decline and eventually leading to memory loss, difficulty with language, behavioral changes, and seizures. It is the most common cause of dementia and accounts for about 6.9 million cases among the US population aged 65 and above."
0.5911203821500143,0.6311166286468506,0.6468421816825867,0.6624351739883423,0.2521692911783854,0.550332340375503,1.1768449560009926,1.0,1.0,0.6624351739883423,0.8168484568595886,0.7839150428771973,0.14623955431754876,0.03207810320781032,0.06685236768802227,0.8369282484054565,0.7517344951629639,0.7920470833778381,144,0.11383399209486166,0.42,0.12137731562058131,-0.0986698716878891,14,1,1,0,0,0,What are the treatments for Cystic Fibrosis ?,Respiratory,"Treatments for Cystic Fibrosis (CF) focus on managing symptoms, improving lung function, and reducing complications. Treatment strategies include:

1. **Medication**: Medications like bronchodilators, corticosteroids, and antibiotics are used to manage symptoms and control infections.
2. **Nutrition**: Proper nutrition is crucial for maintaining good health. Specialized diets may be needed based on specific nutritional needs.
3. **Physical therapy**: Regular physical activity helps maintain muscle strength, reduce stiffness, and improve overall function.
4. **Education and support**: Education about the disease and its management can be very helpful in coping with daily challenges.
5. **Surgical interventions**: In some cases, surgery may be necessary to address blockages in the lungs or other structural abnormalities.
6. **Ventilation**: Mechanical ventilation may be required for patients with severe respiratory failure.

It's important to note that while these treatments aim to improve quality of life and longevity, they cannot reverse the underlying"
0.7466258605321249,0.7867486476898193,0.6110591491063436,0.7265025973320007,0.2438870072364807,0.2727031661462126,0.6462680977206813,1.0,1.0,0.7265025973320007,0.7045352458953857,0.7394668459892273,0.2947368421052632,0.0353356890459364,0.12631578947368421,0.8454115390777588,0.866606593132019,0.8558778166770935,160,1.3008130081300813,0.375,0.3048074253213902,-0.07021106779575348,8,1,1,0,0,0,What causes Rheumatoid Arthritis ?,Musculoskeletal,"Rheumatoid arthritis (RA) is primarily caused by an autoimmune response to the body's own tissues, known as an autoimmune condition. This process involves the immune system mistakenly attacking healthy joint tissue, leading to inflammation and subsequent tissue damage. Experts do not yet fully understand the precise mechanisms underlying this autoimmune response, but several factors contribute to the development of RA:

1. Genetic Factors: Individuals who carry specific genetic variations that predispose them to RA are more susceptible to developing the disease.
2. Environmental Factors: Certain environmental factors like infections or exposure to certain types of bacteria, viruses, or chemicals have been linked to an increased risk of RA.
3. Hormonal Influences: Hormonal imbalances, particularly during pregnancy, have been suggested to play a role in RA initiation.
4. Immune System Reactions: The immune system becomes overly active in RA, targeting normal tissues rather than pathogens or foreign substances, potentially leading to tissue destruction.
5. Sexuality and Gender: Women are more likely"
0.5750693082809448,0.6069933772087097,0.5077114502588908,0.5813040137290955,0.2221898237864176,0.3485134619563282,0.6965661114138552,0.9613864934125854,0.3333333333333333,0.5813040137290955,0.5383966565132141,0.4384569823741913,0.07692307692307694,0.011111111111111112,0.04395604395604395,0.8834262490272522,0.7886947393417358,0.8333770036697388,10,0.059880239520958084,0.0625,0.48588597774505615,0.48588597774505615,1,1,1,0,0,0,What are the treatments for Alzheimer's Disease ?,Neurological,Medicines may improve symptoms or slow the decline in thinking.
0.6915068427721659,0.7448462247848511,0.7020005583763123,0.775151789188385,0.20966984828313195,0.076477825574633,0.09116542231494082,0.9564640920693706,1.0,0.775151789188385,0.7222071290016174,0.7719427943229675,0.21928166351606804,0.06451612903225806,0.1285444234404537,0.8733455538749695,0.8152692317962646,0.8433086276054382,78,0.17687074829931973,0.4583333333333333,0.5784281094868978,0.5288904905319214,0,1,1,0,0,0,What is (are) Osteoarthritis ?,Musculoskeletal,"Osteoarthritis is a disease that occurs when the protective cartilage covering the ends of bones deteriorates over time due to wear and tear, leading to bone-on-bone contact and eventual joint degeneration. This condition primarily affects joints in the hands, knees, hips, and spine but can affect other parts of the body as well. The disease results in chronic pain and stiffness, along with joint swelling and reduced mobility, making it challenging for individuals to perform daily activities effectively."
0.6915068427721659,0.7448462247848511,0.7259882489840189,0.8325948715209961,0.20966984828313195,0.076477825574633,0.09116542231494082,0.9420254496565925,1.0,0.8325948715209961,0.8047279119491577,0.7843648195266724,0.47500000000000003,0.1772151898734177,0.25,0.8922914266586304,0.9123485088348389,0.9022085070610046,96,1.5238095238095237,0.5925925925925926,0.5822936058044433,0.5216881632804871,0,1,1,0,0,0,What is (are) Osteoarthritis ?,Musculoskeletal,"Osteoarthritis is a disease characterized by the wear and tear of the protective cartilage that cushions the ends of the bones over time. This wear and tear leads to a gradual deterioration of the joint, causing chronic pain, stiffness, and mobility issues. The condition is most commonly found in the hands, knees, hips, and spine, and it affects millions of individuals worldwide. Despite its potential for damage to joints, this form of arthritis cannot be fully reversed. Regular physical activity, maintaining a healthy weight, and receiving specific treatments can help manage symptoms and improve joint function."
0.5887892047564188,0.6636319160461426,0.6812962690989176,0.7611769437789917,0.2951310873031616,0.21710559562908216,0.5651068256936896,0.9990190573284862,1.0,0.7611769437789917,0.7864223718643188,0.7207731008529663,0.4270462633451957,0.19354838709677416,0.2277580071174377,0.8712471723556519,0.7444002032279968,0.8028442859649658,89,0.478494623655914,0.6190476190476191,0.8447955250740051,0.8447955250740051,0,1,1,0,0,0,Who is at risk for Cardiomyopathy? ?,Cardiovascular,"Cardiomyopathy can be associated with various risk factors, including:

Family history of cardiomyopathy
Heart failure and sudden cardiac arrest
Long-term high blood pressure
Conditions affecting the heart, such as a past heart attack, coronary artery disease, or infection in the heart
Obesity, making the heart work harder
Long-term alcohol misuse
Illicit drug use, such as cocaine, amphetamines
Unclassified cardiomyopathy, which includes other types of cardiomyopathy falling into this category
Other risk factors can include genetic predispositions, lifestyle choices, and specific diseases that cause damage to the heart muscle itself."
0.6783149043718973,0.7428709268569946,0.7204632560412089,0.7970648407936096,0.23045390844345093,0.4452058326831752,0.9043236151249241,0.9882423429075665,1.0,0.7970648407936096,0.7947213053703308,0.6955432891845703,0.21311475409836061,0.04132231404958678,0.13114754098360656,0.8907458782196045,0.8327639698982239,0.8607796430587769,55,0.2925531914893617,0.15384615384615385,0.6190860370794932,0.48672249913215637,1,1,1,0,0,0,What is (are) Sleep Apnea ?,Respiratory,"Sleep apnea is a condition characterized by repeated interruptions of breathing during sleep. This can happen due to various reasons such as the collapse of the soft palate or the uvula blocking the airway, causing the person to stop breathing for periods of time. Symptoms may include loud snoring, daytime sleepiness, and excessive daytime fatigue."
0.6267954707145691,0.6514065265655518,0.7328786849975586,0.78122878074646,0.24347078800201416,0.5635538117318829,1.5311598150790966,1.0,1.0,0.78122878074646,0.7104321718215942,0.6970036625862122,0.31333333333333335,0.03355704697986577,0.15333333333333335,0.8391005396842957,0.8349970579147339,0.8370437622070312,162,1.208955223880597,0.2692307692307692,0.28822140420476594,-0.038699664175510406,9,1,1,0,0,0,What is the outlook for Epilepsy ?,Neurological,"The outlook for epilepsy varies depending on the type of epilepsy and individual factors such as age, overall health, and lifestyle choices. Generally, epilepsy management is focused on controlling seizures, improving quality of life, and preventing serious complications. However, it's important to note that no treatment or medication will completely eliminate the possibility of having another seizure.

In most cases, people with epilepsy should continue their regular routine and avoid triggers that might trigger an unexpected seizure. They should also take their medications as prescribed by their healthcare provider and attend any scheduled appointments.

For individuals with epilepsy who experience severe or frequent seizures, the outlook may depend on several factors, including:

1. The severity and frequency of seizures.
2. The presence of other underlying health issues like cardiovascular disease or diabetes mellitus.
3. Medication adherence and compliance with prescribed therapy.
4. The effectiveness of anti-epileptic drugs (AEDs) and how they interact with other medications.
5. Lifestyle changes, including adequate sleep, exercise,"
0.48171093066533405,0.48858991265296936,0.3870326379934947,0.5260410904884338,0.5362618168195088,0.2998481970652902,0.6537503962353606,0.9984570119091553,0.3333333333333333,0.5260410904884338,0.8586919903755188,0.7105635404586792,0.3703703703703704,0.052516411378555804,0.15250544662309368,0.8479962944984436,0.7987627983093262,0.8226436376571655,158,0.5197368421052632,0.4883720930232558,0.4339110680988857,0.26760703325271606,5,1,1,0,0,0,What to do for Wilson Disease ?,Endocrine/Metabolic,"Wilson's disease is a genetic disorder characterized by excessive copper accumulation in the liver, kidneys, and brain. The disease is typically inherited in an autosomal dominant pattern, meaning one parent must carry the gene to pass it on to their offspring. Treatment options include:

  * Copper chelation therapy: This involves taking medication to remove excess copper from the body.
  * Liver transplantation: If the patient has advanced liver disease due to copper toxicity, they may need to undergo this procedure to replace diseased liver cells with healthy ones.
  * Dietary modifications: Avoiding foods high in copper (such as organ meats, spinach, nuts, and seeds) and drinking water and milk products fortified with copper sulfate can help reduce symptoms and manage the disease.

It's important to note that treatment should always be discussed with a healthcare provider who specializes in treating Wilson's disease. The specific approach will depend on the severity of the condition and any underlying health conditions."
0.7690389156341553,0.8142502903938293,0.5891030033429464,0.6895142197608948,0.16199556986490882,0.24784926743302496,0.2892132481656462,0.955605490172445,1.0,0.6895142197608948,0.694515585899353,0.7796282768249512,0.3034257748776509,0.11129296235679215,0.19249592169657423,0.8657485246658325,0.8215936422348022,0.8430933356285095,151,0.311340206185567,0.5510204081632653,0.6033371567726136,0.38872992992401123,1,1,1,0,0,0,What are the complications of Polycystic Kidney Disease ?,Kidney/Renal,"Some complications of polycystic kidney disease (PKD) include:

- High blood pressure: As mentioned, high blood pressure is common in PKD patients and can lead to further damage to the kidneys and an increased risk of heart disease and strokes.
  
- Kidney failure: Over time, as the disease progresses, nearly half of people with PKD will develop kidney failure, which can occur before the age of 60.
  
- Liver involvement: Large cysts or multiple cysts in the liver can also be present in PKD patients, potentially leading to liver damage and complications like jaundice.
  
- Pancreatic involvement: Cysts can also form in the pancreas, which can cause problems with digestion and may need to be surgically removed.
  
- Other organ involvement: PKD can affect other organs such as the heart, lungs, and central nervous system, causing various complications depending on the specific site of the cysts and their size and location."
0.6310644547144572,0.6576657295227051,0.6902385950088501,0.6968729496002197,0.19664229949315393,0.009771938623371315,0.016815697393698665,0.9928009678125689,1.0,0.6968729496002197,0.7335307598114014,0.6032524108886719,0.30921052631578944,0.07947019867549669,0.15131578947368418,0.8417218327522278,0.8060175180435181,0.8234828114509583,150,0.9933774834437086,0.3157894736842105,0.2800672528230482,-0.11919765919446945,11,1,1,0,0,0,Who is at risk for Gout? ?,Musculoskeletal,"People who have high levels of uric acid in their bodies are more likely to develop gout. This condition occurs when there's an accumulation of uric acid in the joints, leading to painful swelling and inflammation. High-risk factors include:

1. A history of gout in family members.
2. Consumption of foods and drinks rich in purines, such as seafood, red meat, and alcoholic beverages.
3. Uncontrolled blood pressure or certain medications used to treat it, which can affect uric acid production and excretion.
4. Obesity, especially abdominal obesity, since excess weight increases uric acid production.
5. Diabetes, particularly type 2 diabetes, because high glucose levels can lead to increased uric acid production and decreased excretion by the kidneys.
6. Heart disease, as it can cause metabolic disturbances that contribute to uric acid accumulation.
7. Kidney diseases, as they impair kidney function, affecting uric acid clearance.
8. Certain medications, like low-dose"
0.4821164508660634,0.5014009475708008,0.5203245083491007,0.57108473777771,0.3437379002571106,0.4241858035147052,0.6092131555951524,1.0,0.6666666666666666,0.57108473777771,0.7970378398895264,0.8171987533569336,0.35537190082644626,0.075,0.1983471074380165,0.8123446702957153,0.8280904293060303,0.8201419711112976,125,1.0080645161290323,0.2903225806451613,0.2724416262004524,-0.08144814521074295,18,0,1,0,0,1,What are the symptoms of Prostate Cancer ?,Unrelated,"Prostate cancer symptoms may include:

1. Blood in urine (hematuria)
2. Frequent urination
3. Painful urination
4. Discolored urine, often appearing bright red or cola-colored
5. Feeling of not completely emptying the bladder after urinating
6. Loss of appetite
7. Pain in the side or back
8. Unexplained weight loss
9. Weakness or fatigue
10. Other changes in bowel habits, such as increased frequency or difficulty passing stools.
11. Cramping or abdominal pain
12. Diarrhea or constipation
13. Abdominal bloating
14. Pelvic pain or discomfort
15. Urinary retention
16. Changes in libido or sexual function
17. Hematuria (blood in urine)

It's important to note that these symptoms may vary from person to person, and some people might experience only one or two of them. Regular"
0.5854248205820719,0.5994164347648621,0.5560558040936788,0.5892062783241272,0.34363613526026404,0.5551160618943775,0.7454934643349076,1.0,1.0,0.5892062783241272,0.6807973384857178,0.6816225051879883,0.36764705882352944,0.029629629629629627,0.16176470588235295,0.8408902883529663,0.8194048404693604,0.8300085663795471,148,1.3454545454545455,0.3870967741935484,0.2626550979912281,-0.0940445214509964,7,1,1,0,0,0,what research (or clinical trials) is being done for Parkinson's Disease ?,Neurological,"Research on Parkinson's disease is ongoing, and several studies are currently investigating potential prevention methods:

1. **MPTP (Methylphenidate, Pilocarpine) Studies**: A specific treatment for Parkinson's disease, MPTP, is used in animal models to test its effects on reducing neurodegeneration associated with Parkinson's. However, it's important to note that this drug has been banned due to concerns about its safety and efficacy.

2. **Translational Neuroscience Studies**: These involve the study of how genes, proteins, and other molecules interact within the brain to understand how diseases like Parkinson's develop. By understanding these interactions, researchers aim to develop targeted therapies.

3. **Genetic Research**: Studies are examining genetic factors that contribute to the development of Parkinson's disease, focusing on identifying mutations and gene variants that might increase the risk of developing the condition.

4. **Nutritional and Lifestyle Studies**: There are ongoing investigations into the role of diet and lifestyle choices in preventing"
0.6223364472389221,0.6479772329330444,0.28116632501284283,0.32482028007507324,0.2192676464716593,0.151881272528229,0.20340275359332832,0.9987680821546113,0.0,0.32482028007507324,0.28243744373321533,0.6398247480392456,0.18450184501845018,0.0,0.08118081180811808,0.812822163105011,0.7825363874435425,0.7973917722702026,145,1.0507246376811594,0.043478260869565216,0.5646574546893438,0.34452447295188904,2,1,1,0,0,0,What are the symptoms of Short Bowel Syndrome ?,Gastrointestinal,"Irritable Bowel Syndrome (IBS) and Short Bowel Syndrome (SBS) are distinct conditions with different symptoms. However, some overlap exists between these two disorders, and both can manifest similar symptoms. Here's a comparison of symptoms:

- Irritable Bowel Syndrome (IBS): This includes symptoms like abdominal pain, bloating, altered bowel habits, constipation, diarrhea, and rectal itching.
- Short Bowel Syndrome (SBS): SBS typically involves symptoms like abdominal discomfort, bloating, and flatulence, which are not directly related to bowel movements but can be caused by reduced volume of food moving through the small intestine.
  
While SBS might appear to be a type of irritable bowel syndrome due to its association with reduced bowel movement patterns, it's crucial to note that SBS is a specific condition, characterized by a shorter-than-normal size of the small intestine, leading to decreased absorption of nutrients from food. Therefore, its main symptom is malabsorption"
0.5834241906801859,0.6033796668052673,0.5911266605059305,0.635887086391449,0.24008836348851526,0.20838903153935454,0.5500918522881656,0.9970590349477066,1.0,0.635887086391449,0.6125446557998657,0.559258759021759,0.2794759825327511,0.06167400881057269,0.16593886462882096,0.8052180409431458,0.8468643426895142,0.8255162835121155,159,2.3043478260869565,0.42857142857142855,0.363325505251331,0.024307353422045708,9,1,1,0,0,0,What is (are) Stroke ?,Neurological,"Stroke is a medical emergency that occurs when blood flow to an area of the brain is cut off or restricted. This can be due to a blood clot or a ruptured blood vessel within the brain. Symptoms may vary depending on where in the brain is affected, but common symptoms include:

1. Loss of consciousness or confusion
2. Confused thinking or speech difficulties
3. Unexplained numbness or weakness in the face, arm or leg, especially on one side of the body
4. Trouble seeing in one eye
5. Trouble speaking
6. Problems with balance or coordination
7. Slurred speech or difficulty speaking
8. Seizures
9. Difficulty walking or loss of balance
10. Sudden chest pain or shortness of breath

In some cases, stroke can result in long-term disability or death if it affects areas of the brain responsible for vital functions such as breathing, swallowing, or motor skills. Prompt medical attention is crucial in preventing complications and improving"
0.690938134988149,0.7285659313201904,0.7290420333544413,0.7682154774665833,0.14940029382705688,0.024470712720914847,0.029339806049743594,1.0,1.0,0.7682154774665833,0.9010280966758728,0.8010734915733337,0.5204081632653061,0.16494845360824742,0.29591836734693877,0.9086645841598511,0.8823621273040771,0.8953202366828918,80,0.6956521739130435,0.425,0.6046774625778198,0.31101709604263306,1,1,1,0,0,0,What are the symptoms of Heart Attack ?,Cardiovascular,"The symptoms of a heart attack can be varied and depend on the severity of the condition. However, common symptoms include chest pain, which may feel like pressure, tightness, squeezing, or aching. Pain or discomfort that spreads to the shoulders, arms, back, neck, jaw, teeth, or occasionally the upper belly. Cold sweats, shortness of breath, lightheadedness, and sudden dizziness can also be experienced during a heart attack. These symptoms are often considered the most common sign of a heart attack."
0.6982028683026632,0.7603431940078735,0.7796756426493326,0.8667048215866089,0.20284463961919152,0.5299031686589776,1.1943994814413994,1.0,1.0,0.8667048215866089,0.9412564039230347,0.8413570523262024,0.4366197183098592,0.2142857142857143,0.3943661971830986,0.8899587988853455,0.8505439758300781,0.8698050379753113,48,0.48484848484848486,0.6,0.17339261760935187,-0.06520980596542358,15,1,1,0,0,0,What are the symptoms of Lung Cancer ?,Respiratory,"The symptoms of lung cancer may include:

1. A new cough that doesn't go away.
2. Chest pain.
3. Coughing up blood, even a small amount.
4. Hoarseness.
5. Shortness of breath.
6. Loss of appetite.
7. Swelling in the face or neck.
8. Weight loss without trying."
0.6280107895533243,0.6454721093177795,0.7142958243687948,0.7324697971343994,0.13459595044453943,0.040844259309246254,0.05195251683795426,0.9870593869891676,1.0,0.7324697971343994,0.7977612018585205,0.624616265296936,0.14705882352941177,0.059071729957805914,0.11344537815126049,0.8837751150131226,0.789095938205719,0.8337562084197998,50,0.11764705882352941,0.2978723404255319,0.5959233641624451,0.4285748600959778,1,1,1,0,0,0,What is (are) COPD ?,Respiratory,"COPD stands for Chronic Obstructive Pulmonary Disease. It refers to a group of lung diseases that make it difficult for people to breathe. Some common causes of COPD are smoking, pollution, and respiratory infections. People with COPD may experience symptoms like shortness of breath, chest congestion, and a persistent cough."
0.5982492963473002,0.6095661520957947,0.7136839628219604,0.7843095064163208,0.28706558545430505,0.2872233981926186,0.7560516600690868,0.9681519663014959,1.0,0.7843095064163208,0.8255456686019897,0.6322700381278992,0.3536977491961415,0.07119741100323625,0.17363344051446947,0.8442417979240417,0.8522435426712036,0.848223865032196,162,1.0318471337579618,0.48484848484848486,0.3846178684383631,-0.039208631962537766,7,1,1,0,0,0,What is (are) Hemorrhoids ?,Gastrointestinal,"Hemorrhoids are conditions that involve the enlarged veins found inside the rectum. They typically develop due to changes in the blood vessels, particularly in the lower end of the digestive tract, leading to swelling and discomfort. The most common symptoms include:

- Prolapse - Inability to completely return the hemorrhoid back into its normal position.
- Bleeding - During bowel movements, stool may contain clots of blood or appear bloody.
- Pain - Intense soreness, especially during straining or lifting heavy objects.
- Infection - Can lead to inflammation and pain if not treated promptly.
- Swelling - May be noticed as swelling around the anus, affecting daily activities.

Treatment options include conservative measures like lifestyle adjustments, over-the-counter remedies, and occasionally prescription medications for symptomatic relief. More severe cases might require surgical intervention to remove the affected veins or prevent further complications. Hemorrhoids can also be managed by maintaining good hygiene and avoiding habits such as便秘 or sitting too long without moving"
0.5900197227795919,0.6008812189102173,0.45862619082132977,0.48654067516326904,0.232979416847229,0.339054292936122,0.6671791385554671,0.9976119274404237,0.0,0.48654067516326904,0.46452099084854126,0.7946450710296631,0.26706231454005935,0.047761194029850754,0.14836795252225518,0.8239775896072388,0.8187316656112671,0.8213462233543396,156,0.8666666666666667,0.32142857142857145,0.21083657985383814,-0.05016379430890083,9,1,1,0,0,0,What are the treatments for Urinary Tract Infections in Children ?,Kidney/Renal,"Treatment options for children with urinary tract infections include:

1. **Antibiotics**: If the infection is caused by bacteria, antibiotics will be prescribed to kill off the bacteria responsible for the infection.
2. **Prescription Medications**: These medications may also include pain relievers like acetaminophen or ibuprofen to alleviate discomfort.
3. **Fluids**: Keeping the child well hydrated through sips or oral rehydration solutions can help reduce swelling and flush out any remaining bacteria.
4. **Surgical Intervention**: In cases where the infection has spread beyond the urinary tract, such as into the kidneys or bladder, surgery may be necessary to remove infected parts and prevent further complications.
5. **Watchful Waiting**: In some cases, particularly in young children or those with underlying health issues, treatment might focus on symptomatic relief until the cause of the infection can be identified or resolved.

It is crucial to follow your healthcare provider’s recommendations regarding the specific treatment plan for your child, including dosage"
0.49081753691037494,0.5810723304748535,0.2909450928370158,0.32268044352531433,0.2662946780522665,0.47189772090522436,0.7930990752971104,0.9933397732163811,0.0,0.32268044352531433,0.3690527677536011,0.8177428841590881,0.20408163265306123,0.013793103448275862,0.108843537414966,0.8437857627868652,0.8519492149353027,0.8478478193283081,85,1.4166666666666667,0.2,0.2926069013774395,0.08780504763126373,4,0,1,0,0,1,What is (are) Surviving Cancer ?,Unrelated,"Surviving cancer refers to individuals who have been diagnosed with cancer and have successfully undergone treatment, including surgery, chemotherapy, radiation therapy, and/or targeted therapy. Survivors typically experience long-term health effects, such as potential side effects from treatments, chronic disease management, and psychological impacts related to diagnosis, treatment, and recovery. They also face unique challenges in maintaining overall health and wellness throughout their lives. Additionally, surviving cancer can result in loss of quality of life and impact family dynamics, leading to emotional, social, and financial burdens."
0.690041740735372,0.7061851024627686,0.6618285775184631,0.7544025182723999,0.22467219829559326,0.08074100733416567,0.08971971601161136,0.9993547020947198,1.0,0.7544025182723999,0.655968427658081,0.8031861782073975,0.08118081180811808,0.027127003699136867,0.04920049200492005,0.8353570699691772,0.7262630462646484,0.7769994139671326,39,0.05327868852459016,0.26,0.6209579606850942,0.45635655522346497,1,1,1,0,0,0,What causes Pneumonia ?,Respiratory,"The most common cause of pneumonia is a bacterial infection. Other potential causes include viral infections, especially among young children and older adults, and fungal infections. In some cases, pneumonia can also be caused by other organisms like mycobacteria,军团菌,真菌等。"
0.6646509369214376,0.6800392866134644,0.4450058043003082,0.46306997537612915,0.19686935345331824,0.8106343108904569,1.6767054055104453,0.9759351511370143,0.0,0.46306997537612915,0.4776533544063568,0.7744113206863403,0.11497730711043873,0.015174506828528073,0.07564296520423601,0.7818311452865601,0.7994067668914795,0.7905213236808777,109,0.20036764705882354,0.16326530612244897,0.3653236851096153,0.20373234152793884,3,1,1,0,0,0,What are the treatments for Peripheral Arterial Disease (P.A.D.) ?,Cardiovascular,"There are several treatments available for Peripheral Arterial Disease (PAD), including:

1. Lifestyle changes:
   - Smoking cessation
   - Regular exercise (e.g., walking)
   - Eating a diet rich in fruits, vegetables, whole grains, lean proteins, and healthy fats
   - Maintaining a healthy weight
   - Managing blood pressure, cholesterol, and diabetes
   - Getting adequate sleep
   - Managing stress levels

2. Medications:
   - Antiplatelet medications (e.g., aspirin, clopidogrel) to help prevent blood clots
   - Anticoagulants (e.g., warfarin) to thin the blood
   - Angioplasty/stenting to widen narrow arteries
   - Blood thinners like heparin or rivaroxaban
   - Vasodilators to increase blood flow

3. Endovascular procedures:
   - Balloon angioplasty to expand narrowed arteries
   - Stenting"
0.6573982834815979,0.6822491884231567,0.37380317846934,0.40046510100364685,0.16686511039733887,0.28234134864641286,0.6478632277769141,0.9986823217070941,0.0,0.40046510100364685,0.7190178036689758,0.6472617387771606,0.2482758620689655,0.07612456747404844,0.15172413793103448,0.8376188278198242,0.8217602372169495,0.8296137452125549,141,0.33098591549295775,0.4166666666666667,0.1993453153832392,-0.08837714791297913,9,1,1,0,0,0,How to diagnose Peripheral Arterial Disease (P.A.D.) ?,Cardiovascular,"To diagnose Peripheral Arterial Disease (PAD), healthcare professionals typically conduct a physical examination to assess the symptoms mentioned above. They might also ask about family history, smoking habits, and any recent illnesses or surgeries. Additionally, they might order certain diagnostic tests such as:

1. **Blood Tests**: These can help determine the presence of high levels of cholesterol or high-density lipoprotein (HDL) cholesterol, which can be indicators of atherosclerotic plaques forming in the arteries.

2. **Echocardiogram**: An echocardiogram uses sound waves to create pictures of the heart and surrounding vessels. It can reveal signs of atherosclerosis within the coronary arteries, which supply oxygen-rich blood to the heart.

3. **Cranial Doppler Ultrasound**: A non-invasive test used to measure blood flow in the carotid arteries, which provide blood to the brain. This test can detect narrowing or blockage in these arteries, suggesting PAD.

4."
0.6310347318649292,0.643264889717102,0.5364776055018107,0.541143536567688,0.2361292839050293,0.2766771917695601,0.6569301083463059,0.9936701596834387,1.0,0.541143536567688,0.428134024143219,0.8210471868515015,0.1904761904761905,0.048192771084337345,0.11904761904761905,0.8014636039733887,0.8631542921066284,0.8311658501625061,146,4.866666666666666,0.3,0.34293221558133763,0.1429508626461029,9,1,1,0,0,0,Who is at risk for Colorectal Cancer? ?,Gastrointestinal,"The individuals who are at risk for colorectal cancer include:

  * Individuals over 50 years old.
  * People with a family history of colon cancer.
  * People who smoke.
  * People who consume a diet high in red and processed meats.
  * People who drink alcohol excessively.
  * People who are overweight or obese.
  * People who have diabetes or insulin resistance.
  * People who do not engage in regular physical exercise.
  * People who use radiation therapy for cancer treatments.
  * People who experience obesity-related health conditions such as hypertension, sleep apnea, and metabolic syndrome.

It is essential to note that there are multiple genetic and environmental factors involved in the development of colorectal cancer, and early detection through screening tests like colonoscopy can significantly improve outcomes. Regular health check-ups and adherence to a balanced diet can further reduce the risk of developing colorectal cancer."
0.43387094140052795,0.5357855558395386,0.27271171907583874,0.3549897372722626,0.5503303209940593,0.6293244836143623,0.9105530206429826,0.9664336296632425,0.0,0.3549897372722626,0.637544572353363,0.7446989417076111,0.19999999999999998,0.049079754601226995,0.09999999999999999,0.8506845831871033,0.8339215517044067,0.8422197103500366,154,0.1873479318734793,0.46938775510204084,0.19659494108054787,-0.07140224426984787,14,0,1,0,0,1,What are the treatments for Gum (Periodontal) Disease ?,Unrelated,"The treatment for gum (periodontal) disease includes:

1. Scaling and root planing: This involves removing plaque, tartar, and bacteria from the surface of the teeth and bone beneath them.

2. Medications: Certain medications, such as antibiotics, can help fight infection.

3. Dental hygiene practices: Regular brushing and flossing can help prevent bacterial buildup and reduce inflammation in the gums.

4. Surgical intervention: In severe cases, surgical procedures like flap surgery may be needed to clean the affected areas.

5. Changes in diet: Eating more fiber-rich foods can help maintain oral health by reducing the amount of food particles that stick to the teeth and cause inflammation.

6. Smoking cessation: Smoking contributes to periodontal disease and should be avoided as much as possible.

7. Periodic check-ups: Routine dental visits are important to monitor the health of the gums and teeth.

8. Use of mouthwash: Certain mouthwashes can help kill bacteria and promote better oral health"
0.6234184304873148,0.6541458368301392,0.4074942270914714,0.4219030439853668,0.385161836942037,0.15516223878104615,0.1944769218064748,0.9868830778173037,0.0,0.4219030439853668,0.48698854446411133,0.6976190209388733,0.10264900662251655,0.009966777408637875,0.06291390728476823,0.832261323928833,0.7792187929153442,0.8048670887947083,74,0.1383177570093458,0.10416666666666667,0.5559429029623667,0.4198302924633026,1,1,1,0,0,0,How to prevent Osteoporosis ?,Endocrine/Metabolic,"To prevent osteoporosis, it is important to maintain a balanced diet rich in calcium and vitamin D. This includes foods like low-fat dairy products, dark green leafy vegetables, canned salmon or sardines with bones, and soy products like tofu. Regular exercise, particularly weight-bearing activities such as walking, running, stair climbing, skiing, and impact-producing sports, can also help strengthen bones and prevent osteoporosis. Additionally, taking supplements such as calcium and vitamin D may be beneficial."
0.700887660185496,0.7628901600837708,0.10967348764340083,0.1524745225906372,0.17092951138814294,0.15603141134300866,0.16449252657802707,0.8215673900437022,0.0,0.1524745225906372,0.14503003656864166,0.7528730630874634,0.12189616252821672,0.0045351473922902496,0.08577878103837473,0.7790297269821167,0.7562004327774048,0.7674453258514404,133,0.4463087248322148,0.0,0.5564343631267548,0.3873237669467926,2,1,1,0,0,0,What is (are) High Blood Pressure ?,Cardiovascular,"High blood pressure, also known as hypertension, is a common condition characterized by an increased force of the blood pushing against the artery walls. This force is generally too high, leading the heart to work harder to pump blood. Blood pressure can be measured in millimeters of mercury (mm Hg), with ideal blood pressure being 120/80 mm Hg or lower, elevated blood pressure being between 120-129 mm Hg and 80-89 mm Hg, and stage 1 hypertension being 130-139 mm Hg or 80-89 mm Hg, and stage 2 hypertension being 140 mm Hg or higher or 90 mm Hg or higher. Untreated, high blood pressure significantly increases the risk of various complications such as heart attack, stroke, and other serious health problems. Therefore, it is crucial to manage and monitor blood pressure levels regularly."
0.6340439716974894,0.6803463697433472,0.5391349991162618,0.5861039161682129,0.19335681200027466,0.2616834903287084,0.6184033335178951,0.9950377923104565,0.6666666666666666,0.5861039161682129,0.6592400074005127,0.8061438798904419,0.4067796610169491,0.10526315789473685,0.2711864406779661,0.8992513418197632,0.8790482878684998,0.8890351057052612,31,1.1923076923076923,0.21428571428571427,0.6159592866897583,0.5548419952392578,0,1,1,0,0,0,How many people are affected by Osteoarthritis ?,Musculoskeletal,"According to the information provided, it states that osteoarthritis is the most common form of arthritis, affecting millions of people worldwide. Therefore, approximately 1 million people worldwide are affected by osteoarthritis."
0.5596327781677246,0.5907003879547119,0.31664370993773144,0.383226215839386,0.34902340173721313,0.3807136185848042,0.6810779841392511,0.9745356842756486,0.0,0.383226215839386,0.3111516833305359,0.7720201015472412,0.2708333333333333,0.03157894736842105,0.15625,0.8325279355049133,0.8551793098449707,0.8437016606330872,110,1.375,0.3,0.46690271496772767,0.13714292645454407,3,1,1,0,0,0,What are the treatments for Colorectal Cancer ?,Gastrointestinal,"The treatments for colorectal cancer include surgery, radiation therapy, and medications like chemotherapy, targeted therapy, and immunotherapy. Colorectal cancer, also known as colon cancer, typically starts in the colon or rectum but can spread throughout the body, affecting various organs depending on its size and location within the digestive tract. Treatment plans may vary based on the stage of the cancer and personal preferences regarding treatment methods. Early detection through screening tests, including colonoscopies and fecal occult blood test (FOBT), plays a crucial role in preventing and detecting colorectal cancer. It's important to consult with a healthcare professional to determine the most appropriate course of action for each individual case."
0.7306821544965109,0.77405846118927,0.49538978934288025,0.5445529222488403,0.21244039138158166,0.28383748295483174,0.5842136236495632,0.9882476910972504,0.6666666666666666,0.5445529222488403,0.7248740196228027,0.6561908721923828,0.3669724770642202,0.06481481481481483,0.1834862385321101,0.8558526635169983,0.8680293560028076,0.8618980646133423,117,1.17,0.4782608695652174,0.4150070675781795,0.2801531255245209,6,1,1,0,0,0,How to prevent Polycystic Kidney Disease ?,Kidney/Renal,"Managing your blood pressure is crucial for preventing complications associated with Polycystic Kidney Disease (PKD). Taking prescribed blood pressure medications and adopting a healthy lifestyle can significantly reduce the risk of developing hypertension. Eating a diet rich in fruits, vegetables, and whole grains helps maintain normal blood pressure levels. Getting to and staying within a healthy weight range also plays a vital role in managing blood pressure effectively. Regular exercise, especially aerobic activities, helps improve cardiovascular health and reduces blood pressure. Additionally, limiting alcohol consumption and avoiding smoking are essential components of maintaining good blood pressure control. Implementing these strategies alongside regular monitoring from healthcare professionals can greatly contribute to the prevention and management of PKD-related complications."
0.5172646741072336,0.5783278942108154,0.2509604220589002,0.5098215341567993,0.41146696607271827,0.5242117372456226,1.5726352117368678,0.6824910069369011,0.3333333333333333,0.5098215341567993,0.21777376532554626,0.7978019118309021,0.21008403361344538,0.01694915254237288,0.13445378151260506,0.8360296487808228,0.7882874011993408,0.8114568591117859,74,0.4431137724550898,0.03333333333333333,0.3561793193221092,0.22121897339820862,4,1,1,0,0,0,What is (are) Wilson Disease ?,Endocrine/Metabolic,"Wilson Disease is a hereditary disorder characterized by excessive copper accumulation in the liver, spleen, and bone marrow. The excess copper can cause damage to these organs, leading to various clinical manifestations such as jaundice, fatigue, weight loss, and liver failure. Additionally, it also affects the nervous system causing neurological problems like memory loss, confusion, seizures, and parkinsonism. Wilson Disease has a strong genetic component and can lead to serious consequences if left untreated."
0.5931946436564127,0.5993918180465698,0.5582460761070251,0.5921880602836609,0.27063516775767005,0.14642712458738374,0.16973508883601118,0.9812184486833471,1.0,0.5921880602836609,0.8713340759277344,0.7960627675056458,0.22641509433962262,0.089171974522293,0.16352201257861637,0.8358765840530396,0.8930516839027405,0.8635187149047852,127,4.535714285714286,0.75,0.40639854470888775,0.06797462701797485,3,1,1,0,0,0,How many people are affected by Urinary Tract Infections in Children ?,Kidney/Renal,"The question ""How many people are affected by Urinary Tract Infections in Children?"" does not have a straightforward answer as the number varies depending on various factors such as age group, location, and healthcare access. According to the Centers for Disease Control and Prevention (CDC), about one-third of children aged 1-4 years old experience a urinary tract infection annually in the United States. However, there is no official count provided by the CDC for the total number of children affected by UTIs in any given year. It's essential to note that these figures do not account for asymptomatic infections, which occur frequently without clinical symptoms. Additionally, the prevalence of UTIs can be influenced by factors like vaccination rates, hygiene practices, and overall health status among young children."
0.4152822295824687,0.45429325103759766,0.25009217361609143,0.3660651743412018,0.5276325742403667,0.35209696597181034,0.9676660654183131,0.912053200502041,0.0,0.3660651743412018,0.7884508371353149,0.7023044228553772,0.33467741935483863,0.07287449392712551,0.14112903225806453,0.8552237749099731,0.8458126187324524,0.8504921197891235,136,0.3756906077348066,0.5319148936170213,0.1292621920315119,-0.03742391616106033,13,0,1,0,0,1,How to diagnose Endometrial Cancer ?,Unrelated,"Endometrial cancer is typically diagnosed through a combination of methods:

1. **Physical Examination**: A healthcare professional will perform a pelvic exam to assess the size and shape of the uterus, which can help detect abnormalities.
   
2. **Ultrasonography (Ultrasound)**: This non-invasive test uses sound waves to create images of internal organs. It can show areas of thickening in the lining of the uterus (endometrium), which is common in endometrial cancer.
   
3. **MRI (Magnetic Resonance Imaging)**: An MRI uses strong magnetic fields and radio waves to create detailed images of tissues inside the body. It's useful for visualizing areas of thickened tissue or other abnormalities.
   
4. **Cytology (Cells) or Cervical Biopsy**: A sample of cervical material is removed for examination under a microscope. If abnormal cells are found, it helps confirm the presence of cancer.
   
5. **Hysteroscopy**: In"
0.5712766448656718,0.6174800395965576,0.3651903470357259,0.4080870747566223,0.3482883175214132,0.1969277638334461,0.23481352445162879,0.9662120283877944,0.0,0.4080870747566223,0.5482182502746582,0.8350617289543152,0.1407035175879397,0.020304568527918784,0.07035175879396985,0.8160113096237183,0.8726190328598022,0.8433663249015808,159,4.416666666666667,0.7142857142857143,0.22807435620137873,-0.06994694471359253,14,1,1,0,0,0,How to prevent Short Bowel Syndrome ?,Gastrointestinal,"Unfortunately, there is no clear-cut prevention strategy for short bowel syndrome (SBS). It's primarily caused by damage or destruction of a portion of the small intestine. 

However, following a healthy lifestyle can help improve gut health and possibly reduce the risk of developing SBS. This includes:

1. Eating a balanced diet rich in protein, healthy fats, complex carbohydrates, and fruits and vegetables.
2. Consuming adequate amounts of water daily to keep stools soft and easy to pass.
3. Avoiding certain foods that can irritate the gut like spicy foods, caffeine, and dairy products.
4. Engaging in regular physical activity to maintain good digestion.
5. Staying hydrated and avoiding dehydration.
6. Managing stress levels through relaxation techniques such as meditation, yoga, or deep breathing exercises.

If you're experiencing symptoms of short bowel syndrome, it's essential to consult a healthcare professional who specializes in intestinal disorders. They can provide personalized guidance on managing symptoms and treatment options based on individual needs."
0.6975569725036621,0.7024768590927124,0.5619608163833618,0.5757203102111816,0.1339559555053711,0.1759626877729823,0.5142542104729909,0.9904949852603407,1.0,0.5757203102111816,0.45531561970710754,0.6741361021995544,0.29972752043596734,0.01643835616438356,0.12534059945504086,0.8427325487136841,0.8248029947280884,0.8336713910102844,168,0.8936170212765957,0.30303030303030304,0.40068657603114843,0.07496029883623123,3,1,1,0,0,0,What is the outlook for Alzheimer's Disease ?,Neurological,"The prognosis for Alzheimer's disease varies depending on several factors, including age at onset, severity of symptoms, and individual health status. Generally, early detection and effective treatment can help slow the progression of the disease and improve quality of life for individuals affected by Alzheimer's.

As of now, there is no cure for Alzheimer's disease, but treatments can help manage symptoms and maintain a higher quality of life. Medications like cholinesterase inhibitors, memantine, and other drugs have shown promise in improving cognitive function and reducing behavioral issues associated with Alzheimer's. Other therapies include physical therapy to prevent falls, occupational therapy to improve daily living skills, and support groups to provide emotional support.

Moreover, research continues to explore innovative approaches such as gene editing techniques to potentially halt the disease process or even reverse its effects. However, these treatments are still experimental and ongoing studies are needed to fully understand their efficacy and safety profile.

In summary, while there isn't a cure yet for Alzheimer's disease, ongoing research provides"
0.6393037637074789,0.6710646152496338,0.6169954737027487,0.6506620645523071,0.24120783805847168,0.3190996824302057,0.6789365370625541,0.986016157660105,1.0,0.6506620645523071,0.697230875492096,0.7907755374908447,0.11214953271028037,0.028125,0.07476635514018692,0.8252397179603577,0.791043221950531,0.8077796697616577,64,0.11149825783972125,0.061224489795918366,0.4695376952489217,0.35790401697158813,1,1,1,0,0,0,What is (are) Lung Cancer ?,Respiratory,"(Lung cancer), which is also known as bronchogenic carcinoma or bronchioloalveolar carcinoma, is a type of cancer that begins in the lining of the lungs. It primarily affects the lungs and can lead to complications such as coughing up blood, difficulty breathing, chest pain, fatigue, and weight loss. Lung cancer typically develops slowly over decades and usually does not present symptoms until advanced stages."
0.2746461530526479,0.3215475082397461,0.391741414864858,0.4393463134765625,0.5603486001491547,0.2371179366020605,0.7113538098061815,1.0,0.0,0.4393463134765625,0.7856155037879944,0.5268269777297974,0.3013698630136986,0.013888888888888886,0.12328767123287672,0.8302717804908752,0.8721844553947449,0.8507121801376343,103,2.5121951219512195,0.4117647058823529,0.34998767375946044,0.2685032784938812,5,1,1,0,0,0,What is (are) Balance Problems ?,Neurological,"Balance problems can be caused by several factors including neurological conditions such as Parkinson's disease or multiple sclerosis, certain types of arthritis, vestibular disorders due to an inner ear problem like benign paroxysmal positional vertigo (BPPV), and issues related to vision or hearing. Balance problems can lead to falls, which increase the risk of fractures and injuries. Treatments may include medications, physical therapy, or surgical procedures depending on the underlying cause. Regular exercise and maintaining a healthy lifestyle, such as avoiding sedentary behavior, are important in preventing balance problems. It is recommended to consult a healthcare provider for accurate diagnosis and treatment guidance."
0.603002150853475,0.6315709352493286,0.44588003555933636,0.5370596051216125,0.39697517951329553,0.3610385032224437,0.8634158741936993,0.944215261351308,0.3333333333333333,0.5370596051216125,0.39728844165802,0.7267495393753052,0.26380368098159507,0.043209876543209874,0.15950920245398773,0.8156036734580994,0.8132202625274658,0.8144101500511169,146,0.8202247191011236,0.16666666666666666,0.3945155922662128,-0.06281179189682007,5,1,1,0,0,0,What is (are) Kidney Dysplasia ?,Kidney/Renal,"Kidney dysplasia is a term used to describe various conditions affecting the kidneys. It encompasses several types of abnormalities that affect the function and structure of the kidneys. Here's a brief overview:

1. **Cystic Hydronephrosis:** This condition is characterized by the presence of multiple small cysts within one kidney or both kidneys. The cysts contain fluid and can obstruct normal urine flow, leading to increased pressure on the kidney tissue. This condition often requires surgical intervention to relieve symptoms.
2. **Hypertrophic Renal Hypertrophy:** A common type of renal hypertrophy, where the kidney grows larger than normal due to excessive growth of the renal cortex. This condition usually results from an underlying genetic defect, such as PKD or PGN, and can be associated with hypertension and other health issues.
3. **Epidemiological Studies:** These studies have suggested a possible association between polycystic kidney disease (PKD) and kidney dysplasia."
0.47238465150197345,0.4886671006679535,0.36549296975135803,0.4548186659812927,0.47346695264180505,0.6163297407844753,1.4630279874253682,0.938727521144837,0.0,0.4548186659812927,0.7727453708648682,0.7468828558921814,0.29166666666666663,0.04225352112676056,0.15277777777777776,0.8533504009246826,0.8760706186294556,0.8645612597465515,96,2.1333333333333333,0.4583333333333333,0.4129346966743469,0.1909351646900177,3,0,1,0,0,1,What are the treatments for Prostate Cancer ?,Unrelated,"Prostate cancer is typically treated by surgery, radiation therapy, or a combination of both. Surgery involves removing the prostate gland, which is the part of the male reproductive system responsible for producing sperm. Radiation therapy uses high-energy radiation to destroy cancerous cells. In some cases, a combination of surgery and radiation may be used. It's important to discuss the specific options with a healthcare provider who specializes in urology to determine the most appropriate course of treatment based on factors such as the stage of the cancer, the patient's overall health, and any potential side effects."
0.6590668559074402,0.6940822601318359,0.6404881676038107,0.7443791031837463,0.2780334949493408,0.15286404737417852,0.1651253247296376,0.9542232338166768,1.0,0.7443791031837463,0.7698397636413574,0.7742322683334351,0.40336134453781514,0.07627118644067796,0.19327731092436978,0.8747410774230957,0.8616546392440796,0.8681485056877136,105,0.8203125,0.3157894736842105,0.5226760149002075,0.25852304697036743,2,1,1,0,0,0,What is (are) Tendinitis ?,Musculoskeletal,"Tendinitis is a condition characterized by inflammation of the thick fibrous cords that connect muscle to bone. It primarily affects the tendons and can lead to pain and tenderness at the site of the inflammation, often located just outside a joint. This condition is typically associated with repetitive motion-related activities and injuries, and it is more prevalent in individuals who engage in manual labor or have arthritic conditions. Over time, tendinitis may progress to chronic inflammation, leading to further complications such as tendon tears or permanent damage. Treatment options include rest, physical therapy, and medication to manage symptoms and prevent further progression of the disease."
0.6791965762774149,0.7100195288658142,0.44639485081036884,0.45175397396087646,0.20941730340321862,-0.0033465533364177608,-0.003114903283899321,0.99355602841473,0.0,0.45175397396087646,0.8302255272865295,0.7311406135559082,0.2485207100591716,0.07354685646500594,0.11597633136094675,0.8543063998222351,0.8136880397796631,0.8335025906562805,146,0.20916905444126074,0.46,0.19813938266955888,-0.1018466204404831,12,1,1,0,0,0,How to diagnose Gallstones ?,Gastrointestinal,"To diagnose gallstones, healthcare providers often perform the following tests:

1. **Physical Examination**: A healthcare provider will examine your stomach area for any changes or abnormalities.
2. **Blood Tests**: Blood tests can measure the levels of certain substances in your blood, which might indicate whether you have high cholesterol levels, which are known to be associated with the formation of gallstones.
3. **Ultrasound Scan**: An ultrasound scan uses sound waves to create images of internal organs. This test helps in identifying the presence and location of gallstones by imaging the gallbladder.
4. **CT Scan**: CT scans provide detailed images of internal structures including gallbladders, showing how they look from different angles.
5. **Bile Duct Imaging**: This involves using a dye that can show up on x-rays or other imaging tests to help doctors visualize the bile ducts and gallbladder.
6. **Endoscopic Retrograde Cholangiopancreatography (ERCP)**: This procedure"
0.7245509425799052,0.7613369226455688,0.3933191994825999,0.4335114657878876,0.2575031518936157,0.10424313427011767,0.12237378868443113,0.9607002836430664,0.0,0.4335114657878876,0.26224061846733093,0.559405505657196,0.24705882352941178,0.04142011834319527,0.15294117647058827,0.8173998594284058,0.809249222278595,0.81330406665802,152,0.8306010928961749,0.09375,0.5008057334593364,0.13015158474445343,3,1,1,0,0,0,What is (are) Parkinson's Disease ?,Neurological,"Parkinson's disease is a progressive neurodegenerative disorder that affects the nervous system and results from the loss of dopamine-producing neurons in the brain's substantia nigra. The exact causes of Parkinson's disease are not entirely understood, but some risk factors include:

- Age: Parkinson's disease typically appears after age 50.
- Genetic predisposition: Individuals with a family history of Parkinson's disease may be at higher risk.
- Exposure to certain chemicals: Certain environmental exposures, such as pesticides or lead exposure, have been linked to an increased risk of developing Parkinson's disease.
- Brain injuries: Chronic traumatic encephalopathy (CTE), a type of brain injury, has been associated with an increased risk of Parkinson's disease.
- Lifestyle factors: Smoking, high blood pressure, diabetes, obesity, and physical inactivity have all been linked to an increased risk of Parkinson's disease.
- Environmental factors: Exposure to pollutants, heavy metals, and industrial toxins has been studied as potential risk"
0.7035178740819296,0.7377468943595886,0.7180231213569641,0.750005841255188,0.23357892036437988,0.16889013591745117,0.2074020939287965,0.98327407664755,1.0,0.750005841255188,0.6927132606506348,0.7618698477745056,0.28378378378378377,0.0821917808219178,0.17567567567567566,0.8410580158233643,0.8691374063491821,0.8548672199249268,107,2.675,0.2857142857142857,0.5192058145999908,0.26461541652679443,2,1,1,0,0,0,What is (are) Lung Cancer ?,Respiratory,"Lung cancer is a type of cancer that affects the lungs. It is caused by mutations in the genes that control cell division, which leads to uncontrolled cell growth and proliferation. This process results in the formation of tumors within the lungs, which can eventually lead to the destruction of surrounding healthy tissues and the spread of cancer cells to other parts of the body. Treatment options for lung cancer may include surgery, radiation therapy, chemotherapy, or targeted therapies based on the specific genetic profile of the individual. Early detection and treatment through regular screenings and prompt response to symptoms are crucial in managing lung cancer effectively."
0.6218137741088867,0.6330852508544922,0.6249191562334696,0.6688520908355713,0.18779844045639038,0.38466825654233167,0.5621308387709285,1.0,1.0,0.6688520908355713,0.792953372001648,0.7499725222587585,0.19999999999999998,0.07246376811594203,0.1036144578313253,0.8467246294021606,0.7801576852798462,0.8120793104171753,122,0.17256011315417255,0.4,0.4140412559111913,0.28905314207077026,4,1,1,0,0,0,"What is (are) Diabetes, Heart Disease, and Stroke ?",Cardiovascular,"Diabetes is a metabolic disorder where the body has trouble producing or responding properly to insulin, a hormone that helps regulate blood sugar levels. It can lead to complications like peripheral neuropathy, kidney disease, eye problems, and nerve damage.

Heart disease refers to any disease or condition involving the heart. It includes several conditions like atherosclerosis, valvular heart disease, myocardial infarction, hypertrophic cardiomyopathy, arrhythmias, congestive heart failure, and others.

Stroke is a type of brain injury caused by a lack of blood flow to the brain due to an obstruction in one of the blood vessels supplying blood to the brain. It can result from a variety of causes including high blood pressure, smoking, diabetes, alcohol use, obesity, high cholesterol, and others."
0.3496738175551097,0.4066888988018036,0.3146310995022456,0.3939337432384491,0.47040531039237976,0.041501498410774454,0.06436028777373237,1.0,0.0,0.3939337432384491,0.4667734205722809,0.6560022234916687,0.17543859649122806,0.011834319526627219,0.09356725146198831,0.8444041013717651,0.8305678367614746,0.8374288082122803,86,1.048780487804878,0.13636363636363635,0.39217715710401535,0.3050099015235901,4,1,1,0,0,0,How to prevent Balance Problems ?,Neurological,"To prevent balance problems, it's important to maintain good physical health through regular exercise, especially those that focus on strengthening core muscles and improving coordination. Additionally, practicing yoga or tai chi, which emphasize mindfulness and balance, can be beneficial. It's also recommended to avoid alcohol consumption and excessive smoking as they can impair blood flow and increase the risk of falls. Lastly, consulting with a healthcare professional is crucial for identifying underlying conditions that may contribute to balance issues, such as diabetes, arthritis, or neurological disorders."
0.615483820438385,0.6610974073410034,0.5033601522445679,0.5937711596488953,0.22768952449162805,0.3964361006947592,0.5799190333347974,0.9968684911072624,0.3333333333333333,0.5937711596488953,0.8360977172851562,0.8030457496643066,0.3333333333333333,0.025,0.18518518518518523,0.85976243019104,0.841508150100708,0.8505373597145081,85,1.118421052631579,0.08,0.5963667631149292,0.5307143926620483,0,1,1,0,0,0,Is Lupus inherited ?,Musculoskeletal,"Yes, it is believed that lupus is an inherited condition. While there is no single gene that causes lupus, genetic factors play a significant role in triggering the development of the disease. Individuals who have relatives who have been diagnosed with lupus are more likely to develop the condition themselves. Additionally, environmental triggers such as infections or certain medications may also contribute to the onset of lupus. Therefore, understanding the underlying genetic and environmental factors associated with lupus is crucial in managing the disease effectively."
0.3255263368288676,0.3565985858440399,0.29172050952911377,0.31307244300842285,0.6962993393341701,0.5795344360604004,0.8581090862447659,1.0,0.0,0.31307244300842285,0.5124611854553223,0.7212737798690796,0.23487544483985767,0.04285714285714286,0.11743772241992884,0.8262786269187927,0.7685056924819946,0.7963457107543945,165,0.4177215189873418,0.2558139534883721,0.3122031055390835,0.22607022523880005,8,0,1,0,0,1,what research (or clinical trials) is being done for Prostate Cancer ?,Unrelated,"Prostate cancer research typically focuses on understanding the molecular mechanisms underlying the development and progression of prostate tumors. This can involve studying genes and proteins involved in cell growth and signaling pathways, as well as exploring new therapies based on advances in genomics and precision medicine approaches.

Some specific areas of research that might be targeted towards prostate cancer could include:

- **Genetic and molecular profiling**: Analyzing mutations, copy number variations, and epigenetic modifications within prostate tumor cells.
- **Targeted therapy**: Developing drugs that specifically target key molecules such as androgen receptors or metabolic pathways in prostate cancer.
- **Advancements in immunotherapy**: Using antibodies or other agents to stimulate the immune system to recognize and attack prostate cancer cells more effectively.
- **Radiation therapy and surgery**: Exploring ways to enhance the effectiveness of radiation or surgical procedures in treating prostate cancer.
- **Combined therapy**: Combining multiple therapeutic strategies to maximize their impact on prostate cancer.

These studies often rely on advanced technologies like next-generation sequencing"
0.7307958006858826,0.7624760866165161,0.6386370857556661,0.6614550352096558,0.18917032082875573,0.09715915758438992,0.11159521581098326,0.9973425207143207,1.0,0.6614550352096558,0.7107481360435486,0.7711517810821533,0.34848484848484845,0.06106870229007632,0.16666666666666669,0.8672648072242737,0.8091486692428589,0.837199330329895,94,0.5465116279069767,0.38461538461538464,0.6219621300697327,0.24577999114990234,1,1,1,0,0,0,What is (are) Kidney Cancer ?,Kidney/Renal,"Kidney cancer is a type of cancer that starts in the kidneys, which are bean-shaped organs located behind the abdominal organs. There are several different types of kidney cancer, including renal cell carcinoma, Wilms tumor, and other less common types. Symptoms and causes of kidney cancer vary depending on the specific type, but generally include pain or discomfort in the abdomen, blood in urine, or other signs of infection or inflammation. Treatment options typically involve surgery, chemotherapy, radiation therapy, or a combination of these methods based on the type and stage of the cancer."
0.7704418500264486,0.7881370186805725,0.6017881035804749,0.6496262550354004,0.1672269503275553,0.14224658219205613,0.16436274334222964,0.9690597726044629,1.0,0.6496262550354004,0.7131107449531555,0.6575216054916382,0.2508038585209003,0.06472491909385114,0.11575562700964631,0.8126248717308044,0.823894202709198,0.8182207345962524,124,0.6888888888888889,0.39285714285714285,0.3660376565530896,-0.07047893106937408,6,1,1,0,0,0,What is (are) Chronic Kidney Disease ?,Kidney/Renal,"Chronic kidney disease (CKD) refers to a group of conditions where the kidneys lose their ability to function properly over time. This results in decreased filtration capacity and increased waste accumulation in the bloodstream, leading to various health complications if left untreated. CKD is typically classified into four stages based on the severity of kidney damage:

1. Stage 1 - Mild renal impairment, characterized by mild changes in blood pressure, proteinuria (<300 mg/day), albuminuria (<2 g/24 hours), and a low GFR (<90 mL/min/1.73 m²).
2. Stage 2 - Moderate renal impairment, marked by higher blood pressure (>140 mmHg systolic), proteinuria >300 mg/day, albuminuria ≥2 g/24 hours, and GFR <60 mL/min/1.73 m².
3. Stage 3 - Severe renal impairment, associated with high blood pressure (>1"
0.34249643484751385,0.41747209429740906,0.23510252932707468,0.24645349383354187,0.7699922025203705,0.24845944063943404,0.6270500140933544,1.0,0.0,0.24645349383354187,0.7335950136184692,0.7662656903266907,0.25766871165644173,0.012422360248447204,0.11042944785276072,0.8751827478408813,0.8038814067840576,0.8380181789398193,49,0.4375,0.18181818181818182,0.3646214505036672,0.24366527795791626,3,1,1,0,0,0,How to prevent Hemochromatosis ?,Endocrine/Metabolic,"Hemochromatosis is caused by a genetic mutation that leads to the accumulation of iron in the body. To prevent hemochromatosis, one should avoid high-iron diets, limit alcohol consumption, and seek medical attention if symptoms occur. Regular monitoring is also important to detect and manage any complications associated with hemochromatosis."
0.6943476398785909,0.7043895721435547,0.5647419691085815,0.5843691825866699,0.25615141789118445,0.4030930712853747,0.8691518853988692,0.9830935145840037,1.0,0.5843691825866699,0.48038387298583984,0.6831808090209961,0.28235294117647053,0.03571428571428571,0.1176470588235294,0.8506326079368591,0.8611569404602051,0.8558623790740967,85,1.0365853658536586,0.22727272727272727,0.5442501679062843,0.3322477638721466,1,1,1,0,0,0,What is the outlook for Parkinson's Disease ?,Neurological,"The prognosis for Parkinson's disease depends on several factors such as age at diagnosis, severity of symptoms, response to treatment, and individual health conditions. Early detection and appropriate management of symptoms can improve quality of life and reduce the likelihood of complications associated with the condition. However, it is important to note that Parkinson's disease cannot be cured, and the disease progresses over time, affecting motor functions and cognitive abilities. Regular monitoring and ongoing care by healthcare professionals remain crucial for individuals with Parkinson's disease."
0.6923439105351766,0.7087218761444092,0.7025900880495707,0.7253479957580566,0.194465716679891,0.09897617501224769,0.4322519718022082,0.9998927993452773,1.0,0.7253479957580566,0.7716343998908997,0.7922754287719727,0.25,0.054237288135593226,0.13175675675675677,0.8637360334396362,0.8089070320129395,0.8354228734970093,128,0.2740899357601713,0.24,0.606446698307991,0.3985172510147095,2,1,1,0,0,0,What are the symptoms of Rheumatoid Arthritis ?,Musculoskeletal,"The symptoms of rheumatoid arthritis typically include painful, warm, swollen joints, joint stiffness that is worst in the morning and after periods of rest, fatigue, fever, and a lack of appetite. These symptoms may start in a few joints and gradually spread to more joints. The disease may affect only a few joints initially, but as it progresses, it usually involves the small joints of the hands and feet. The most common areas affected are the wrists, elbows, hips, knees, and ankles. In some cases, symptoms can affect other parts of the body such as the skin, nerve tissues, and even bone tissue. While the symptoms of rheumatoid arthritis may vary in severity and frequency, over time, they can lead to joint deformities and difficulty performing daily activities."
0.47238465150197345,0.4886671006679535,0.36361806591351825,0.4777439534664154,0.47346695264180505,0.6163297407844753,1.4630279874253682,0.8855427261743591,0.0,0.4777439534664154,0.674405574798584,0.775881826877594,0.3255813953488372,0.07511737089201878,0.17674418604651165,0.8289321660995483,0.8671343326568604,0.8476030230522156,146,2.212121212121212,0.5238095238095238,0.1931644686846994,-0.06950826942920685,16,0,1,0,0,1,What are the treatments for Prostate Cancer ?,Unrelated,"Prostate cancer is treated based on several factors such as the stage of the cancer, location, size, and type. Treatment options typically include:

1. **Radiation Therapy**: This involves exposing the prostate gland to high-energy rays or beams to destroy cancer cells.
2. **Chemotherapy**: Using drugs that target cancer cells without harming healthy tissues. It's commonly used after surgery but can also be part of initial treatment.
3. **Hormonal Therapy**: Prescribing hormones like testosterone blockers to slow the growth of the cancer.
4. **Biological Therapies**: These involve using substances that can attack cancer cells directly.
5. **Surgery**: Depending on the cancer’s stage, a surgeon might remove part of the prostate gland or even perform a radical prostatectomy (removal of the entire prostate).
6. **Clinical Trials**: Participating in ongoing research studies can provide access to experimental therapies not yet approved by regulatory agencies.
7. **Medication Management**: Including supplements,"
0.5917973717053732,0.6011310815811157,0.597831130027771,0.6041318774223328,0.2649269104003906,0.2701461317896657,0.76324547404383,0.9987898172460112,1.0,0.6041318774223328,0.6820160150527954,0.7520811557769775,0.28787878787878785,0.03816793893129771,0.18181818181818182,0.847139835357666,0.8420364856719971,0.8445804119110107,144,1.2413793103448276,0.28,0.33202131245551364,0.014004950411617756,11,1,1,0,0,0,What are the treatments for Stroke ?,Cardiovascular,"There are several types of treatments available for stroke, including:

1. Emergency Medical Treatment: Immediate medical attention is crucial. It reduces brain damage and other stroke complications.
2. Neurological Rehabilitation: Rehabilitation therapy helps patients recover function lost due to a stroke. Physical, occupational, and speech therapists work together to improve mobility, strength, and communication skills.
3. Medications: Certain medications can help manage symptoms such as headaches, dizziness, and seizures associated with strokes.
4. Support Services: Counseling, social support groups, and home health aides can provide emotional and practical assistance.
5. Lifestyle Changes: Following a healthy diet rich in fruits, vegetables, whole grains, and lean proteins, exercising regularly, maintaining a healthy weight, and reducing stress can lower the risk of future strokes.

It's essential to seek immediate medical care if you suspect you or someone else has suffered a stroke. Early intervention significantly improves outcomes."
0.5497180620829264,0.5674352645874023,0.5442230105400085,0.5993976593017578,0.29218741257985437,0.4993250543240129,0.6575965049680704,0.9403751165707984,0.6666666666666666,0.5993976593017578,0.7127023339271545,0.712780773639679,0.3551401869158879,0.05642633228840125,0.1806853582554517,0.830085277557373,0.831734299659729,0.8309089541435242,151,0.9320987654320988,0.3225806451612903,0.2757267471558104,0.0013429690152406693,9,1,1,0,0,0,what research (or clinical trials) is being done for Alzheimer's Disease ?,Neurological,"There are numerous ongoing research efforts aimed at understanding the underlying mechanisms of Alzheimer's disease and developing treatments for this progressive neurodegenerative disorder. Some key areas of focus include:

1. **Genetic Studies**: Researchers are exploring genetic factors that contribute to Alzheimer's disease. This includes looking at specific genes linked to the disease, as well as identifying new genetic variants that may play a role.

2. **Preclinical Models**: The development of preclinical models that recapitulate the pathology seen in human Alzheimer's disease is crucial. These models can help researchers understand the progression of the disease and identify potential targets for intervention.

3. **Alzheimer's Disease Therapeutics**: There are various approaches under investigation to treat Alzheimer's disease, including pharmacological interventions, non-pharmacological therapies, and gene therapy. These include medications designed to prevent or slow down the progression of the disease, as well as treatments targeting specific biomarkers like beta-amyloid and tau proteins.

4. **Biotechnology**: Research"
0.652922530968984,0.6605017781257629,0.7522439360618591,0.7964737415313721,0.1900618076324463,0.27131796080424697,0.7609148641518549,0.9829750713296661,1.0,0.7964737415313721,0.7235990762710571,0.7485106587409973,0.1790281329923274,0.005141388174807198,0.10741687979539644,0.8386145830154419,0.7885680198669434,0.8128216862678528,96,0.31788079470198677,0.22916666666666666,0.4585370421409607,0.2983928620815277,3,1,1,0,0,0,What is (are) Osteoporosis ?,Musculoskeletal,"Osteoporosis is a disease characterized by low bone density and fragility of bones, leading to an increased risk of fractures. It can affect people of all races but is most common in postmenopausal women and older men. The condition is primarily caused by hormonal changes during aging and can be exacerbated by certain medications like corticosteroids or long-term use of certain medicines. Other factors contributing to its development include smoking, alcohol consumption, low physical activity, obesity, and some eating disorders. Regular exercise, a balanced diet, and taking appropriate medication may help mitigate the effects of osteoporosis."
0.5722708503405253,0.5810369253158569,0.6110392610232035,0.6219738125801086,0.24409711360931396,0.6891230987408065,1.3148784397132152,0.9944658896975143,1.0,0.6219738125801086,0.7032804489135742,0.7347582578659058,0.2769230769230769,0.023255813953488372,0.15384615384615385,0.8720872402191162,0.8411270380020142,0.8563274145126343,106,0.6708860759493671,0.3,0.532688669860363,0.46296849846839905,2,1,1,0,0,0,what research (or clinical trials) is being done for Osteoporosis ?,Endocrine/Metabolic,"There are several ongoing clinical trials investigating various aspects of osteoporosis treatment and prevention. Some of these studies focus on identifying new drugs or therapies that can improve bone density and decrease fracture risk, while others examine lifestyle interventions, nutrition strategies, and surgical techniques that may be beneficial for patients with osteoporosis. Additionally, some trials aim to develop better imaging tools for early detection of osteoporotic fractures and to study potential new biomarkers that could predict which patients are most likely to benefit from specific treatments. Overall, there is a substantial effort going into understanding the biology underlying osteoporosis and developing personalized approaches to its management."
0.7102193633715311,0.7348896265029907,0.7897531787554423,0.8648484945297241,0.2578204472859701,0.1729177960592864,0.20648786891934634,0.9878020214696348,1.0,0.8648484945297241,0.8705530166625977,0.8439204692840576,0.48868778280542985,0.19178082191780824,0.27149321266968324,0.9121847152709961,0.885837972164154,0.8988182544708252,97,0.7886178861788617,0.5833333333333334,0.6376758337020874,0.5207058191299438,0,1,1,0,0,0,What is (are) Psoriatic Arthritis ?,Musculoskeletal,"Psoriatic arthritis is a chronic autoimmune disease that affects various parts of the body, including the joints. It occurs in people with psoriasis, which is a skin condition characterized by red, scaly patches. Psoriatic arthritis involves inflammation and damage to the joints, leading to pain, stiffness, and swelling. This disease typically affects multiple joints but can also affect other parts of the body, such as the hands, feet, knees, hips, and spine. Although there is currently no cure for psoriatic arthritis, treatments can help manage symptoms, prevent further joint damage, and improve mobility and quality of life."
0.589029868443807,0.5933367609977722,0.5765982270240784,0.6116412281990051,0.3229212760925293,0.7976124158529684,1.4449641186388038,0.9623027321398708,1.0,0.6116412281990051,0.7896332144737244,0.801673173904419,0.2546972860125261,0.05450733752620545,0.1419624217118998,0.8444470763206482,0.8233575224876404,0.8337689638137817,158,0.5080385852090032,0.3333333333333333,0.21830225108485474,-0.0470714196562767,18,1,1,0,0,0,What are the treatments for Lung Cancer ?,Respiratory,"The treatments for lung cancer can vary based on several factors such as the stage of the cancer, the location of the tumor, and personal health status. Here are some common treatment options:

1. Surgery: This involves removing tumors from the lungs.
2. Chemotherapy: This uses drugs to kill cancerous cells. It's usually given orally or through injections.
3. Radiation therapy: This uses high-energy radiation to destroy cancer cells. It's typically used after surgery or chemotherapy.
4. Targeted therapy: This targets specific genes or proteins involved in cancer growth. It's often used in combination with chemotherapy.
5. Immunotherapy: This boosts the immune system's ability to fight cancer cells. It's usually given in combination with chemotherapy or targeted therapy.
6. Supportive care: This includes managing side effects like pain, fatigue, and loss of appetite. It might also involve hospice care to improve quality of life.

It's important to note that these treatments are intended to slow down or stop"
0.6485724647839864,0.6832988858222961,0.7056342363357544,0.7658740878105164,0.27888556321462,0.5666297216387286,0.8207217165605649,0.9844053504849862,1.0,0.7658740878105164,0.7958372235298157,0.8329758644104004,0.19,0.0808080808080808,0.16,0.8632669448852539,0.7631416916847229,0.8101223707199097,28,0.16374269005847952,0.2765957446808511,0.44403089086214703,0.33594274520874023,4,1,1,0,0,0,What are the symptoms of Bronchitis ?,Respiratory,"The symptoms of bronchitis include:

1. Sore throat
2. Mild headache and body aches
3. Slight fever and chills
4. Chest discomfort
5. Shortness of breath and wheezing"
0.7643499970436096,0.7763227224349976,0.699077308177948,0.7739598751068115,0.18493692080179847,0.08224681598933965,0.09767855997119722,0.9473087446324928,1.0,0.7739598751068115,0.8350403308868408,0.8285747766494751,0.15079365079365079,0.0636604774535809,0.07936507936507936,0.8812476396560669,0.7835509777069092,0.8295327425003052,74,0.11246200607902736,0.24489795918367346,0.4680000568429629,-0.09812365472316742,2,1,1,0,0,0,What causes Cushing's Syndrome ?,Endocrine/Metabolic,"Cushing's Syndrome is primarily caused by either:

1. Having too much cortisol in the body due to an overproduction of this hormone (primary).
2. Taking glucocorticoid medicines (such as prednisone or dexamethasone) which mimic the effects of cortisol.

The first condition, primary Cushing's Syndrome, occurs when the adrenal glands produce more cortisol than they should. The second condition arises when individuals take drugs like corticosteroids to manage conditions like rheumatoid arthritis, lupus, and asthma."
0.6400507291158041,0.6710646152496338,0.6547248760859171,0.68439781665802,0.20284463961919152,0.2666942348042454,0.6147911916771112,0.9718711771841515,1.0,0.68439781665802,0.6931173801422119,0.6918831467628479,0.23008849557522124,0.08902077151335311,0.1533923303834808,0.8334235548973083,0.7244958877563477,0.7751516103744507,78,0.29770992366412213,0.2564102564102564,0.42315647602081297,0.2017223834991455,3,1,1,0,0,0,What is (are) Lung Cancer ?,Respiratory,"Lung cancer is a type of cancer that affects the lungs, which are responsible for breathing. It is one of the most common types of cancer worldwide. The exact cause of lung cancer is not known, but smoking is one of the main risk factors. Other risk factors include exposure to secondhand smoke, air pollution, and occupational exposures to certain chemicals. The disease can be caused by various factors such as asbestos exposure, radiation, genetic predisposition, and inflammation."
0.44333000977834064,0.4870215654373169,0.3039058446884155,0.31879591941833496,0.48578619956970215,0.04182295014215757,0.07376301163709734,0.9803490806527901,0.0,0.31879591941833496,0.6764919757843018,0.6660670042037964,0.07659574468085108,0.008583690987124462,0.0425531914893617,0.8003940582275391,0.7243078947067261,0.7604525685310364,143,2.234375,0.16216216216216217,0.27756955921649934,0.21244430541992188,5,0,1,0,0,1,What is (are) Age-related Macular Degeneration ?,Unrelated,"Age-related macular degeneration (AMD) is a type of eye disease that affects the macula, which is the part of the retina responsible for central vision. AMD typically causes blurred central vision as well as night blindness, but it can also cause other visual problems such as double vision, difficulty reading fine print, and difficulty seeing objects far away. The exact cause of AMD is not yet fully understood, but it is believed to be caused by damage to the retinal pigment epithelium cells, which line the back wall of the eye and protect the retina from damage. Treatment options for AMD include wearing protective eyewear, taking supplements like lutein and zeaxanthin, and considering laser therapy or surgical procedures in severe cases. It's important to note that early detection and proper management of AMD can significantly improve the quality of life for those affected."
0.6257326205571493,0.6326602101325989,0.7877016464869181,0.8151113986968994,0.18338970343271888,0.01453968321356649,0.016878066982124525,0.9925920833951621,1.0,0.8151113986968994,0.7161838412284851,0.7280534505844116,0.3110151187904968,0.0737527114967462,0.12526997840172785,0.8385576009750366,0.830887496471405,0.8347049355506897,153,0.48264984227129337,0.35714285714285715,0.4473277841295515,0.25524675846099854,4,1,1,0,0,0,What to do for Celiac Disease ?,Gastrointestinal,"For individuals with Celiac disease, it's important to follow a strict gluten-free diet. This means avoiding all foods containing wheat, barley, rye, and oats, which contain the protein called gliadin. It's crucial to stay on this diet for at least 2 years or until symptoms improve, depending on the severity of the condition.
If these measures aren't enough to control symptoms, there are other options:
- **Gluten-free diet:** Even though some researchers believe that a gluten-free diet can prevent the progression of celiac disease over time, others think it might only reduce symptoms temporarily. Gluten-free diets are generally recommended as part of treatment plans but should never be considered the cure for celiac disease.
- **Medication:** In severe cases where other treatments haven’t worked, doctors might prescribe medications such as immunosuppressants (which can suppress the immune system) to help prevent damage to the small intestine.
- **Lactose Intolerance:** Some individuals who suffer from"
0.7031611998875936,0.7178362011909485,0.6873703598976135,0.7355320453643799,0.21325121323267615,0.15401595770601556,0.1950898632157484,0.9958814896978798,1.0,0.7355320453643799,0.6806687116622925,0.8204489350318909,0.1971830985915493,0.057971014492753624,0.11267605633802816,0.8362447023391724,0.8682287335395813,0.8519366383552551,40,1.4285714285714286,0.14285714285714285,0.14414228424429892,-0.07617377489805222,8,1,1,0,0,0,Who is at risk for Osteoporosis? ?,Endocrine/Metabolic,"People who have a high risk for osteoporosis include those who are:

1. Sex-assigned at birth.
2. Older adults (ages 60-84).
3. White or Asian-descent individuals.
4. Have a family history of osteoporosis.
5. Are of small body frame size."
0.42560191949208576,0.46914708614349365,0.37526337305704754,0.3910600244998932,0.3017946481704712,0.01698638196538832,0.019860208620886954,1.0,0.0,0.3910600244998932,0.5401096343994141,0.7855870723724365,0.31654676258992803,0.072992700729927,0.17266187050359713,0.8476251363754272,0.8421047329902649,0.8448559045791626,75,1.1538461538461537,0.18518518518518517,0.23703735321760178,0.07750596851110458,5,0,1,0,0,1,What is (are) Prostate Cancer ?,Unrelated,"Prostate cancer is a type of cancer that develops in the prostate gland, which is a small, walnut-like structure found inside the male reproductive system. It is one of the most common types of cancer in men worldwide. Prostate cancer usually affects older men, although younger men can also develop it. It usually begins in cells in the prostate tissue that produce testosterone, the male sex hormone. These cells grow uncontrollably, forming tumors called adenomas."
0.6395680904388428,0.6773175597190857,0.48044632871945697,0.49967676401138306,0.3560730417569479,0.3928916353412612,0.6913053231553603,1.0,0.0,0.49967676401138306,0.7232723236083984,0.7868777513504028,0.23908045977011497,0.10161662817551963,0.17471264367816092,0.8616291284561157,0.838223934173584,0.849765419960022,100,0.3076923076923077,0.20930232558139536,0.5378382682800293,0.34617310762405396,1,1,1,0,0,0,What is (are) Heart Failure ?,Cardiovascular,"Heart Failure is a medical condition characterized by impaired cardiac function resulting in inadequate delivery of oxygenated blood to various organs and tissues of the body. It typically affects the left ventricle of the heart, which pumps blood outwards to the rest of the body. Heart Failure is often accompanied by other conditions such as high blood pressure, coronary artery disease, and heart valve disorders. Its primary cause is usually due to an inability of the heart to contract effectively. Treatment for Heart Failure aims at managing symptoms, improving quality of life, and slowing down progression towards end-stage organ failure."
0.6966282924016317,0.7125958204269409,0.7179643710454305,0.7417332530021667,0.2794475158055624,0.1841827944444431,0.21432983159330876,0.9800608613572537,1.0,0.7417332530021667,0.8336585760116577,0.7510043382644653,0.3050847457627119,0.07692307692307693,0.13559322033898302,0.8282833099365234,0.8388107419013977,0.8335138559341431,147,1.6704545454545454,0.38095238095238093,0.31370422585556906,-0.04773232340812683,8,1,1,0,0,0,What is (are) Kidney Disease ?,Kidney/Renal,"Kidney disease can refer to a broad range of disorders that affect the functioning of the kidneys, which are responsible for filtering waste products and excess fluid from the body. Common types of kidney disease include:

1. Acute Kidney Injury (AKI): This occurs suddenly and usually resolves within days or weeks. It is often caused by acute stress or injury.
2. Chronic Kidney Disease (CKD): Also known as end-stage renal disease (ESRD), CKD refers to a long-term condition where the kidneys cannot filter waste products properly due to a variety of factors such as high blood pressure, diabetes, glomerular disease, and aging.
3. Nephrotic Syndrome: This is characterized by proteinuria, low blood pressure, and swelling in the legs.
4. Renal Cell Carcinoma: Caused by mutations in genes involved in cell growth and division.
5. Focal Segmental Glomerulosclerosis: This condition is characterized by small areas of thickened tissue"
0.608507513999939,0.6605328917503357,0.5879773696263632,0.6436415910720825,0.3322679400444031,0.04288446648703056,0.04975807439933308,0.9920751102835758,1.0,0.6436415910720825,0.6667724847793579,0.7378267645835876,0.13372093023255816,0.005847953216374269,0.0872093023255814,0.8360422849655151,0.7900078296661377,0.8123734593391418,70,0.24822695035460993,0.07894736842105263,0.4254472851753235,0.2138344645500183,2,1,1,0,0,0,What to do for Gallstones ?,Gastrointestinal,"If someone is diagnosed with gallstones, they should work towards achieving a healthy weight through a balanced diet, regular exercise, and gradually losing weight if necessary. They should also incorporate more fiber-rich foods into their diet and maintain a healthy weight. Additionally, it's important to consider seeking professional guidance, such as from a healthcare provider, to determine the most appropriate course of action based on individual health needs and circumstances."
0.6931841770807902,0.7263491749763489,0.7448620001475016,0.8394920825958252,0.2467831174532572,0.600298406873983,0.9969926438284117,0.9713840528461466,1.0,0.8394920825958252,0.8049623966217041,0.7879979014396667,0.21972534332084898,0.0525657071339174,0.1223470661672909,0.846218466758728,0.7590349316596985,0.8002591133117676,146,0.23510466988727857,0.4489795918367347,0.17813046616704567,-0.1187877282500267,21,1,1,0,0,0,What are the symptoms of Cystic Fibrosis ?,Respiratory,"The symptoms of Cystic Fibrosis (CF) include:

1. Persistent cough that is difficult to control.
2. Thick, green-colored mucus in the nose, throat, and lungs.
3. Weight loss despite eating well.
4. Fatigue or weakness.
5. Frequent infections.
6. Shortness of breath.
7. Stomach pain and bloating.
8. Changes in skin appearance, including scarring and rough patches.
9. Increased need for fluid intake.
10. Changes in hair texture and color.

These symptoms can vary in severity from person to person and may worsen over time. It's important to seek medical attention immediately if experiencing any of these symptoms, particularly if there is a history of recurrent lung infections or if the cough becomes worse or more frequent. Additionally, parents should watch for signs of dehydration, which can be caused by increased sweating due to higher levels of salt in sweat, leading to electrolyte imbalances and dehydration."
0.6596572597821554,0.7092392444610596,0.5390806098779043,0.5797098875045776,0.2111897269884745,0.14026758678281742,0.4950172011646269,0.9862713259185213,0.6666666666666666,0.5797098875045776,0.7104774713516235,0.7393653392791748,0.30638297872340425,0.06837606837606837,0.13617021276595748,0.8411601781845093,0.733708381652832,0.7837685942649841,152,0.48253968253968255,0.425,0.3596084470098669,-0.12631523609161377,4,1,1,0,0,0,What causes High Blood Cholesterol ?,Cardiovascular,"High blood cholesterol can be caused by several factors, including:

1. Genetic predisposition: Certain genetic variations have been associated with an increased risk of developing high blood cholesterol.
2. Lifestyle factors: Smoking, excessive alcohol consumption, poor diet, lack of physical activity, obesity, and prolonged stress are all known to contribute to high blood cholesterol levels.
3. Age: As individuals age, their bodies naturally produce more cholesterol, which can lead to higher levels of this substance in the bloodstream.
4. Use of certain medications: Certain drugs such as statins, used to lower cholesterol levels, can also affect blood lipid profiles.
5. Medical conditions: Conditions like chronic kidney disease, hyperlipidemia (high cholesterol and triglyceride levels), and diabetes mellitus (type 1 and type 2) can increase the risk of developing high blood cholesterol.

Overall, maintaining a healthy lifestyle, managing underlying medical conditions, and avoiding harmful substances can help reduce the risk of high blood cholesterol."
0.6562066674232483,0.6874492764472961,0.5942315459251404,0.7123916745185852,0.2563233176867167,0.5736120930970275,1.3965627205833835,0.9929416929148562,1.0,0.7123916745185852,0.6958849430084229,0.6606536507606506,0.32515337423312884,0.09876543209876541,0.17791411042944785,0.8404130935668945,0.8287762403488159,0.834554135799408,168,1.070063694267516,0.2903225806451613,0.3578785302815959,-0.021533865481615067,7,1,1,0,0,0,Who is at risk for Lung Cancer? ?,Respiratory,"Some risk factors can be controlled, for instance, by quitting smoking. Other factors cannot be controlled, such as your family history. Risk factors for lung cancer include:

1. Number of cigarettes smoked per day - Smoking tobacco is the main risk factor associated with lung cancer.
2. Number of years smoked - The longer someone has smoked, the greater their risk of developing lung cancer.
3. Family history of lung cancer - If a person has a family member with lung cancer, they have an increased risk of developing the disease themselves.
4. Exposure to certain substances or chemicals - Certain industries, occupations, and environmental exposures can increase the risk of lung cancer.
5. Air pollution exposure - Long-term exposure to air pollutants like smog, asbestos, and radon increases the risk of lung cancer.
6. Use of certain medications - Some medications, particularly those containing aspirin, can increase the risk of lung cancer.
7. Age - There is no clear link between age and lung cancer, but some"
0.7363945245742798,0.7793368101119995,0.5140923460324606,0.6236732006072998,0.14768060048421228,0.2363950279952991,0.2681940924567742,0.9668779565860772,0.6666666666666666,0.6236732006072998,0.730129599571228,0.7173231840133667,0.26666666666666666,0.04807692307692308,0.13333333333333333,0.8258916735649109,0.841916561126709,0.8338270783424377,152,2.6206896551724137,0.3888888888888889,0.2652680959839087,-0.14011144638061523,10,1,1,0,0,0,What are the symptoms of Polycystic Kidney Disease ?,Kidney/Renal,"The symptoms of Polycystic Kidney Disease (PKD) can vary widely depending on the severity of the disease and the number and size of cysts present. Some common symptoms may include:

1. **High blood pressure**: One of the most common complications of PKD is hypertension, which can lead to damage to the kidneys if left untreated.
2. **Belly, side, or back pain** due to an enlarged kidney.
3. **Blood in the urine**: This symptom can occur when the bladder has to empty faster than usual, causing small amounts of blood to mix with urine.
4. **A feeling of fullness in the belly**: Enlarged kidneys can put pressure on the abdominal organs, leading to bloating and discomfort.
5. **Increased size of the belly from enlarged kidneys**: As the disease progresses, the kidneys become larger, making the abdomen appear larger.
6. **Kidney stones**: These can form when calcium deposits build up inside the kidneys, causing"
0.6209136843681335,0.6454721093177795,0.6916461984316508,0.7098729014396667,0.22721487283706665,0.3065607868369377,0.8270198120297187,0.991765788420276,1.0,0.7098729014396667,0.9541125297546387,0.7129199504852295,0.40476190476190477,0.1951219512195122,0.3095238095238095,0.9102234244346619,0.9271451234817505,0.9186064004898071,45,1.1538461538461537,0.5333333333333333,0.43666080633799237,0.3345205783843994,2,1,1,0,0,0,What is (are) COPD ?,Respiratory,"Chronic obstructive pulmonary disease (COPD) is an ongoing lung condition caused by damage to the lungs. The damage results in swelling and irritation, also called inflammation, inside the airways that limit airflow into and out of the lungs. This limited airflow is known as obstruction."
